txn_id,timestamp,payer_id,payee_id,amount,direction,hour_of_day,is_out_of_hours,is_first_time_payee,is_high_risk_merchant,prior_txn_count_to_payee,payer_typical_amount,amount_vs_typical_ratio,approval_latency_ms,amount_z,gateway_chosen,outcome,p_success_a_true,p_success_b_true,counterfactual_outcome_other,gateway_latency_ms,failure_reason,is_scam,difficulty_score,approval_latency_z,is_suspiciously_fast_approval,scam_risk_score,verdict,reasons
txn_001935,2025-01-10T08:08:30,payer_00531,payee_00369,800.65,send,8,0.0,1.0,0.0,0,816.12,0.981,9705,-0.0191,A,1,0.7916,0.7973,1,1000,none,0,0.3962,-1.6110326351932187,1,4.352859623796247e-05,pass,"[{'id': 'fast_approval', 'label': 'Approval given suspiciously fast', 'detail': 'The user approved this in under 2 seconds — too fast to read the amount, the payee name, or the direction of the request.'}]"
txn_006494,2025-02-02T14:07:24,payer_00137,payee_02130,182.88,send,14,0.0,0.0,0.0,8,228.33,0.801,11254,-0.2209,A,1,0.9477,0.5116,0,1304,none,0,-0.0442,-0.5750192429244135,0,9.314782405474267e-07,pass,[]
txn_001720,2025-01-09T15:50:26,payer_00605,payee_01464,559.87,send,15,0.0,1.0,0.0,0,259.48,2.158,21928,0.767,B,1,0.4799,0.9326,1,616,none,0,0.5534,0.1041431637324654,0,2.2040563807416243e-06,pass,[]
txn_009120,2025-02-15T19:46:36,payer_01654,payee_00473,425.65,send,19,0.0,1.0,0.0,0,341.19,1.248,16725,0.2206,B,1,0.7115,0.8523,1,2083,none,0,0.4441,-0.019817975894164,0,1.5750720192629953e-06,pass,[]
txn_000360,2025-01-02T10:03:19,payer_01359,payee_02447,417.67,send,10,0.0,1.0,0.0,0,252.36,1.655,12525,0.5023,A,0,0.5977,0.9006,1,13632,network_error,0,0.5005,-0.6081684007452454,0,1.5766312735463112e-06,pass,[]
txn_009663,2025-02-18T12:19:42,payer_01931,payee_04120,1015.14,collect,12,0.0,0.0,0.0,12,1119.95,0.906,967,-0.0982,A,1,0.9356,0.5604,0,697,none,1,-0.0196,-1.5243631041442751,1,0.903290604384128,hard_block,"[{'id': 'fast_approval', 'label': 'Approval given suspiciously fast', 'detail': 'The user approved this in under 2 seconds — too fast to read the amount, the payee name, or the direction of the request.'}]"
txn_005277,2025-01-27T18:34:49,payer_00147,payee_03027,269.51,send,18,0.0,0.0,0.0,10,344.2,0.783,22117,-0.2438,A,1,0.9497,0.5025,1,1237,none,0,-0.0488,-0.1905786431093348,0,1.3323793806442703e-06,pass,[]
txn_008546,2025-02-12T17:47:05,payer_00389,payee_04596,53.31,send,17,0.0,0.0,0.0,7,601.03,0.089,20485,-2.4056,A,1,0.9989,0.0308,0,408,none,0,-0.4811,0.168176325334867,0,2.535221986172173e-07,pass,[]
txn_002221,2025-01-12T15:40:46,payer_00419,payee_02920,42.67,send,15,0.0,1.0,0.0,0,73.02,0.584,25057,-0.5278,B,1,0.9047,0.6354,1,1351,none,0,0.2944,0.4230417561217783,0,1.3677035411576454e-07,pass,[]
txn_004617,2025-01-24T21:19:34,payer_01640,payee_01022,283.33,send,21,1.0,0.0,0.0,1,366.37,0.773,15909,-0.2562,A,1,0.8117,0.7842,1,1224,none,0,0.3488,-0.0614084897062523,0,2.007212031383805e-05,pass,"[{'id': 'odd_hour', 'label': 'Transaction at an unusual hour', 'detail': 'This transaction is happening between 21:00 and 08:00 local time — scammers often call late at night when the victim is tired or distracted.'}]"
txn_003465,2025-01-18T03:46:50,payer_00022,payee_03838,3395.09,collect,3,1.0,1.0,0.0,0,487.99,6.957,3821,1.938,B,1,0.0244,0.997,0,446,none,1,1.0,-0.9461538374523476,0,0.9907577543553379,hard_block,"[{'id': 'collect_first_time', 'label': 'Collect request from a first-time payee', 'detail': ""This transaction is a UPI collect request (the payee is asking you to pay them, not the other way round) AND you've never paid this account before. Refund scammers use this exact pattern.""}, {'id': 'amount_spike', 'label': 'Amount is unusually high for this payer', 'detail': ""This transaction is more than 3x this payer's typical amount. Common in refund scams where the scammer asks for a 'verification' transfer.""}, {'id': 'odd_hour', 'label': 'Transaction at an unusual hour', 'detail': 'This transaction is happening between 21:00 and 08:00 local time — scammers often call late at night when the victim is tired or distracted.'}, {'id': 'high_amount_first_time', 'label': 'High amount + first-time payee combination', 'detail': 'First-time payee + unusually high amount + (collect or QR direction) is the strongest single signal in our historical scam data.'}]"
txn_001408,2025-01-08T15:05:58,payer_00455,payee_02272,947.41,qr,15,0.0,0.0,0.0,12,1147.67,0.826,15220,-0.1916,B,0,0.9451,0.5234,1,29229,network_error,0,-0.0383,-0.9669668356656628,0,4.7881326955565825e-06,pass,[]
txn_000468,2025-01-03T07:02:54,payer_00746,payee_01188,1136.05,send,7,1.0,1.0,0.0,0,932.25,1.219,33651,0.1975,B,1,0.3646,0.9533,0,1524,none,0,0.8395,-0.2238607307119238,0,5.079395465740134e-05,pass,"[{'id': 'odd_hour', 'label': 'Transaction at an unusual hour', 'detail': 'This transaction is happening between 21:00 and 08:00 local time — scammers often call late at night when the victim is tired or distracted.'}]"
txn_001175,2025-01-06T21:42:23,payer_00835,payee_02995,415.71,send,21,1.0,1.0,0.0,0,562.22,0.739,18768,-0.3013,B,1,0.5847,0.9019,0,888,none,0,0.7397,0.1021733550310265,0,1.7148823927383435e-05,pass,"[{'id': 'odd_hour', 'label': 'Transaction at an unusual hour', 'detail': 'This transaction is happening between 21:00 and 08:00 local time — scammers often call late at night when the victim is tired or distracted.'}]"
txn_005224,2025-01-27T16:50:39,payer_00507,payee_00412,1160.38,send,16,0.0,0.0,0.0,7,843.5,1.376,39740,0.3186,A,1,0.8729,0.713,0,393,none,0,0.0637,1.5107096302582557,0,6.900801118489534e-06,pass,[]
txn_008128,2025-02-10T10:43:45,payer_00539,payee_02326,851.46,send,10,0.0,1.0,0.0,0,514.24,1.656,33531,0.5035,A,1,0.5972,0.9008,1,1202,none,0,0.5007,0.4263459665428233,0,3.3435166176673987e-06,pass,[]
txn_000424,2025-01-03T11:53:18,payer_00404,payee_01611,716.05,qr,11,0.0,1.0,0.0,0,743.32,0.963,3416,-0.0373,B,0,0.7969,0.7925,0,13591,declined,0,0.3925,-1.1090003398954424,0,2.6871614742261935e-06,pass,[]
txn_007047,2025-02-05T10:43:30,payer_01872,payee_01000,508.13,qr,10,0.0,0.0,0.0,1,511.07,0.994,19282,-0.0057,B,1,0.9249,0.5965,1,1379,none,0,-0.0011,0.4466925351603945,0,3.279935827886826e-06,pass,[]
txn_002483,2025-01-13T03:49:57,payer_00456,payee_00725,2780.45,qr,3,1.0,1.0,0.0,0,3045.87,0.913,26111,-0.0911,B,1,0.491,0.9279,1,451,none,0,0.7818,0.6401781672607412,0,0.0001287163281037655,pass,"[{'id': 'odd_hour', 'label': 'Transaction at an unusual hour', 'detail': 'This transaction is happening between 21:00 and 08:00 local time — scammers often call late at night when the victim is tired or distracted.'}]"
txn_001825,2025-01-10T11:56:00,payer_01247,payee_00951,320.15,send,11,0.0,1.0,0.0,0,452.8,0.707,12757,-0.3457,A,1,0.8724,0.6999,1,1619,none,0,0.3309,-0.5197715346664958,0,1.134467660651774e-06,pass,[]
txn_010557,2025-02-22T15:37:52,payer_01943,payee_02990,1231.9,send,15,0.0,1.0,0.0,0,940.43,1.31,44602,0.2697,A,0,0.6931,0.8619,1,26733,network_error,0,0.4539,1.3829733650935394,0,4.8515590067519095e-06,pass,[]
txn_001483,2025-01-08T07:06:37,payer_01707,payee_04217,1850.18,qr,7,1.0,1.0,0.0,0,1499.05,1.234,41984,0.2103,B,1,0.3593,0.9542,0,1715,none,0,0.8421,1.152906369947078,0,8.509410717228222e-05,pass,"[{'id': 'odd_hour', 'label': 'Transaction at an unusual hour', 'detail': 'This transaction is happening between 21:00 and 08:00 local time — scammers often call late at night when the victim is tired or distracted.'}]"
txn_009290,2025-02-16T14:23:06,payer_00539,payee_03506,596.66,send,14,0.0,0.0,0.0,6,514.24,1.16,34958,0.1484,A,1,0.9032,0.6542,1,385,none,0,0.0297,0.6385523475182712,0,3.465360532772398e-06,pass,[]
txn_009709,2025-02-18T18:32:20,payer_01334,payee_01039,617.38,qr,18,0.0,0.0,0.0,12,588.85,1.048,32123,0.0472,B,0,0.918,0.6167,1,16150,timeout,0,0.0094,1.0838866192344991,0,3.081576277116609e-06,pass,[]
txn_001650,2025-01-09T11:04:10,payer_00415,payee_02611,671.53,send,11,0.0,0.0,0.0,12,1311.77,0.512,33824,-0.6689,A,1,0.976,0.3385,0,341,none,0,-0.1338,0.4672055761603181,0,3.2759004229545704e-06,pass,[]
txn_009786,2025-02-18T18:42:23,payer_00015,payee_01498,378.06,send,18,0.0,0.0,0.0,5,207.97,1.818,9089,0.5955,A,1,0.8066,0.7946,1,1271,none,0,0.1191,-0.9064879511423024,0,2.2703683925219498e-06,pass,[]
txn_002813,2025-01-15T18:22:39,payer_00537,payee_03877,734.44,qr,18,0.0,0.0,0.0,8,686.73,1.069,19096,0.0671,A,1,0.9152,0.6242,1,1830,none,0,0.0134,-0.5943503227370551,0,4.088680375659872e-06,pass,[]
txn_003704,2025-01-19T20:47:13,payer_00576,payee_03454,138.22,send,20,0.0,1.0,0.0,0,1128.81,0.122,26561,-2.0938,B,1,0.9937,0.1246,1,906,none,0,-0.0188,1.484311132646887,0,4.549472920637796e-07,pass,[]
txn_006118,2025-01-31T20:45:21,payer_00057,payee_01832,135.94,send,20,0.0,0.0,0.0,1,993.56,0.137,30170,-1.9828,A,1,0.9977,0.0588,1,727,none,0,-0.3966,1.265005792814457,0,7.830956598190728e-07,pass,[]
txn_005042,2025-01-26T15:33:43,payer_00590,payee_00031,693.01,collect,15,0.0,1.0,0.0,0,652.36,1.062,35840,0.0604,A,1,0.767,0.8171,1,435,none,0,0.4121,0.7431618911446821,0,0.2467652436802724,pass,"[{'id': 'collect_first_time', 'label': 'Collect request from a first-time payee', 'detail': ""This transaction is a UPI collect request (the payee is asking you to pay them, not the other way round) AND you've never paid this account before. Refund scammers use this exact pattern.""}]"
txn_011208,2025-02-26T08:52:07,payer_01172,payee_01189,619.76,collect,8,0.0,0.0,0.0,11,413.67,1.498,37770,0.4034,A,1,0.8549,0.7399,1,2016,none,0,0.0807,0.3923544033994248,0,0.289518696147058,pass,[]
txn_007238,2025-02-06T15:45:21,payer_01628,payee_04889,997.16,send,15,0.0,0.0,0.0,4,580.21,1.719,33634,0.5408,B,1,0.8215,0.7799,1,1397,none,0,0.1082,1.3273981957733256,0,6.443078086972361e-06,pass,[]
txn_011505,2025-02-27T14:55:32,payer_00287,payee_00731,262.79,send,14,0.0,0.0,0.0,7,275.56,0.954,3875,-0.0473,B,1,0.9299,0.5804,1,2335,none,0,-0.0095,-1.2212778312929464,1,2.0269593881381113e-05,pass,"[{'id': 'fast_approval', 'label': 'Approval given suspiciously fast', 'detail': 'The user approved this in under 2 seconds — too fast to read the amount, the payee name, or the direction of the request.'}]"
txn_011074,2025-02-25T13:00:04,payer_01273,payee_00720,136.36,send,13,0.0,0.0,0.0,10,172.01,0.793,44436,-0.2308,A,1,0.9486,0.5077,0,1938,none,0,-0.0462,0.9960945138192822,0,6.511884096236942e-07,pass,[]
txn_010996,2025-02-24T04:23:47,payer_00304,payee_03781,10.0,send,4,1.0,1.0,1.0,0,1402.76,0.007,21466,-4.849,A,1,0.9996,0.0047,0,2177,none,0,-0.1698,0.2281949951354731,0,3.5923395742227226e-07,pass,"[{'id': 'odd_hour', 'label': 'Transaction at an unusual hour', 'detail': 'This transaction is happening between 21:00 and 08:00 local time — scammers often call late at night when the victim is tired or distracted.'}, {'id': 'high_risk_merchant', 'label': 'Payee flagged as high-risk merchant', 'detail': 'This payee account has prior complaints or is on a high-risk watchlist.'}]"
txn_004999,2025-01-25T10:07:52,payer_01257,payee_01794,1067.76,send,10,0.0,1.0,0.0,0,558.68,1.911,15368,0.6469,A,1,0.5338,0.9195,1,1424,none,0,0.5294,-0.3865231492232015,0,4.302517379026499e-06,pass,[]
txn_008480,2025-02-12T10:06:24,payer_00426,payee_04627,190.4,qr,10,0.0,1.0,0.0,0,205.46,0.927,6905,-0.0758,B,1,0.8079,0.7822,0,1096,none,0,0.3848,-1.233661896113125,1,9.549629823893542e-06,pass,"[{'id': 'fast_approval', 'label': 'Approval given suspiciously fast', 'detail': 'The user approved this in under 2 seconds — too fast to read the amount, the payee name, or the direction of the request.'}]"
txn_009267,2025-02-16T15:23:05,payer_00333,payee_00182,120.62,qr,15,0.0,0.0,0.0,7,226.18,0.533,40199,-0.6249,A,1,0.974,0.3544,0,1819,none,0,-0.125,1.2958299970519769,0,6.08244037464958e-07,pass,[]
txn_008398,2025-02-11T08:51:01,payer_01343,payee_00718,10.0,qr,8,0.0,0.0,0.0,12,1057.57,0.009,11718,-4.5668,A,1,1.0,0.001,0,1593,none,0,-0.9134,-0.1203120415913695,0,4.1273537171521754e-08,pass,[]
txn_002631,2025-01-14T11:01:58,payer_01903,payee_01620,62.71,qr,11,0.0,0.0,0.0,11,961.04,0.065,30071,-2.7147,B,0,0.9994,0.019,1,17963,timeout,0,-0.5429,-0.9999999997500938,0,2.716586860274559e-07,pass,[]
txn_003131,2025-01-16T13:34:13,payer_00551,payee_02399,281.86,send,13,0.0,1.0,0.0,0,325.58,0.866,14485,-0.1437,B,1,0.8262,0.7632,1,2323,none,0,0.3713,-1.4528892393682311,1,1.438618356658254e-05,pass,"[{'id': 'fast_approval', 'label': 'Approval given suspiciously fast', 'detail': 'The user approved this in under 2 seconds — too fast to read the amount, the payee name, or the direction of the request.'}]"
txn_009583,2025-02-17T17:52:16,payer_01141,payee_04932,10.0,send,17,0.0,0.0,0.0,10,617.27,0.016,41016,-4.029,A,1,0.9999,0.0024,0,951,none,0,-0.8058,1.878187367437892,0,4.337117897337117e-08,pass,[]
txn_008218,2025-02-11T13:17:37,payer_01486,payee_01674,1748.62,send,13,0.0,0.0,0.0,5,1001.09,1.747,4488,0.5573,A,1,0.8171,0.7844,1,1579,none,0,0.1115,-0.9634366136985044,0,1.1394765297700674e-05,pass,[]
txn_009276,2025-02-16T17:09:13,payer_01994,payee_01570,477.33,qr,17,0.0,1.0,1.0,0,570.02,0.837,17766,-0.1771,B,1,0.7347,0.6935,1,870,none,0,0.3646,0.3985230602396055,0,1.7650740168181223e-06,pass,"[{'id': 'high_risk_merchant', 'label': 'Payee flagged as high-risk merchant', 'detail': 'This payee account has prior complaints or is on a high-risk watchlist.'}]"
txn_003813,2025-01-20T10:34:47,payer_00840,payee_00830,1039.15,qr,10,0.0,1.0,0.0,0,1036.35,1.003,24302,0.0027,B,1,0.785,0.8029,1,1769,none,0,0.4005,0.0712496078982492,0,3.989946834838233e-06,pass,[]
txn_005886,2025-01-30T19:04:36,payer_01700,payee_03817,539.78,send,19,0.0,0.0,0.0,11,432.66,1.248,41485,0.2208,A,1,0.8912,0.6799,1,2101,none,0,0.0442,0.3026820983756468,0,2.7692825381824237e-06,pass,[]
txn_005082,2025-01-26T13:57:58,payer_01001,payee_03557,634.38,send,13,0.0,0.0,1.0,5,321.41,1.974,12032,0.6784,B,1,0.6635,0.7659,1,2113,none,0,0.1357,-0.7762892264572551,0,4.0076164306445566e-06,pass,"[{'id': 'high_risk_merchant', 'label': 'Payee flagged as high-risk merchant', 'detail': 'This payee account has prior complaints or is on a high-risk watchlist.'}]"
txn_011815,2025-03-01T15:56:01,payer_00738,payee_00990,2013.52,qr,15,0.0,0.0,0.0,11,1240.05,1.624,12841,0.4844,A,0,0.8359,0.7641,1,28194,timeout,0,0.0969,-1.1041064727279963,0,1.1338718080693828e-05,pass,[]
txn_008823,2025-02-14T17:35:19,payer_00130,payee_02231,744.97,collect,17,0.0,0.0,1.0,9,406.04,1.835,41385,0.6058,A,0,0.692,0.7444,1,21602,declined,0,0.1212,1.310171432210968,0,0.34915741934979244,pass,"[{'id': 'high_risk_merchant', 'label': 'Payee flagged as high-risk merchant', 'detail': 'This payee account has prior complaints or is on a high-risk watchlist.'}]"
txn_001217,2025-01-07T11:00:55,payer_01826,payee_01817,92.05,send,11,0.0,1.0,1.0,0,120.27,0.765,24035,-0.2649,B,1,0.7644,0.6629,1,2079,none,0,0.347,-0.0774086538769904,0,3.1153361963428774e-07,pass,"[{'id': 'high_risk_merchant', 'label': 'Payee flagged as high-risk merchant', 'detail': 'This payee account has prior complaints or is on a high-risk watchlist.'}]"
txn_003991,2025-01-20T13:52:22,payer_01906,payee_04808,172.62,qr,13,0.0,0.0,0.0,3,500.89,0.345,4541,-1.0615,B,0,0.988,0.2144,1,14341,declined,0,-0.2123,-1.8801848388230449,1,1.3929602691781515e-05,pass,"[{'id': 'fast_approval', 'label': 'Approval given suspiciously fast', 'detail': 'The user approved this in under 2 seconds — too fast to read the amount, the payee name, or the direction of the request.'}]"
txn_011147,2025-02-25T15:21:57,payer_00105,payee_01644,645.72,collect,15,0.0,0.0,0.0,2,421.75,1.531,9209,0.4251,A,0,0.85,0.7465,1,21001,timeout,0,0.085,-0.8210219922373299,0,0.34722627667886014,pass,[]
txn_007615,2025-02-08T15:03:13,payer_00226,payee_02415,332.73,qr,15,0.0,0.0,0.0,2,1148.56,0.29,29196,-1.2368,A,1,0.9912,0.171,0,1470,none,0,-0.2474,0.5866683540197822,0,1.9748049741556094e-06,pass,[]
txn_010691,2025-02-23T01:47:31,payer_01571,payee_03073,9841.09,qr,1,1.0,1.0,0.0,0,2528.71,3.892,26780,1.3586,B,1,0.0663,0.9924,0,2257,none,0,1.0,0.477271163251063,0,0.0022406760821576895,pass,"[{'id': 'amount_spike', 'label': 'Amount is unusually high for this payer', 'detail': ""This transaction is more than 3x this payer's typical amount. Common in refund scams where the scammer asks for a 'verification' transfer.""}, {'id': 'odd_hour', 'label': 'Transaction at an unusual hour', 'detail': 'This transaction is happening between 21:00 and 08:00 local time — scammers often call late at night when the victim is tired or distracted.'}]"
txn_010184,2025-02-20T05:20:28,payer_00144,payee_04204,80.02,send,5,1.0,0.0,0.0,5,245.96,0.325,19154,-1.1145,A,1,0.9529,0.4792,0,611,none,0,0.1771,-0.1444116269096535,0,4.714611074730901e-06,pass,"[{'id': 'odd_hour', 'label': 'Transaction at an unusual hour', 'detail': 'This transaction is happening between 21:00 and 08:00 local time — scammers often call late at night when the victim is tired or distracted.'}]"
txn_001683,2025-01-09T21:12:48,payer_01854,payee_04081,78.15,send,21,1.0,1.0,0.0,0,167.1,0.468,40884,-0.7532,B,1,0.7606,0.8168,0,387,none,0,0.6494,0.8085214828352896,0,2.9212503489833063e-06,pass,"[{'id': 'odd_hour', 'label': 'Transaction at an unusual hour', 'detail': 'This transaction is happening between 21:00 and 08:00 local time — scammers often call late at night when the victim is tired or distracted.'}]"
txn_004574,2025-01-23T16:36:10,payer_01864,payee_00354,3285.7,qr,16,0.0,0.0,0.0,8,1940.89,1.693,44378,0.5262,B,1,0.8253,0.7759,0,553,none,0,0.1052,1.088026713853985,0,2.0554219233306127e-05,pass,[]
txn_011540,2025-02-27T15:19:02,payer_01796,payee_00008,10.0,send,15,0.0,0.0,0.0,12,356.88,0.028,31840,-3.4823,A,1,0.9998,0.0056,0,1053,none,0,-0.6965,0.9003393833901346,0,4.131392206375624e-08,pass,[]
txn_010750,2025-02-23T12:33:04,payer_00578,payee_04923,5200.53,collect,12,0.0,1.0,0.0,0,747.05,6.961,4233,1.9392,B,1,0.1006,0.989,0,343,none,1,0.6,-1.175117301697161,0,0.9362444904066739,hard_block,"[{'id': 'collect_first_time', 'label': 'Collect request from a first-time payee', 'detail': ""This transaction is a UPI collect request (the payee is asking you to pay them, not the other way round) AND you've never paid this account before. Refund scammers use this exact pattern.""}, {'id': 'amount_spike', 'label': 'Amount is unusually high for this payer', 'detail': ""This transaction is more than 3x this payer's typical amount. Common in refund scams where the scammer asks for a 'verification' transfer.""}, {'id': 'high_amount_first_time', 'label': 'High amount + first-time payee combination', 'detail': 'First-time payee + unusually high amount + (collect or QR direction) is the strongest single signal in our historical scam data.'}]"
txn_011283,2025-02-26T11:02:13,payer_01048,payee_04772,109.86,send,11,0.0,0.0,0.0,4,245.55,0.447,2940,-0.7993,B,1,0.9809,0.2934,1,1415,none,0,-0.1599,-1.7243713565342116,1,8.503047829079294e-06,pass,"[{'id': 'fast_approval', 'label': 'Approval given suspiciously fast', 'detail': 'The user approved this in under 2 seconds — too fast to read the amount, the payee name, or the direction of the request.'}]"
txn_007562,2025-02-07T08:29:14,payer_00964,payee_03201,2067.95,send,8,0.0,0.0,0.0,3,1637.39,1.263,36907,0.2333,A,1,0.8889,0.6842,1,1608,none,0,0.0467,0.735290457397962,0,1.3938795529472178e-05,pass,[]
txn_005903,2025-01-30T17:10:22,payer_00749,payee_04358,123.2,send,17,0.0,0.0,0.0,6,229.56,0.537,44222,-0.6186,A,1,0.9738,0.3567,0,1246,none,0,-0.1237,1.7618014282581331,0,6.375165306265148e-07,pass,[]
txn_002582,2025-01-13T09:09:47,payer_01072,payee_04533,367.53,send,9,0.0,1.0,0.0,0,342.79,1.072,41462,0.0695,A,1,0.764,0.8192,1,1894,none,0,0.4139,1.17046826839409,0,1.337002510387134e-06,pass,[]
txn_003002,2025-01-16T18:10:07,payer_01812,payee_02455,1108.72,send,18,0.0,0.0,0.0,6,2344.25,0.473,18265,-0.7483,A,1,0.9791,0.3106,0,809,none,0,-0.1497,-0.0732976476096981,0,6.43442486565098e-06,pass,[]
txn_010043,2025-02-20T11:48:07,payer_00398,payee_02464,3188.37,qr,11,0.0,0.0,0.0,10,2284.69,1.396,42493,0.3332,B,1,0.8699,0.7177,0,900,none,0,0.0666,1.2748721820378737,0,1.8667584361123092e-05,pass,[]
txn_002087,2025-01-11T14:13:55,payer_00298,payee_00119,3455.0,qr,14,0.0,1.0,0.0,0,2549.41,1.355,17493,0.3039,B,1,0.6798,0.8683,0,1071,none,0,0.4608,-0.217997934301675,0,1.44581987699917e-05,pass,[]
txn_008928,2025-02-14T04:50:28,payer_01491,payee_01910,510.94,qr,4,1.0,0.0,0.0,2,389.02,1.313,21933,0.272,B,1,0.6249,0.8943,1,1624,none,0,0.4544,-0.2049573848082002,0,3.749420662398804e-05,pass,"[{'id': 'odd_hour', 'label': 'Transaction at an unusual hour', 'detail': 'This transaction is happening between 21:00 and 08:00 local time — scammers often call late at night when the victim is tired or distracted.'}]"
txn_004148,2025-01-21T23:52:58,payer_00592,payee_03634,5433.18,qr,23,1.0,1.0,0.0,0,494.28,10.992,16834,2.3953,B,1,0.0109,0.9985,0,1014,none,0,1.0,-0.7356647755035332,0,0.0017243455500817555,pass,"[{'id': 'amount_spike', 'label': 'Amount is unusually high for this payer', 'detail': ""This transaction is more than 3x this payer's typical amount. Common in refund scams where the scammer asks for a 'verification' transfer.""}, {'id': 'odd_hour', 'label': 'Transaction at an unusual hour', 'detail': 'This transaction is happening between 21:00 and 08:00 local time — scammers often call late at night when the victim is tired or distracted.'}]"
txn_000135,2025-01-01T10:08:44,payer_00331,payee_02825,1040.96,send,10,0.0,1.0,0.0,0,800.45,1.3,10780,0.2624,B,1,0.6958,0.8606,1,1638,none,0,0.4525,-0.8577221502740311,0,4.05886498250961e-06,pass,[]
txn_009917,2025-02-19T18:59:42,payer_00024,payee_01860,887.73,qr,18,0.0,0.0,1.0,7,641.42,1.384,13599,0.3245,B,0,0.7885,0.6501,0,13233,declined,0,0.0649,-0.7337900847358303,0,5.277025923831548e-06,pass,"[{'id': 'high_risk_merchant', 'label': 'Payee flagged as high-risk merchant', 'detail': 'This payee account has prior complaints or is on a high-risk watchlist.'}]"
txn_001743,2025-01-09T12:51:38,payer_01787,payee_04150,214.64,send,12,0.0,1.0,0.0,0,193.85,1.107,27027,0.1014,B,1,0.7535,0.8267,1,1463,none,0,0.4203,-0.1058763432870311,0,7.60096786766087e-07,pass,[]
txn_007341,2025-02-06T16:40:54,payer_01095,payee_00725,4411.42,send,16,0.0,1.0,0.0,0,2584.17,1.707,25014,0.5346,B,1,0.5836,0.9051,1,2228,none,0,0.5069,0.2188591338873102,0,1.9061120354042178e-05,pass,[]
txn_010874,2025-02-24T19:53:43,payer_00604,payee_03440,1487.66,send,19,0.0,1.0,0.0,0,963.42,1.544,31440,0.4341,B,1,0.6268,0.8904,1,2020,none,0,0.4868,1.4221711539794273,0,5.993197605440424e-06,pass,[]
txn_003707,2025-01-19T15:47:29,payer_00669,payee_03856,210.65,qr,15,0.0,1.0,0.0,0,201.7,1.044,24131,0.0432,A,1,0.7725,0.8129,0,2447,none,0,0.4086,0.9627670410296844,0,7.428240068512854e-07,pass,[]
txn_005470,2025-01-28T23:54:34,payer_01774,payee_01198,148.63,send,23,1.0,1.0,0.0,0,849.17,0.175,14395,-1.7372,A,1,0.9492,0.4801,0,1247,none,0,0.4526,-0.6743077947431547,0,5.641475560024915e-06,pass,"[{'id': 'odd_hour', 'label': 'Transaction at an unusual hour', 'detail': 'This transaction is happening between 21:00 and 08:00 local time — scammers often call late at night when the victim is tired or distracted.'}]"
txn_000700,2025-01-04T13:52:47,payer_00135,payee_00591,119.87,collect,13,0.0,0.0,0.0,5,153.56,0.781,39660,-0.2459,A,1,0.9499,0.5017,1,911,none,0,-0.0492,1.2491712817801848,0,0.07469316212936788,pass,[]
txn_008557,2025-02-12T16:24:59,payer_01380,payee_04512,807.71,send,16,0.0,0.0,0.0,2,399.5,2.022,24675,0.7027,A,1,0.7747,0.8212,0,1222,none,0,0.1405,-0.0078186062994028,0,5.503114458245459e-06,pass,[]
txn_011715,2025-02-28T14:43:01,payer_01038,payee_03401,299.16,send,14,0.0,0.0,0.0,7,1236.67,0.242,20652,-1.4167,A,1,0.9936,0.1339,0,941,none,0,-0.2833,1.328428685546497,0,1.557201255478814e-06,pass,[]
txn_001608,2025-01-09T13:35:16,payer_00709,payee_02958,1136.18,collect,13,0.0,1.0,0.0,0,1871.98,0.607,32513,-0.499,A,1,0.9001,0.646,1,1259,none,0,0.3002,1.068488267522696,0,0.35039234566039407,pass,"[{'id': 'collect_first_time', 'label': 'Collect request from a first-time payee', 'detail': ""This transaction is a UPI collect request (the payee is asking you to pay them, not the other way round) AND you've never paid this account before. Refund scammers use this exact pattern.""}]"
txn_005863,2025-01-30T09:00:49,payer_01761,payee_03124,335.05,send,9,0.0,0.0,0.0,3,855.67,0.392,22066,-0.9358,A,1,0.985,0.2503,0,2074,none,0,-0.1872,-0.9079704774007944,0,1.9511850832846364e-06,pass,[]
txn_000429,2025-01-03T13:46:46,payer_00395,payee_02279,2452.29,send,13,0.0,1.0,0.0,0,1448.54,1.693,19573,0.5262,A,0,0.5873,0.9039,1,18040,timeout,0,0.5052,0.1007038634541029,0,1.0240965943669943e-05,pass,[]
txn_004023,2025-01-21T03:28:58,payer_00082,payee_04227,21032.92,collect,3,1.0,0.0,0.0,12,927.42,22.679,37467,3.1204,B,1,0.0098,0.9988,0,1272,none,1,0.6,0.4739432528044529,0,0.9982228947061851,hard_block,"[{'id': 'amount_spike', 'label': 'Amount is unusually high for this payer', 'detail': ""This transaction is more than 3x this payer's typical amount. Common in refund scams where the scammer asks for a 'verification' transfer.""}, {'id': 'odd_hour', 'label': 'Transaction at an unusual hour', 'detail': 'This transaction is happening between 21:00 and 08:00 local time — scammers often call late at night when the victim is tired or distracted.'}]"
txn_006688,2025-02-03T15:21:49,payer_00999,payee_00120,416.83,send,15,0.0,1.0,0.0,0,386.85,1.077,22116,0.0744,A,1,0.7624,0.8204,1,1523,none,0,0.4149,-0.335210651065087,0,1.527169223775375e-06,pass,[]
txn_004100,2025-01-21T12:23:57,payer_00144,payee_04204,10.0,qr,12,0.0,1.0,0.0,0,245.96,0.041,29923,-3.1113,A,1,0.999,0.0272,0,2063,none,0,-0.2223,0.8231092130872725,0,3.0962720685870186e-08,pass,[]
txn_008875,2025-02-14T16:36:22,payer_00516,payee_04684,29.99,send,16,0.0,0.0,0.0,5,288.26,0.104,27508,-2.2337,A,1,0.9985,0.0402,0,1790,none,0,-0.4467,-1.3174880940376197,1,2.118515338005155e-06,pass,"[{'id': 'fast_approval', 'label': 'Approval given suspiciously fast', 'detail': 'The user approved this in under 2 seconds — too fast to read the amount, the payee name, or the direction of the request.'}]"
txn_008514,2025-02-12T21:19:44,payer_01775,payee_00192,317.86,send,21,1.0,0.0,0.0,4,284.86,1.116,22092,0.1092,A,1,0.6907,0.867,1,1079,none,0,0.4218,0.240062890659162,0,2.1420177596130647e-05,pass,"[{'id': 'odd_hour', 'label': 'Transaction at an unusual hour', 'detail': 'This transaction is happening between 21:00 and 08:00 local time — scammers often call late at night when the victim is tired or distracted.'}]"
txn_009649,2025-02-18T12:11:50,payer_01491,payee_01910,46.15,send,12,0.0,0.0,0.0,12,389.02,0.119,31045,-2.1129,A,1,0.9982,0.0483,1,1827,none,0,-0.4226,0.5631308748977571,0,1.933511215933774e-07,pass,[]
txn_002270,2025-01-12T16:15:25,payer_01398,payee_01361,534.56,qr,16,0.0,0.0,0.0,1,433.03,1.234,35816,0.2102,B,0,0.893,0.6762,1,22477,timeout,0,0.042,0.9037349480286236,0,3.5032087575447918e-06,pass,[]
txn_007692,2025-02-08T15:15:04,payer_01037,payee_01256,316.2,send,15,0.0,1.0,1.0,0,276.8,1.142,17699,0.1326,A,1,0.6133,0.7879,1,1359,none,0,0.4265,-1.313916511736238,1,1.670615699904085e-05,pass,"[{'id': 'fast_approval', 'label': 'Approval given suspiciously fast', 'detail': 'The user approved this in under 2 seconds — too fast to read the amount, the payee name, or the direction of the request.'}, {'id': 'high_risk_merchant', 'label': 'Payee flagged as high-risk merchant', 'detail': 'This payee account has prior complaints or is on a high-risk watchlist.'}]"
txn_000070,2025-01-01T16:51:36,payer_00357,payee_02801,10.0,send,16,0.0,1.0,0.0,0,705.61,0.014,32792,-4.1626,A,1,0.9998,0.0052,0,2121,none,0,-0.4325,0.48297257342201,0,3.091971930671386e-08,pass,[]
txn_005720,2025-01-29T11:21:36,payer_01458,payee_03290,1020.25,collect,11,0.0,0.0,0.0,5,1594.48,0.64,16747,-0.4461,A,1,0.9645,0.4222,0,1156,none,0,-0.0892,-0.713857038423287,0,0.4334092417769696,pass,[]
txn_010747,2025-02-23T15:55:07,payer_01424,payee_04464,334.25,collect,15,0.0,0.0,0.0,12,418.53,0.799,32327,-0.2243,A,1,0.948,0.5103,1,1173,none,0,-0.0449,0.5083188267205945,0,0.16664574352792016,pass,[]
txn_010152,2025-02-20T09:50:35,payer_01707,payee_04195,1986.76,send,9,0.0,1.0,0.0,0,1499.05,1.325,12667,0.2815,B,1,0.6885,0.8642,1,877,none,0,0.4563,-0.6331410142534305,0,8.044653780628516e-06,pass,[]
txn_011957,2025-03-01T09:58:57,payer_01253,payee_00728,1724.94,send,9,0.0,0.0,0.0,12,1000.61,1.724,37670,0.5442,A,1,0.8206,0.7809,1,1912,none,0,0.1088,1.203231423332266,0,9.4434370762223e-06,pass,[]
txn_009137,2025-02-15T21:40:37,payer_00667,payee_03073,429.18,send,21,1.0,1.0,0.0,0,728.67,0.589,27833,-0.5284,B,1,0.6794,0.8647,1,602,none,0,0.6943,0.2465389155568525,0,1.7598956961352327e-05,pass,"[{'id': 'odd_hour', 'label': 'Transaction at an unusual hour', 'detail': 'This transaction is happening between 21:00 and 08:00 local time — scammers often call late at night when the victim is tired or distracted.'}]"
txn_002019,2025-01-11T11:49:30,payer_00807,payee_00325,330.27,send,11,0.0,0.0,0.0,11,341.45,0.967,3002,-0.0332,A,1,0.9282,0.5859,1,2097,none,0,-0.0066,-1.0063759109742083,0,1.6258588398660908e-06,pass,[]
txn_009836,2025-02-19T11:54:42,payer_00456,payee_02516,3132.02,send,11,0.0,0.0,1.0,8,3045.87,1.028,38087,0.0279,A,1,0.8641,0.5361,1,1918,none,0,0.0056,1.4957684863298686,0,1.9151669275634106e-05,pass,"[{'id': 'high_risk_merchant', 'label': 'Payee flagged as high-risk merchant', 'detail': 'This payee account has prior complaints or is on a high-risk watchlist.'}]"
txn_011351,2025-02-26T11:38:59,payer_00720,payee_00203,194.7,send,11,0.0,1.0,0.0,0,150.15,1.297,23028,0.2583,B,1,0.6974,0.8598,0,2414,none,0,0.4517,-0.0521417519082927,0,6.927385602662764e-07,pass,[]
txn_006702,2025-02-03T23:22:23,payer_00515,payee_04205,3301.64,send,23,1.0,1.0,0.0,0,544.8,6.06,18312,1.8002,B,1,0.0311,0.9962,0,421,none,0,1.0,-2.185508218158576,1,0.011258044116808886,pass,"[{'id': 'amount_spike', 'label': 'Amount is unusually high for this payer', 'detail': ""This transaction is more than 3x this payer's typical amount. Common in refund scams where the scammer asks for a 'verification' transfer.""}, {'id': 'fast_approval', 'label': 'Approval given suspiciously fast', 'detail': 'The user approved this in under 2 seconds — too fast to read the amount, the payee name, or the direction of the request.'}, {'id': 'odd_hour', 'label': 'Transaction at an unusual hour', 'detail': 'This transaction is happening between 21:00 and 08:00 local time — scammers often call late at night when the victim is tired or distracted.'}]"
txn_004029,2025-01-21T20:40:07,payer_01436,payee_02530,1228.1,collect,20,0.0,0.0,0.0,12,1651.46,0.744,39390,-0.296,A,1,0.954,0.4816,0,1187,none,0,-0.0592,0.5859153556850599,0,0.44053155031720126,pass,[]
txn_007759,2025-02-08T01:30:53,payer_00839,payee_03604,4022.51,collect,1,1.0,1.0,0.0,0,2428.08,1.657,2521,0.5046,B,1,0.2482,0.9709,0,435,none,1,0.9009,-1.7211135628048826,1,0.997205955810999,hard_block,"[{'id': 'collect_first_time', 'label': 'Collect request from a first-time payee', 'detail': ""This transaction is a UPI collect request (the payee is asking you to pay them, not the other way round) AND you've never paid this account before. Refund scammers use this exact pattern.""}, {'id': 'fast_approval', 'label': 'Approval given suspiciously fast', 'detail': 'The user approved this in under 2 seconds — too fast to read the amount, the payee name, or the direction of the request.'}, {'id': 'odd_hour', 'label': 'Transaction at an unusual hour', 'detail': 'This transaction is happening between 21:00 and 08:00 local time — scammers often call late at night when the victim is tired or distracted.'}]"
txn_011690,2025-02-28T10:54:38,payer_01542,payee_03202,959.77,send,10,0.0,0.0,0.0,12,492.88,1.947,19699,0.6654,A,1,0.7862,0.8123,1,1076,none,0,0.1331,-0.2531644000826391,0,5.1424510185969925e-06,pass,[]
txn_008483,2025-02-12T15:13:58,payer_00156,payee_01295,178.54,qr,15,0.0,1.0,0.0,0,191.52,0.932,42021,-0.0698,A,1,0.8062,0.7839,1,1091,none,0,0.386,1.1547267582046812,0,6.206419047560826e-07,pass,[]
txn_003858,2025-01-20T19:37:14,payer_00436,payee_01586,83.4,qr,19,0.0,1.0,1.0,0,1049.41,0.079,28235,-2.5213,A,1,0.9947,0.0505,0,1118,none,0,-0.1043,1.1267282117260864,0,2.712526038725321e-07,pass,"[{'id': 'high_risk_merchant', 'label': 'Payee flagged as high-risk merchant', 'detail': 'This payee account has prior complaints or is on a high-risk watchlist.'}]"
txn_000744,2025-01-04T13:49:23,payer_01676,payee_02498,218.1,send,13,0.0,1.0,0.0,0,2115.48,0.103,19152,-2.268,B,0,0.9954,0.0972,1,19777,timeout,0,-0.0536,-0.1628556600474337,0,7.340626513460192e-07,pass,[]
txn_001383,2025-01-07T11:03:20,payer_00004,payee_00106,469.15,qr,11,0.0,1.0,0.0,0,353.85,1.326,44831,0.2814,B,1,0.6886,0.8641,1,821,none,0,0.4563,1.3540638045553353,0,1.7523409389128127e-06,pass,[]
txn_005643,2025-01-29T02:02:29,payer_01706,payee_01248,797.31,send,2,1.0,1.0,0.0,0,601.16,1.326,18549,0.282,B,1,0.3301,0.959,1,1244,none,0,0.8564,-0.4002339624558012,0,3.514174301680412e-05,pass,"[{'id': 'odd_hour', 'label': 'Transaction at an unusual hour', 'detail': 'This transaction is happening between 21:00 and 08:00 local time — scammers often call late at night when the victim is tired or distracted.'}]"
txn_008685,2025-02-13T17:23:15,payer_00833,payee_02317,726.38,qr,17,0.0,0.0,0.0,5,567.87,1.279,39307,0.2458,A,1,0.8867,0.6885,0,2066,none,0,0.0492,1.5915876980688404,0,4.398226952971549e-06,pass,[]
txn_010613,2025-02-23T08:43:42,payer_01986,payee_04234,944.13,send,8,0.0,1.0,0.0,0,581.96,1.622,32280,0.4832,A,0,0.6059,0.8978,1,11931,network_error,0,0.4966,0.9070742316692796,0,3.722394121810682e-06,pass,[]
txn_000149,2025-01-01T15:46:06,payer_01069,payee_02855,1101.02,send,15,0.0,1.0,0.0,0,581.79,1.892,32854,0.6371,A,0,0.5382,0.9183,1,20690,timeout,0,0.5274,0.5784364422716363,0,4.439845065303774e-06,pass,[]
txn_011879,2025-03-01T19:28:41,payer_00636,payee_02476,10.0,qr,19,0.0,0.0,0.0,1,421.66,0.024,29107,-3.6487,A,1,0.9999,0.0043,0,480,none,0,-0.7297,0.4203487141587399,0,5.414505723003302e-08,pass,[]
txn_000811,2025-01-05T12:49:07,payer_00400,payee_04701,685.6,send,12,0.0,1.0,1.0,0,633.97,1.081,18877,0.0782,A,1,0.6363,0.773,1,2222,none,0,0.4156,-0.2257413878207518,0,2.619179198483476e-06,pass,"[{'id': 'high_risk_merchant', 'label': 'Payee flagged as high-risk merchant', 'detail': 'This payee account has prior complaints or is on a high-risk watchlist.'}]"
txn_005900,2025-01-30T12:30:59,payer_01465,payee_00190,84.83,send,12,0.0,0.0,0.0,3,389.45,0.218,35636,-1.515,A,1,0.9947,0.1167,0,1979,none,0,-0.303,0.9458109990909598,0,4.5684108659502103e-07,pass,[]
txn_004328,2025-01-22T13:44:03,payer_01101,payee_00438,1850.13,collect,13,0.0,1.0,0.0,0,102.02,18.135,14019,2.8886,B,1,0.0198,0.9976,0,1515,none,0,0.6,-0.4307670354200705,0,0.8975023696756381,hard_block,"[{'id': 'collect_first_time', 'label': 'Collect request from a first-time payee', 'detail': ""This transaction is a UPI collect request (the payee is asking you to pay them, not the other way round) AND you've never paid this account before. Refund scammers use this exact pattern.""}, {'id': 'amount_spike', 'label': 'Amount is unusually high for this payer', 'detail': ""This transaction is more than 3x this payer's typical amount. Common in refund scams where the scammer asks for a 'verification' transfer.""}, {'id': 'high_amount_first_time', 'label': 'High amount + first-time payee combination', 'detail': 'First-time payee + unusually high amount + (collect or QR direction) is the strongest single signal in our historical scam data.'}]"
txn_006373,2025-02-01T06:59:13,payer_01502,payee_04072,295.6,send,6,1.0,0.0,0.0,11,202.42,1.46,6454,0.3771,A,1,0.5796,0.9092,1,504,none,0,0.4754,-1.2349311002454293,1,0.00024449939532023913,pass,"[{'id': 'fast_approval', 'label': 'Approval given suspiciously fast', 'detail': 'The user approved this in under 2 seconds — too fast to read the amount, the payee name, or the direction of the request.'}, {'id': 'odd_hour', 'label': 'Transaction at an unusual hour', 'detail': 'This transaction is happening between 21:00 and 08:00 local time — scammers often call late at night when the victim is tired or distracted.'}]"
txn_003995,2025-01-20T14:36:08,payer_01902,payee_02354,751.52,qr,14,0.0,1.0,0.0,0,530.21,1.417,35699,0.3483,B,1,0.6622,0.8762,1,337,none,0,0.4697,1.818549198589104,0,2.8947409152382317e-06,pass,[]
txn_004382,2025-01-22T15:18:02,payer_01398,payee_01361,230.58,send,15,0.0,0.0,0.0,4,433.03,0.532,16704,-0.6282,B,1,0.9742,0.3532,1,570,none,0,-0.1256,-0.6072433963358247,0,1.2935906816343775e-06,pass,[]
txn_001730,2025-01-09T09:11:05,payer_01059,payee_01745,818.75,qr,9,0.0,1.0,0.0,0,509.52,1.607,28937,0.4736,B,1,0.6101,0.8964,1,578,none,0,0.4947,0.3130122265305651,0,3.1999587531751843e-06,pass,[]
txn_004359,2025-01-22T19:24:52,payer_00463,payee_03330,75.06,send,19,0.0,1.0,0.0,0,312.89,0.24,13938,-1.4175,A,1,0.9792,0.2957,1,613,none,0,0.1165,-0.7429607116146644,0,2.415727373829678e-07,pass,[]
txn_005027,2025-01-26T13:45:12,payer_01227,payee_03949,868.77,send,13,0.0,0.0,0.0,10,756.04,1.149,34020,0.1388,A,1,0.9047,0.6507,1,1781,none,0,0.0278,0.6331252945908564,0,4.666803838617181e-06,pass,[]
txn_001793,2025-01-09T11:13:49,payer_00606,payee_02460,2906.04,send,11,0.0,1.0,0.0,0,1638.32,1.774,30680,0.5729,A,0,0.5668,0.9102,1,9848,timeout,0,0.5146,0.7662230580517324,0,1.230453789144476e-05,pass,[]
txn_009079,2025-02-15T13:41:10,payer_01613,payee_04417,2873.41,send,13,0.0,0.0,0.0,3,1417.81,2.027,3597,0.706,A,1,0.7737,0.822,1,738,none,0,0.1412,-1.7159805650865945,1,0.00029514465410232775,pass,"[{'id': 'fast_approval', 'label': 'Approval given suspiciously fast', 'detail': 'The user approved this in under 2 seconds — too fast to read the amount, the payee name, or the direction of the request.'}]"
txn_005466,2025-01-28T17:39:00,payer_01124,payee_03797,365.7,qr,17,0.0,1.0,0.0,0,322.43,1.134,8358,0.1256,B,1,0.7453,0.8321,1,1540,none,0,0.4251,-0.5775188530706623,0,1.334236146322326e-06,pass,[]
txn_011127,2025-02-25T17:20:47,payer_01373,payee_03955,10.0,send,17,0.0,1.0,0.0,0,577.88,0.017,23411,-3.9632,A,1,0.9998,0.0071,0,1023,none,0,-0.3926,-0.3126122722457536,0,3.092449428703761e-08,pass,[]
txn_008486,2025-02-12T20:46:40,payer_01961,payee_03743,3480.84,send,20,0.0,1.0,0.0,0,1408.59,2.471,31702,0.9043,A,1,0.4188,0.9452,1,1887,none,0,0.5809,1.3103751798102024,0,1.5434103284651917e-05,pass,[]
txn_001121,2025-01-06T09:26:57,payer_00889,payee_01313,882.2,collect,9,0.0,1.0,0.0,0,988.22,0.893,8606,-0.1134,B,0,0.8182,0.7718,1,10703,declined,0,0.3773,-1.0132403321692802,0,0.2952969474596421,pass,"[{'id': 'collect_first_time', 'label': 'Collect request from a first-time payee', 'detail': ""This transaction is a UPI collect request (the payee is asking you to pay them, not the other way round) AND you've never paid this account before. Refund scammers use this exact pattern.""}]"
txn_004618,2025-01-24T17:03:33,payer_00313,payee_00587,171.49,send,17,0.0,0.0,0.0,3,852.14,0.201,27489,-1.5986,A,1,0.9954,0.1036,0,2478,none,0,-0.3197,-0.0133922038208595,0,9.546294486726643e-07,pass,[]
txn_005937,2025-01-30T10:14:43,payer_01054,payee_01456,2401.49,collect,10,0.0,0.0,0.0,3,1389.54,1.728,18518,0.5468,B,1,0.8199,0.7816,0,2376,none,0,0.1094,-0.5002730984874093,0,0.6773531706480667,pass,[]
txn_009527,2025-02-17T01:37:11,payer_01446,payee_01524,4262.97,collect,1,1.0,1.0,0.0,0,2450.74,1.739,1513,0.5534,B,0,0.2322,0.973,0,19661,declined,1,0.9107,-1.3488839608008498,1,0.9973828575899264,hard_block,"[{'id': 'collect_first_time', 'label': 'Collect request from a first-time payee', 'detail': ""This transaction is a UPI collect request (the payee is asking you to pay them, not the other way round) AND you've never paid this account before. Refund scammers use this exact pattern.""}, {'id': 'fast_approval', 'label': 'Approval given suspiciously fast', 'detail': 'The user approved this in under 2 seconds — too fast to read the amount, the payee name, or the direction of the request.'}, {'id': 'odd_hour', 'label': 'Transaction at an unusual hour', 'detail': 'This transaction is happening between 21:00 and 08:00 local time — scammers often call late at night when the victim is tired or distracted.'}]"
txn_002034,2025-01-11T16:17:45,payer_01168,payee_01727,432.96,send,16,0.0,0.0,0.0,7,1118.17,0.387,6357,-0.9474,A,1,0.9853,0.2468,0,2093,none,0,-0.1895,-0.9691326848098812,0,2.3165039620199755e-06,pass,[]
txn_003126,2025-01-16T19:28:26,payer_00651,payee_01172,1095.64,send,19,0.0,0.0,0.0,10,1889.12,0.58,30414,-0.5444,A,1,0.9701,0.3844,0,2258,none,0,-0.1089,0.2729409014042644,0,5.790448369186879e-06,pass,[]
txn_011064,2025-02-25T15:37:14,payer_00718,payee_00862,577.93,send,15,0.0,1.0,1.0,0,555.14,1.041,37517,0.0402,A,0,0.652,0.7621,0,28280,timeout,0,0.408,0.7663888112324825,0,2.182526684429821e-06,pass,"[{'id': 'high_risk_merchant', 'label': 'Payee flagged as high-risk merchant', 'detail': 'This payee account has prior complaints or is on a high-risk watchlist.'}]"
txn_011822,2025-03-01T14:55:05,payer_00473,payee_01793,650.57,send,14,0.0,1.0,0.0,0,774.75,0.84,21208,-0.1744,A,1,0.834,0.7542,1,2019,none,0,0.3651,-0.9897820527934832,0,2.413120072980537e-06,pass,[]
txn_003827,2025-01-20T09:41:53,payer_00794,payee_03406,802.83,send,9,0.0,0.0,0.0,9,510.93,1.571,43753,0.4512,A,1,0.8439,0.7543,0,1916,none,0,0.0902,1.2225280646105958,0,4.497203579703138e-06,pass,[]
txn_004367,2025-01-22T08:59:39,payer_00624,payee_00776,813.93,qr,8,0.0,1.0,1.0,0,1040.19,0.782,4519,-0.245,B,1,0.7579,0.67,0,1830,none,0,0.351,-0.6830548852414872,0,3.091368565916771e-06,pass,"[{'id': 'high_risk_merchant', 'label': 'Payee flagged as high-risk merchant', 'detail': 'This payee account has prior complaints or is on a high-risk watchlist.'}]"
txn_005297,2025-01-27T11:23:36,payer_00907,payee_02949,762.42,collect,11,0.0,1.0,0.0,0,532.25,1.432,19856,0.3588,A,0,0.6579,0.8781,0,24573,timeout,0,0.4718,-0.6938566170183237,0,0.26970411234000213,pass,"[{'id': 'collect_first_time', 'label': 'Collect request from a first-time payee', 'detail': ""This transaction is a UPI collect request (the payee is asking you to pay them, not the other way round) AND you've never paid this account before. Refund scammers use this exact pattern.""}]"
txn_003210,2025-01-17T19:58:47,payer_00737,payee_03484,603.94,collect,19,0.0,1.0,1.0,0,436.0,1.385,8737,0.3252,B,1,0.5286,0.8348,1,1035,none,0,0.465,-0.0414125940587603,0,0.22612089776184582,pass,"[{'id': 'collect_first_time', 'label': 'Collect request from a first-time payee', 'detail': ""This transaction is a UPI collect request (the payee is asking you to pay them, not the other way round) AND you've never paid this account before. Refund scammers use this exact pattern.""}, {'id': 'high_risk_merchant', 'label': 'Payee flagged as high-risk merchant', 'detail': 'This payee account has prior complaints or is on a high-risk watchlist.'}]"
txn_009928,2025-02-19T12:24:37,payer_01480,payee_04124,306.17,send,12,0.0,1.0,0.0,0,214.24,1.429,14792,0.3557,B,1,0.6592,0.8775,1,1723,none,0,0.4711,-0.7090301769894914,0,1.123306344556407e-06,pass,[]
txn_002698,2025-01-14T15:12:14,payer_00647,payee_01852,10.0,send,15,0.0,1.0,0.0,0,657.06,0.015,21591,-4.0914,A,1,0.9998,0.0058,0,911,none,0,-0.4183,0.2605884612031308,0,3.092131088489463e-08,pass,[]
txn_008045,2025-02-10T17:05:35,payer_01803,payee_04652,532.42,send,17,0.0,0.0,0.0,2,677.2,0.786,35235,-0.2401,A,1,0.9494,0.5039,0,754,none,0,-0.048,0.7910111542229042,0,3.32603270025676e-06,pass,[]
txn_004279,2025-01-22T10:51:54,payer_01979,payee_02904,224.52,qr,10,0.0,1.0,0.0,0,258.97,0.867,33010,-0.1422,B,1,0.8258,0.7636,1,1917,none,0,0.3716,1.487296740547228,0,7.871754300894521e-07,pass,[]
txn_000373,2025-01-02T22:06:00,payer_01566,payee_01861,2565.46,send,22,1.0,1.0,0.0,0,2251.48,1.139,35230,0.1305,B,1,0.393,0.9483,0,518,none,0,0.8261,0.6304873485835067,0,0.0001196068779708569,pass,"[{'id': 'odd_hour', 'label': 'Transaction at an unusual hour', 'detail': 'This transaction is happening between 21:00 and 08:00 local time — scammers often call late at night when the victim is tired or distracted.'}]"
txn_000624,2025-01-04T13:12:41,payer_00870,payee_01511,452.8,qr,13,0.0,1.0,0.0,0,655.1,0.691,24511,-0.3687,B,1,0.8769,0.6921,1,924,none,0,0.3263,0.5109235816621072,0,1.6337025916550776e-06,pass,[]
txn_011617,2025-02-28T19:13:55,payer_00805,payee_04311,688.5,send,19,0.0,0.0,0.0,12,693.02,0.993,29007,-0.0065,B,1,0.925,0.5962,1,2370,none,0,-0.0013,0.2441315344064226,0,3.4476591440237056e-06,pass,[]
txn_006096,2025-01-31T16:16:03,payer_00591,payee_02703,2893.39,qr,16,0.0,1.0,0.0,0,1579.37,1.832,26918,0.6051,A,1,0.5525,0.9144,1,876,none,0,0.521,0.1648314462832608,0,1.2284561865114886e-05,pass,[]
txn_004983,2025-01-25T12:07:16,payer_01412,payee_00222,1325.78,send,12,0.0,0.0,0.0,1,1480.04,0.896,16421,-0.11,A,1,0.9369,0.5558,1,583,none,0,-0.022,-0.8536224596064932,0,8.982911925887412e-06,pass,[]
txn_003488,2025-01-18T15:12:51,payer_00279,payee_01844,10.0,send,15,0.0,1.0,1.0,0,1370.22,0.007,17339,-4.8256,A,1,0.9999,0.0013,0,1559,none,0,-0.5651,-0.5551327041291045,0,3.1349845803674005e-08,pass,"[{'id': 'high_risk_merchant', 'label': 'Payee flagged as high-risk merchant', 'detail': 'This payee account has prior complaints or is on a high-risk watchlist.'}]"
txn_011979,2025-03-01T11:17:12,payer_00039,payee_02307,25.78,collect,11,0.0,1.0,0.0,0,511.05,0.05,35636,-2.9508,B,0,0.9987,0.0348,1,16324,declined,0,-0.1902,0.5302407879968509,0,0.009864578163426261,pass,"[{'id': 'collect_first_time', 'label': 'Collect request from a first-time payee', 'detail': ""This transaction is a UPI collect request (the payee is asking you to pay them, not the other way round) AND you've never paid this account before. Refund scammers use this exact pattern.""}]"
txn_002036,2025-01-11T16:39:20,payer_01199,payee_00874,380.27,send,16,0.0,1.0,0.0,0,727.52,0.523,16456,-0.6475,A,1,0.9217,0.59,1,400,none,0,0.2705,-0.6684531127684048,0,1.3472958232069367e-06,pass,[]
txn_008388,2025-02-11T05:51:19,payer_01130,payee_01898,11140.51,collect,5,1.0,1.0,0.0,0,860.26,12.95,1365,2.56,A,0,0.0081,0.9989,1,9125,declined,1,1.0,-1.3399784644866533,1,0.99986434588266,hard_block,"[{'id': 'collect_first_time', 'label': 'Collect request from a first-time payee', 'detail': ""This transaction is a UPI collect request (the payee is asking you to pay them, not the other way round) AND you've never paid this account before. Refund scammers use this exact pattern.""}, {'id': 'amount_spike', 'label': 'Amount is unusually high for this payer', 'detail': ""This transaction is more than 3x this payer's typical amount. Common in refund scams where the scammer asks for a 'verification' transfer.""}, {'id': 'fast_approval', 'label': 'Approval given suspiciously fast', 'detail': 'The user approved this in under 2 seconds — too fast to read the amount, the payee name, or the direction of the request.'}, {'id': 'odd_hour', 'label': 'Transaction at an unusual hour', 'detail': 'This transaction is happening between 21:00 and 08:00 local time — scammers often call late at night when the victim is tired or distracted.'}, {'id': 'high_amount_first_time', 'label': 'High amount + first-time payee combination', 'detail': 'First-time payee + unusually high amount + (collect or QR direction) is the strongest single signal in our historical scam data.'}]"
txn_000747,2025-01-04T11:18:52,payer_00187,payee_00412,546.83,send,11,0.0,0.0,0.0,5,1193.83,0.458,15658,-0.7798,B,0,0.9802,0.2999,1,27521,timeout,0,-0.156,-0.3569624037640071,0,3.1244451291351185e-06,pass,[]
txn_009037,2025-02-15T21:15:02,payer_00751,payee_00300,998.64,send,21,1.0,0.0,0.0,9,756.11,1.321,4550,0.2779,A,0,0.6224,0.8952,1,11521,declined,0,0.4556,-1.4482327006877094,1,0.0009206220457895261,pass,"[{'id': 'fast_approval', 'label': 'Approval given suspiciously fast', 'detail': 'The user approved this in under 2 seconds — too fast to read the amount, the payee name, or the direction of the request.'}, {'id': 'odd_hour', 'label': 'Transaction at an unusual hour', 'detail': 'This transaction is happening between 21:00 and 08:00 local time — scammers often call late at night when the victim is tired or distracted.'}]"
txn_009145,2025-02-15T16:11:49,payer_00310,payee_04645,118.9,send,16,0.0,0.0,0.0,3,394.16,0.302,31375,-1.1926,A,1,0.9905,0.1812,0,1994,none,0,-0.2385,0.3454962078307064,0,6.533120850704175e-07,pass,[]
txn_004447,2025-01-23T13:50:23,payer_01094,payee_04175,10844.64,collect,13,0.0,1.0,0.0,0,1976.97,5.485,3952,1.7017,A,1,0.1464,0.9841,1,2234,none,1,0.6,-0.9999999999259233,0,0.9673164888901311,hard_block,"[{'id': 'collect_first_time', 'label': 'Collect request from a first-time payee', 'detail': ""This transaction is a UPI collect request (the payee is asking you to pay them, not the other way round) AND you've never paid this account before. Refund scammers use this exact pattern.""}, {'id': 'amount_spike', 'label': 'Amount is unusually high for this payer', 'detail': ""This transaction is more than 3x this payer's typical amount. Common in refund scams where the scammer asks for a 'verification' transfer.""}, {'id': 'high_amount_first_time', 'label': 'High amount + first-time payee combination', 'detail': 'First-time payee + unusually high amount + (collect or QR direction) is the strongest single signal in our historical scam data.'}]"
txn_011019,2025-02-25T16:27:58,payer_00788,payee_01869,566.04,qr,16,0.0,1.0,0.0,0,439.09,1.289,4409,0.2535,B,1,0.6993,0.8588,1,2221,none,0,0.4507,-0.8911470628802136,0,2.1321595448092857e-06,pass,[]
txn_006743,2025-02-03T11:59:27,payer_00929,payee_04074,646.86,send,11,0.0,0.0,0.0,2,770.03,0.84,37112,-0.1741,A,1,0.9434,0.5303,0,1827,none,0,-0.0348,1.0562220312140271,0,4.096092532935202e-06,pass,[]
txn_007502,2025-02-07T17:19:14,payer_01544,payee_02251,807.5,send,17,0.0,1.0,0.0,0,1576.59,0.512,28837,-0.6685,B,1,0.9244,0.5819,1,2042,none,0,0.2663,1.769766415334579,0,2.9807245996805182e-06,pass,[]
txn_003100,2025-01-16T08:49:50,payer_00560,payee_03704,2177.02,qr,8,0.0,1.0,0.0,0,1565.85,1.39,25556,0.3293,A,0,0.6698,0.8729,1,9896,timeout,0,0.4659,0.7625002842250485,0,8.890514343584985e-06,pass,[]
txn_003299,2025-01-17T17:17:47,payer_00782,payee_04485,766.4,qr,17,0.0,1.0,0.0,0,1690.85,0.453,18163,-0.7906,B,1,0.9384,0.5337,1,1213,none,0,0.2419,-0.3631187711168404,0,2.8122229402373473e-06,pass,[]
txn_006245,2025-02-01T18:11:45,payer_00358,payee_04273,839.81,qr,18,0.0,0.0,0.0,9,566.73,1.482,42936,0.3927,B,1,0.8573,0.7366,1,2349,none,0,0.0785,0.9730647779473856,0,4.694647762245631e-06,pass,[]
txn_008292,2025-02-11T13:30:22,payer_01406,payee_03878,3448.71,send,13,0.0,0.0,0.0,10,2959.98,1.165,44367,0.1528,A,1,0.9025,0.6558,1,2163,none,0,0.0306,1.1987385505306976,0,2.0042367547561216e-05,pass,[]
txn_007566,2025-02-07T12:24:26,payer_00671,payee_01059,690.88,send,12,0.0,0.0,0.0,7,788.97,0.876,24425,-0.1326,A,1,0.9393,0.5468,0,1857,none,0,-0.0265,0.5455032697547241,0,3.889764714128099e-06,pass,[]
txn_003431,2025-01-18T02:49:34,payer_01396,payee_01492,2685.26,collect,2,1.0,1.0,0.0,0,192.1,13.979,6981,2.6327,B,1,0.0071,0.999,0,1102,none,1,1.0,-1.685050746085394,1,0.9994214459972905,hard_block,"[{'id': 'collect_first_time', 'label': 'Collect request from a first-time payee', 'detail': ""This transaction is a UPI collect request (the payee is asking you to pay them, not the other way round) AND you've never paid this account before. Refund scammers use this exact pattern.""}, {'id': 'amount_spike', 'label': 'Amount is unusually high for this payer', 'detail': ""This transaction is more than 3x this payer's typical amount. Common in refund scams where the scammer asks for a 'verification' transfer.""}, {'id': 'fast_approval', 'label': 'Approval given suspiciously fast', 'detail': 'The user approved this in under 2 seconds — too fast to read the amount, the payee name, or the direction of the request.'}, {'id': 'odd_hour', 'label': 'Transaction at an unusual hour', 'detail': 'This transaction is happening between 21:00 and 08:00 local time — scammers often call late at night when the victim is tired or distracted.'}, {'id': 'high_amount_first_time', 'label': 'High amount + first-time payee combination', 'detail': 'First-time payee + unusually high amount + (collect or QR direction) is the strongest single signal in our historical scam data.'}]"
txn_007118,2025-02-05T04:21:31,payer_01975,payee_03242,1231.06,send,4,1.0,0.0,0.0,7,726.12,1.695,15951,0.5274,A,0,0.5127,0.9272,1,20307,declined,0,0.5055,-1.4771196791425134,1,0.0012293004957563962,pass,"[{'id': 'fast_approval', 'label': 'Approval given suspiciously fast', 'detail': 'The user approved this in under 2 seconds — too fast to read the amount, the payee name, or the direction of the request.'}, {'id': 'odd_hour', 'label': 'Transaction at an unusual hour', 'detail': 'This transaction is happening between 21:00 and 08:00 local time — scammers often call late at night when the victim is tired or distracted.'}]"
txn_006805,2025-02-04T12:47:55,payer_00577,payee_02742,3246.86,send,12,0.0,1.0,0.0,0,1851.44,1.754,17255,0.5615,B,1,0.5718,0.9087,1,1380,none,0,0.5123,-0.9625536215666736,0,1.3820242213262247e-05,pass,[]
txn_001261,2025-01-07T23:59:13,payer_01595,payee_02292,186.35,qr,23,1.0,0.0,0.0,4,191.76,0.972,13263,-0.0285,B,1,0.741,0.8395,1,2409,none,0,0.3943,-0.956477060848004,0,1.211886552694831e-05,pass,"[{'id': 'odd_hour', 'label': 'Transaction at an unusual hour', 'detail': 'This transaction is happening between 21:00 and 08:00 local time — scammers often call late at night when the victim is tired or distracted.'}]"
txn_000647,2025-01-04T15:16:37,payer_01132,payee_03422,420.43,send,15,0.0,0.0,0.0,4,444.54,0.946,31861,-0.0556,A,0,0.9309,0.5771,1,24541,bank_down,0,-0.0111,-0.0680740508213333,0,2.4884976477999646e-06,pass,[]
txn_000019,2025-01-01T16:48:54,payer_01109,payee_04118,1216.67,qr,16,0.0,1.0,0.0,0,526.11,2.313,31658,0.8373,A,1,0.4484,0.9393,1,2071,none,0,0.5675,0.5283189211387738,0,5.0419211278491895e-06,pass,[]
txn_005608,2025-01-29T12:49:14,payer_01872,payee_01000,138.68,send,12,0.0,1.0,0.0,0,511.07,0.271,25549,-1.2991,B,0,0.9744,0.3366,1,21734,timeout,0,0.1402,1.3544169572908071,0,4.600514294497634e-07,pass,[]
txn_002145,2025-01-11T04:12:35,payer_00972,payee_04564,1034.09,send,4,1.0,1.0,0.0,0,634.6,1.63,6768,0.4877,A,1,0.2539,0.9701,1,1334,none,0,0.8975,-1.1557265899924989,0,4.6975124603740523e-05,pass,"[{'id': 'odd_hour', 'label': 'Transaction at an unusual hour', 'detail': 'This transaction is happening between 21:00 and 08:00 local time — scammers often call late at night when the victim is tired or distracted.'}]"
txn_006920,2025-02-04T21:07:11,payer_01950,payee_02218,249.16,collect,21,1.0,1.0,0.0,0,556.16,0.448,29994,-0.8007,B,1,0.7758,0.8052,0,1135,none,0,0.6399,0.4230430866367013,0,0.552929693084365,pass,"[{'id': 'collect_first_time', 'label': 'Collect request from a first-time payee', 'detail': ""This transaction is a UPI collect request (the payee is asking you to pay them, not the other way round) AND you've never paid this account before. Refund scammers use this exact pattern.""}, {'id': 'odd_hour', 'label': 'Transaction at an unusual hour', 'detail': 'This transaction is happening between 21:00 and 08:00 local time — scammers often call late at night when the victim is tired or distracted.'}]"
txn_005922,2025-01-30T15:22:23,payer_00663,payee_01235,1699.06,collect,15,0.0,0.0,0.0,10,881.82,1.927,28365,0.6553,B,0,0.7893,0.8098,1,9809,bank_down,0,0.1311,0.8936412406421503,0,0.5533022925569453,pass,[]
txn_009411,2025-02-17T12:29:48,payer_00577,payee_03543,1714.14,send,12,0.0,1.0,0.0,0,1851.44,0.926,41624,-0.077,B,1,0.8082,0.7819,1,1036,none,0,0.3846,0.6029504409889396,0,6.743144913893999e-06,pass,[]
txn_002791,2025-01-14T09:31:02,payer_00937,payee_02491,374.28,send,9,0.0,0.0,0.0,5,322.4,1.161,23033,0.1488,A,1,0.9031,0.6543,1,2359,none,0,0.0298,0.0360327900827907,0,2.17174154600939e-06,pass,[]
txn_004954,2025-01-25T11:40:19,payer_00077,payee_03231,1719.13,send,11,0.0,1.0,0.0,0,1197.54,1.436,41213,0.3613,A,0,0.6569,0.8785,1,11811,declined,0,0.4723,1.1760395035479068,0,6.943797130851939e-06,pass,[]
txn_006727,2025-02-03T16:25:34,payer_00492,payee_03834,368.36,send,16,0.0,1.0,0.0,0,1505.34,0.245,3615,-1.4057,B,0,0.9788,0.2996,1,16350,timeout,0,0.1189,-1.348744785009531,1,1.847408810712447e-05,pass,"[{'id': 'fast_approval', 'label': 'Approval given suspiciously fast', 'detail': 'The user approved this in under 2 seconds — too fast to read the amount, the payee name, or the direction of the request.'}]"
txn_001905,2025-01-10T21:55:44,payer_01653,payee_02193,423.42,send,21,1.0,1.0,0.0,0,374.34,1.131,18515,0.1229,B,1,0.3962,0.9477,0,594,none,0,0.8246,-1.2770830050088895,1,0.0002565682310586308,pass,"[{'id': 'fast_approval', 'label': 'Approval given suspiciously fast', 'detail': 'The user approved this in under 2 seconds — too fast to read the amount, the payee name, or the direction of the request.'}, {'id': 'odd_hour', 'label': 'Transaction at an unusual hour', 'detail': 'This transaction is happening between 21:00 and 08:00 local time — scammers often call late at night when the victim is tired or distracted.'}]"
txn_002021,2025-01-11T15:58:19,payer_00380,payee_04020,1799.55,send,15,0.0,1.0,0.0,0,1395.55,1.289,12647,0.2541,B,1,0.699,0.8589,0,338,none,0,0.4508,-0.0900075462522212,0,7.2325072487293655e-06,pass,[]
txn_005357,2025-01-27T07:57:59,payer_01381,payee_00694,178.12,collect,7,1.0,1.0,0.0,0,154.57,1.152,34692,0.1409,A,1,0.3885,0.9491,1,1496,none,0,0.8282,1.0513411099019037,0,0.473927433467644,pass,"[{'id': 'collect_first_time', 'label': 'Collect request from a first-time payee', 'detail': ""This transaction is a UPI collect request (the payee is asking you to pay them, not the other way round) AND you've never paid this account before. Refund scammers use this exact pattern.""}, {'id': 'odd_hour', 'label': 'Transaction at an unusual hour', 'detail': 'This transaction is happening between 21:00 and 08:00 local time — scammers often call late at night when the victim is tired or distracted.'}]"
txn_003501,2025-01-18T13:56:08,payer_00565,payee_04927,1310.57,send,13,0.0,0.0,0.0,8,972.72,1.347,15684,0.2979,B,0,0.8769,0.7061,1,16194,declined,0,0.0596,-1.0515180511542517,0,7.645401080688591e-06,pass,[]
txn_001369,2025-01-07T18:53:18,payer_01976,payee_00317,481.79,send,18,0.0,1.0,0.0,0,609.69,0.79,23261,-0.235,A,1,0.8485,0.7358,1,1270,none,0,0.353,0.3728467755814181,0,1.7531413511461292e-06,pass,[]
txn_004767,2025-01-24T23:56:20,payer_01609,payee_00480,405.56,qr,23,1.0,1.0,0.0,0,910.35,0.445,32242,-0.8072,B,1,0.7778,0.8035,1,309,none,0,0.6386,1.0101124711742937,0,1.6456635342419093e-05,pass,"[{'id': 'odd_hour', 'label': 'Transaction at an unusual hour', 'detail': 'This transaction is happening between 21:00 and 08:00 local time — scammers often call late at night when the victim is tired or distracted.'}]"
txn_001368,2025-01-07T20:19:41,payer_00765,payee_04858,1536.07,send,20,0.0,1.0,0.0,0,1126.47,1.364,5025,0.3099,B,1,0.6775,0.8694,1,1195,none,0,0.462,-1.1067555840599457,0,6.142245795766775e-06,pass,[]
txn_009373,2025-02-16T19:12:00,payer_01996,payee_00263,2722.39,send,19,0.0,1.0,0.0,0,3243.64,0.839,42940,-0.1751,B,1,0.8341,0.754,1,1371,none,0,0.365,1.0367949824584484,0,1.0944688410037939e-05,pass,[]
txn_009784,2025-02-18T16:23:51,payer_01843,payee_03468,1743.16,send,16,0.0,1.0,0.0,0,784.36,2.222,26664,0.7979,B,1,0.466,0.9356,0,2381,none,0,0.5596,0.9077257392250468,0,7.337311030334021e-06,pass,[]
txn_001941,2025-01-10T21:34:03,payer_01354,payee_02785,1264.01,send,21,1.0,1.0,0.0,0,1294.66,0.976,25666,-0.0239,A,1,0.4609,0.9347,1,1621,none,0,0.7952,0.056737008283177,0,5.6148614792154094e-05,pass,"[{'id': 'odd_hour', 'label': 'Transaction at an unusual hour', 'detail': 'This transaction is happening between 21:00 and 08:00 local time — scammers often call late at night when the victim is tired or distracted.'}]"
txn_007588,2025-02-07T14:42:01,payer_01023,payee_01279,239.23,send,14,0.0,1.0,0.0,0,475.94,0.503,12539,-0.6858,A,1,0.9265,0.5751,0,2090,none,0,0.2628,-1.4897906609347595,1,1.1880449487812635e-05,pass,"[{'id': 'fast_approval', 'label': 'Approval given suspiciously fast', 'detail': 'The user approved this in under 2 seconds — too fast to read the amount, the payee name, or the direction of the request.'}]"
txn_001978,2025-01-10T23:00:55,payer_01626,payee_00392,3489.33,qr,23,1.0,1.0,0.0,0,949.25,3.676,18190,1.301,B,1,0.073,0.9917,0,1925,none,0,1.0,-0.4586686620484168,0,0.0007417357800225586,pass,"[{'id': 'amount_spike', 'label': 'Amount is unusually high for this payer', 'detail': ""This transaction is more than 3x this payer's typical amount. Common in refund scams where the scammer asks for a 'verification' transfer.""}, {'id': 'odd_hour', 'label': 'Transaction at an unusual hour', 'detail': 'This transaction is happening between 21:00 and 08:00 local time — scammers often call late at night when the victim is tired or distracted.'}]"
txn_008726,2025-02-13T08:12:56,payer_01166,payee_00144,1491.49,send,8,0.0,0.0,0.0,8,866.28,1.722,2701,0.5428,B,1,0.821,0.7805,1,2025,none,0,0.1086,-1.1779292613791654,0,8.935320932205461e-06,pass,[]
txn_005364,2025-01-27T18:28:22,payer_01534,payee_03550,125.02,collect,18,0.0,0.0,0.0,8,197.11,0.634,8986,-0.4524,A,1,0.9649,0.4197,0,318,none,0,-0.0905,-0.7100993265795414,0,0.07215731689220573,pass,[]
txn_003366,2025-01-17T13:43:13,payer_01573,payee_00084,2171.19,send,13,0.0,1.0,0.0,0,835.8,2.598,14883,0.9539,B,1,0.3972,0.9491,0,489,none,0,0.5908,-0.9100009781621076,0,9.43409707232029e-06,pass,[]
txn_006618,2025-02-03T16:56:41,payer_00030,payee_04423,292.76,send,16,0.0,0.0,0.0,12,367.22,0.797,13118,-0.2259,B,1,0.9482,0.5096,1,2206,none,0,-0.0452,-0.0963682824872979,0,1.3849171870209023e-06,pass,[]
txn_007113,2025-02-05T22:52:55,payer_01726,payee_04861,15051.39,collect,22,1.0,1.0,0.0,0,864.88,17.403,3250,2.8555,B,1,0.0048,0.9993,0,665,none,1,1.0,-1.3787716544280653,1,0.9999215155323589,hard_block,"[{'id': 'collect_first_time', 'label': 'Collect request from a first-time payee', 'detail': ""This transaction is a UPI collect request (the payee is asking you to pay them, not the other way round) AND you've never paid this account before. Refund scammers use this exact pattern.""}, {'id': 'amount_spike', 'label': 'Amount is unusually high for this payer', 'detail': ""This transaction is more than 3x this payer's typical amount. Common in refund scams where the scammer asks for a 'verification' transfer.""}, {'id': 'fast_approval', 'label': 'Approval given suspiciously fast', 'detail': 'The user approved this in under 2 seconds — too fast to read the amount, the payee name, or the direction of the request.'}, {'id': 'odd_hour', 'label': 'Transaction at an unusual hour', 'detail': 'This transaction is happening between 21:00 and 08:00 local time — scammers often call late at night when the victim is tired or distracted.'}, {'id': 'high_amount_first_time', 'label': 'High amount + first-time payee combination', 'detail': 'First-time payee + unusually high amount + (collect or QR direction) is the strongest single signal in our historical scam data.'}]"
txn_005046,2025-01-26T11:54:25,payer_01348,payee_01727,246.05,send,11,0.0,1.0,0.0,0,293.23,0.839,20353,-0.1748,B,1,0.834,0.7541,1,2163,none,0,0.365,-0.111213848746691,0,8.655829469392076e-07,pass,[]
txn_003889,2025-01-20T20:43:41,payer_01671,payee_00096,734.59,collect,20,0.0,1.0,0.0,0,801.06,0.917,36783,-0.0865,B,1,0.8109,0.7793,1,351,none,0,0.3827,0.8306009793805662,0,0.2569482630799664,pass,"[{'id': 'collect_first_time', 'label': 'Collect request from a first-time payee', 'detail': ""This transaction is a UPI collect request (the payee is asking you to pay them, not the other way round) AND you've never paid this account before. Refund scammers use this exact pattern.""}]"
txn_003372,2025-01-17T17:02:38,payer_00602,payee_02395,195.58,qr,17,0.0,1.0,0.0,0,149.09,1.312,34076,0.2698,B,1,0.693,0.862,1,2065,none,0,0.454,0.754264004718785,0,6.965696546066417e-07,pass,[]
txn_004553,2025-01-23T21:11:02,payer_01219,payee_02613,1042.75,send,21,1.0,0.0,0.0,9,673.18,1.549,28120,0.4371,A,0,0.5531,0.9168,1,26780,declined,0,0.4874,-0.1782291680285191,0,6.78392215999456e-05,pass,"[{'id': 'odd_hour', 'label': 'Transaction at an unusual hour', 'detail': 'This transaction is happening between 21:00 and 08:00 local time — scammers often call late at night when the victim is tired or distracted.'}]"
txn_011192,2025-02-25T06:22:10,payer_01084,payee_03491,734.48,send,6,1.0,1.0,0.0,0,407.9,1.801,17076,0.5871,A,1,0.2215,0.9744,1,1599,none,0,0.9174,-1.0538598235710572,0,3.302228799900018e-05,pass,"[{'id': 'odd_hour', 'label': 'Transaction at an unusual hour', 'detail': 'This transaction is happening between 21:00 and 08:00 local time — scammers often call late at night when the victim is tired or distracted.'}]"
txn_003045,2025-01-16T10:39:58,payer_01480,payee_00346,399.03,qr,10,0.0,0.0,0.0,5,214.24,1.863,36208,0.6198,B,1,0.7997,0.8009,1,752,none,0,0.124,1.080269120360006,0,2.4089255462038216e-06,pass,[]
txn_004810,2025-01-25T09:32:48,payer_00236,payee_02576,1349.01,send,9,0.0,1.0,0.0,0,1662.79,0.811,41327,-0.209,A,0,0.8424,0.7438,1,13282,declined,0,0.3582,1.3809682139992787,0,5.204605493766249e-06,pass,[]
txn_002333,2025-01-12T13:36:59,payer_01313,payee_01253,1897.64,collect,13,0.0,1.0,0.0,0,1596.24,1.189,12326,0.1729,B,1,0.7289,0.8425,1,1916,none,0,0.4346,-0.0565454156556202,0,0.4886333490643104,pass,"[{'id': 'collect_first_time', 'label': 'Collect request from a first-time payee', 'detail': ""This transaction is a UPI collect request (the payee is asking you to pay them, not the other way round) AND you've never paid this account before. Refund scammers use this exact pattern.""}]"
txn_000839,2025-01-05T17:36:16,payer_01573,payee_00084,1113.77,send,17,0.0,1.0,0.0,0,835.8,1.333,37983,0.2868,A,0,0.6865,0.8652,1,16898,timeout,0,0.4574,1.10268070927891,0,4.366696365420771e-06,pass,[]
txn_005262,2025-01-27T16:58:53,payer_00582,payee_02527,6430.66,qr,16,0.0,1.0,0.0,0,3033.49,2.12,14428,0.7512,B,1,0.487,0.931,0,476,none,0,0.5502,-1.2087932127873833,1,0.00041696539218445417,pass,"[{'id': 'fast_approval', 'label': 'Approval given suspiciously fast', 'detail': 'The user approved this in under 2 seconds — too fast to read the amount, the payee name, or the direction of the request.'}]"
txn_008516,2025-02-12T11:03:15,payer_01327,payee_04565,365.76,send,11,0.0,1.0,0.0,0,466.61,0.784,5777,-0.2429,B,1,0.8503,0.7333,1,1788,none,0,0.3514,-0.9935811638506286,0,1.3106409751608228e-06,pass,[]
txn_010904,2025-02-24T13:36:39,payer_00734,payee_03527,2804.17,send,13,0.0,0.0,1.0,1,1541.55,1.819,33399,0.598,A,1,0.695,0.7421,1,597,none,0,0.1196,1.7040535248117534,0,2.1083673361441795e-05,pass,"[{'id': 'high_risk_merchant', 'label': 'Payee flagged as high-risk merchant', 'detail': 'This payee account has prior complaints or is on a high-risk watchlist.'}]"
txn_001434,2025-01-08T11:44:12,payer_00415,payee_02611,646.66,send,11,0.0,1.0,0.0,0,1311.77,0.493,32164,-0.7065,B,1,0.929,0.567,1,1339,none,0,0.2587,0.3065548925578991,0,2.35536667821033e-06,pass,[]
txn_003857,2025-01-20T15:01:01,payer_00102,payee_01195,1483.26,send,15,0.0,1.0,0.0,0,909.81,1.63,34362,0.4883,A,1,0.6037,0.8986,1,526,none,0,0.4977,1.2904125908815272,0,6.000978535549527e-06,pass,[]
txn_004601,2025-01-24T13:34:35,payer_01835,payee_01738,6279.14,send,13,0.0,0.0,0.0,1,2747.23,2.286,25892,0.8264,B,1,0.7335,0.8484,1,1362,none,0,0.1653,0.389072144012858,0,4.991510081595755e-05,pass,[]
txn_002673,2025-01-14T20:53:37,payer_00905,payee_01446,1389.06,send,20,0.0,1.0,0.0,0,1215.33,1.143,10848,0.1335,A,1,0.7426,0.8339,1,2349,none,0,0.4267,-1.0334888818358583,0,5.460490330730549e-06,pass,[]
txn_005180,2025-01-26T20:52:02,payer_01086,payee_04318,541.7,send,20,0.0,1.0,0.0,0,509.19,1.064,43038,0.0618,A,0,0.7665,0.8174,1,24876,network_error,0,0.4124,-0.9999999985744832,0,2.0120885164507427e-06,pass,[]
txn_000487,2025-01-03T13:34:26,payer_01570,payee_04823,16269.55,collect,13,0.0,1.0,0.0,0,126.81,128.295,5548,4.8465,B,1,0.0006,0.9999,0,1566,none,1,0.6,-0.9981257853839408,0,0.9999604480291003,hard_block,"[{'id': 'collect_first_time', 'label': 'Collect request from a first-time payee', 'detail': ""This transaction is a UPI collect request (the payee is asking you to pay them, not the other way round) AND you've never paid this account before. Refund scammers use this exact pattern.""}, {'id': 'amount_spike', 'label': 'Amount is unusually high for this payer', 'detail': ""This transaction is more than 3x this payer's typical amount. Common in refund scams where the scammer asks for a 'verification' transfer.""}, {'id': 'high_amount_first_time', 'label': 'High amount + first-time payee combination', 'detail': 'First-time payee + unusually high amount + (collect or QR direction) is the strongest single signal in our historical scam data.'}]"
txn_005517,2025-01-28T12:10:57,payer_01214,payee_00417,1121.55,collect,12,0.0,1.0,0.0,0,1577.3,0.711,36929,-0.3407,B,1,0.8714,0.7016,1,1671,none,0,0.3319,0.848863153767509,0,0.3484974146010764,pass,"[{'id': 'collect_first_time', 'label': 'Collect request from a first-time payee', 'detail': ""This transaction is a UPI collect request (the payee is asking you to pay them, not the other way round) AND you've never paid this account before. Refund scammers use this exact pattern.""}]"
txn_000533,2025-01-03T16:02:54,payer_00802,payee_01247,243.82,send,16,0.0,1.0,0.0,0,198.36,1.229,32864,0.2054,B,1,0.7171,0.8492,1,1446,none,0,0.4411,0.8638337917216721,0,8.747096466477725e-07,pass,[]
txn_007602,2025-02-08T04:18:10,payer_01016,payee_04355,10.0,send,4,1.0,0.0,0.0,1,1947.68,0.005,18295,-5.177,A,1,1.0,0.0014,0,622,none,0,-0.6354,-0.3686597668850994,0,6.198347937955342e-07,pass,"[{'id': 'odd_hour', 'label': 'Transaction at an unusual hour', 'detail': 'This transaction is happening between 21:00 and 08:00 local time — scammers often call late at night when the victim is tired or distracted.'}]"
txn_007606,2025-02-08T17:29:56,payer_00659,payee_03951,121.03,send,17,0.0,0.0,0.0,11,109.98,1.1,21195,0.0949,A,1,0.9113,0.6346,0,368,none,0,0.019,-0.0692913900950103,0,5.695763299199434e-07,pass,[]
txn_006081,2025-01-31T11:10:18,payer_01259,payee_01575,400.8,qr,11,0.0,0.0,0.0,12,486.75,0.823,44946,-0.1939,A,1,0.9453,0.5224,1,1329,none,0,-0.0388,1.501020529985437,0,1.9310616041570595e-06,pass,[]
txn_002960,2025-01-15T11:56:24,payer_01530,payee_00514,341.39,send,11,0.0,0.0,0.0,5,321.03,1.063,16928,0.0613,A,1,0.916,0.622,1,1870,none,0,0.0123,-0.970613196233421,0,1.9611301023775796e-06,pass,[]
txn_002183,2025-01-11T19:48:04,payer_00739,payee_00917,36.4,qr,19,0.0,1.0,0.0,0,749.6,0.049,22180,-2.9991,A,1,0.9988,0.0323,0,1529,none,0,-0.1998,1.3211188111667502,0,1.1294669362088084e-07,pass,[]
txn_010964,2025-02-24T11:39:29,payer_01430,payee_01566,6291.64,send,11,0.0,0.0,0.0,5,7375.12,0.853,25395,-0.1589,A,1,0.9419,0.5364,0,2361,none,0,-0.0318,0.2011740147483816,0,4.210833821287376e-05,pass,[]
txn_004168,2025-01-21T15:06:07,payer_00858,payee_01918,5992.2,collect,15,0.0,0.0,0.0,11,574.04,10.439,825,2.3439,B,1,0.152,0.9845,0,1468,none,1,0.2,-1.51780882457441,1,0.9902980303368732,hard_block,"[{'id': 'amount_spike', 'label': 'Amount is unusually high for this payer', 'detail': ""This transaction is more than 3x this payer's typical amount. Common in refund scams where the scammer asks for a 'verification' transfer.""}, {'id': 'fast_approval', 'label': 'Approval given suspiciously fast', 'detail': 'The user approved this in under 2 seconds — too fast to read the amount, the payee name, or the direction of the request.'}]"
txn_005719,2025-01-29T17:55:58,payer_01179,payee_02685,1345.89,send,17,0.0,0.0,0.0,5,951.85,1.414,21107,0.3461,A,1,0.8673,0.7219,0,1307,none,0,0.0692,0.0717937326278598,0,8.494885014474304e-06,pass,[]
txn_011203,2025-02-26T21:57:43,payer_00356,payee_02851,108.5,send,21,1.0,0.0,0.0,4,105.7,1.027,37231,0.0259,A,1,0.7218,0.8509,1,2002,none,0,0.4052,1.888222923614815,0,6.888479111316634e-06,pass,"[{'id': 'odd_hour', 'label': 'Transaction at an unusual hour', 'detail': 'This transaction is happening between 21:00 and 08:00 local time — scammers often call late at night when the victim is tired or distracted.'}]"
txn_011555,2025-02-27T10:33:59,payer_00331,payee_01021,1217.64,send,10,0.0,0.0,0.0,4,800.45,1.521,37314,0.4191,B,1,0.8514,0.7447,1,1810,none,0,0.0838,0.9366830105190764,0,7.875819767412423e-06,pass,[]
txn_007091,2025-02-05T10:51:39,payer_00249,payee_00877,63.97,send,10,0.0,0.0,0.0,6,216.78,0.295,21188,-1.2095,A,1,0.9908,0.1772,0,1553,none,0,-0.2419,-0.0608252095097683,0,3.1738700522536534e-07,pass,[]
txn_009326,2025-02-16T07:11:32,payer_00722,payee_04491,164.46,qr,7,1.0,0.0,0.0,1,143.79,1.144,11563,0.1334,B,1,0.6813,0.8714,1,1024,none,0,0.4267,-0.718633092049848,0,1.1543087314573048e-05,pass,"[{'id': 'odd_hour', 'label': 'Transaction at an unusual hour', 'detail': 'This transaction is happening between 21:00 and 08:00 local time — scammers often call late at night when the victim is tired or distracted.'}]"
txn_006714,2025-02-03T12:03:03,payer_01028,payee_01518,640.5,send,12,0.0,1.0,0.0,0,971.51,0.659,28249,-0.4161,A,1,0.8858,0.6757,1,1212,none,0,0.3168,0.338280426109587,0,2.351699077320262e-06,pass,[]
txn_000200,2025-01-02T00:55:45,payer_00411,payee_01480,2637.1,send,0,1.0,1.0,0.0,0,1900.38,1.388,14717,0.3275,B,1,0.3123,0.9617,0,1167,none,0,0.8655,-0.6211665029459263,0,0.0001247269640857081,pass,"[{'id': 'odd_hour', 'label': 'Transaction at an unusual hour', 'detail': 'This transaction is happening between 21:00 and 08:00 local time — scammers often call late at night when the victim is tired or distracted.'}]"
txn_011772,2025-02-28T17:27:34,payer_01250,payee_03097,2184.91,send,17,0.0,0.0,0.0,3,1342.8,1.627,20170,0.4865,B,0,0.8354,0.7647,0,17639,timeout,0,0.0973,0.476428656390538,0,1.5052515645480298e-05,pass,[]
txn_002210,2025-01-12T08:37:36,payer_01741,payee_04929,565.28,collect,8,0.0,1.0,0.0,0,779.4,0.725,34159,-0.3207,B,0,0.8673,0.7082,1,13108,declined,0,0.3359,0.4686186396670886,0,0.2061469877690735,pass,"[{'id': 'collect_first_time', 'label': 'Collect request from a first-time payee', 'detail': ""This transaction is a UPI collect request (the payee is asking you to pay them, not the other way round) AND you've never paid this account before. Refund scammers use this exact pattern.""}]"
txn_008251,2025-02-11T22:38:48,payer_00153,payee_01734,1528.21,send,22,1.0,1.0,0.0,0,1161.93,1.315,32972,0.2738,B,1,0.3334,0.9584,1,1521,none,0,0.8548,1.21738817272081,0,6.982203546162608e-05,pass,"[{'id': 'odd_hour', 'label': 'Transaction at an unusual hour', 'detail': 'This transaction is happening between 21:00 and 08:00 local time — scammers often call late at night when the victim is tired or distracted.'}]"
txn_007838,2025-02-09T20:05:59,payer_01236,payee_04749,1250.61,collect,20,0.0,1.0,0.0,0,884.87,1.413,19632,0.3456,A,0,0.6633,0.8758,0,12956,network_error,0,0.4691,-0.1010829376463572,0,0.3835591654768296,pass,"[{'id': 'collect_first_time', 'label': 'Collect request from a first-time payee', 'detail': ""This transaction is a UPI collect request (the payee is asking you to pay them, not the other way round) AND you've never paid this account before. Refund scammers use this exact pattern.""}]"
txn_009119,2025-02-15T14:14:28,payer_00986,payee_04086,1830.26,send,14,0.0,1.0,0.0,0,2046.74,0.894,32835,-0.1117,B,1,0.8177,0.7723,1,1246,none,0,0.3777,0.5935678654515512,0,7.214786135624688e-06,pass,[]
txn_008761,2025-02-13T17:50:08,payer_01764,payee_01831,10.0,collect,17,0.0,1.0,0.0,0,605.46,0.017,40690,-4.0097,A,1,0.9998,0.0066,0,2129,none,0,-0.4019,1.1020464319695429,0,0.00386776079390765,pass,"[{'id': 'collect_first_time', 'label': 'Collect request from a first-time payee', 'detail': ""This transaction is a UPI collect request (the payee is asking you to pay them, not the other way round) AND you've never paid this account before. Refund scammers use this exact pattern.""}]"
txn_009117,2025-02-15T00:06:50,payer_00379,payee_00194,3878.63,send,0,1.0,1.0,0.0,0,1024.33,3.787,18938,1.3307,B,1,0.0694,0.9921,0,2421,none,0,1.0,-0.1778757988856947,0,0.0008341401303320189,pass,"[{'id': 'amount_spike', 'label': 'Amount is unusually high for this payer', 'detail': ""This transaction is more than 3x this payer's typical amount. Common in refund scams where the scammer asks for a 'verification' transfer.""}, {'id': 'odd_hour', 'label': 'Transaction at an unusual hour', 'detail': 'This transaction is happening between 21:00 and 08:00 local time — scammers often call late at night when the victim is tired or distracted.'}]"
txn_011718,2025-02-28T15:21:39,payer_01920,payee_02449,1055.87,send,15,0.0,0.0,0.0,4,1264.81,0.835,37550,-0.1804,A,1,0.944,0.5278,1,2360,none,0,-0.0361,1.2955471596311237,0,6.539913781779117e-06,pass,[]
txn_002444,2025-01-13T12:45:45,payer_00020,payee_04799,3872.07,send,12,0.0,1.0,0.0,0,2491.3,1.554,17082,0.4408,B,1,0.624,0.8914,1,2070,none,0,0.4882,-0.3524596812778428,0,1.6476751865883666e-05,pass,[]
txn_003312,2025-01-17T12:27:26,payer_01124,payee_04200,2537.5,send,12,0.0,1.0,0.0,0,322.43,7.87,9837,2.0604,B,1,0.0825,0.991,0,1626,none,0,0.6,-0.465396198346127,0,5.740716332575339e-05,pass,"[{'id': 'amount_spike', 'label': 'Amount is unusually high for this payer', 'detail': ""This transaction is more than 3x this payer's typical amount. Common in refund scams where the scammer asks for a 'verification' transfer.""}]"
txn_000218,2025-01-02T18:00:22,payer_00751,payee_00300,657.28,send,18,0.0,1.0,0.0,0,756.11,0.869,25006,-0.1399,B,1,0.8252,0.7643,1,2176,none,0,0.372,0.4335790099489476,0,2.4430429207801233e-06,pass,[]
txn_002615,2025-01-14T11:30:32,payer_00932,payee_01422,251.35,qr,11,0.0,0.0,0.0,6,598.46,0.42,35740,-0.8652,A,1,0.983,0.272,0,2079,none,0,-0.173,1.0145179430637787,0,1.3407702473714497e-06,pass,[]
txn_008029,2025-02-10T09:20:00,payer_01514,payee_04118,10.0,send,9,0.0,0.0,0.0,1,101.7,0.098,42469,-2.2339,A,1,0.9985,0.0401,0,518,none,0,-0.4468,1.238793749284844,0,5.435168998382519e-08,pass,[]
txn_003777,2025-01-19T10:26:29,payer_01395,payee_01493,1669.52,send,10,0.0,1.0,0.0,0,1134.64,1.471,39793,0.3859,A,0,0.6469,0.8826,1,29328,timeout,0,0.4772,1.214397471946031,0,6.744402979844435e-06,pass,[]
txn_004629,2025-01-24T23:37:28,payer_00208,payee_00163,237.05,qr,23,1.0,1.0,0.0,0,466.42,0.508,9237,-0.6748,B,1,0.7339,0.8348,1,1217,none,0,0.665,-1.1677403940303366,0,9.375834667318703e-06,pass,"[{'id': 'odd_hour', 'label': 'Transaction at an unusual hour', 'detail': 'This transaction is happening between 21:00 and 08:00 local time — scammers often call late at night when the victim is tired or distracted.'}]"
txn_010736,2025-02-23T17:01:59,payer_00945,payee_04751,1844.37,qr,17,0.0,0.0,0.0,10,1199.13,1.538,42356,0.4302,B,0,0.8488,0.7481,1,10511,timeout,0,0.086,1.144478207429022,0,1.0545405535808303e-05,pass,[]
txn_009192,2025-02-15T14:59:07,payer_00135,payee_00591,204.12,qr,14,0.0,0.0,0.0,3,153.56,1.329,32503,0.283,A,1,0.8798,0.7012,1,2451,none,0,0.0566,0.5488760666702656,0,1.2150531885764642e-06,pass,[]
txn_011998,2025-03-01T15:58:14,payer_01392,payee_00586,430.09,send,15,0.0,0.0,0.0,1,316.68,1.358,21864,0.3052,B,1,0.8755,0.7086,1,1079,none,0,0.061,-0.8504295500868971,0,2.8029270828140385e-06,pass,[]
txn_011751,2025-02-28T23:10:34,payer_00641,payee_04656,2523.09,collect,23,1.0,1.0,0.0,0,1349.41,1.87,18025,0.6255,B,1,0.2098,0.9759,1,2477,none,0,0.9251,-0.6976384408737902,0,0.9387370933709688,hard_block,"[{'id': 'collect_first_time', 'label': 'Collect request from a first-time payee', 'detail': ""This transaction is a UPI collect request (the payee is asking you to pay them, not the other way round) AND you've never paid this account before. Refund scammers use this exact pattern.""}, {'id': 'odd_hour', 'label': 'Transaction at an unusual hour', 'detail': 'This transaction is happening between 21:00 and 08:00 local time — scammers often call late at night when the victim is tired or distracted.'}]"
txn_007189,2025-02-05T23:22:33,payer_01905,payee_00291,259.07,collect,23,1.0,1.0,1.0,0,170.25,1.522,7821,0.4179,A,0,0.1748,0.9556,1,29223,declined,0,0.8836,-0.7205962234663358,0,0.5800657541308608,pass,"[{'id': 'collect_first_time', 'label': 'Collect request from a first-time payee', 'detail': ""This transaction is a UPI collect request (the payee is asking you to pay them, not the other way round) AND you've never paid this account before. Refund scammers use this exact pattern.""}, {'id': 'odd_hour', 'label': 'Transaction at an unusual hour', 'detail': 'This transaction is happening between 21:00 and 08:00 local time — scammers often call late at night when the victim is tired or distracted.'}, {'id': 'high_risk_merchant', 'label': 'Payee flagged as high-risk merchant', 'detail': 'This payee account has prior complaints or is on a high-risk watchlist.'}]"
txn_011590,2025-02-27T12:49:44,payer_01729,payee_03463,1239.05,send,12,0.0,1.0,1.0,0,1761.64,0.703,11621,-0.3517,A,1,0.7913,0.6312,0,2292,none,0,0.3297,-1.1821854577212008,0,4.7986974385703316e-06,pass,"[{'id': 'high_risk_merchant', 'label': 'Payee flagged as high-risk merchant', 'detail': 'This payee account has prior complaints or is on a high-risk watchlist.'}]"
txn_001670,2025-01-09T15:20:15,payer_01871,payee_03246,4201.91,send,15,0.0,0.0,0.0,1,2494.29,1.685,34500,0.5214,A,1,0.8266,0.7746,1,546,none,0,0.1043,0.7468281828828749,0,3.1653128435046645e-05,pass,[]
txn_001188,2025-01-06T06:16:12,payer_01840,payee_00002,952.48,send,6,1.0,1.0,0.0,0,633.47,1.504,23736,0.4073,B,1,0.2823,0.9662,0,2357,none,0,0.8815,-0.1785999799691612,0,4.279056698565458e-05,pass,"[{'id': 'odd_hour', 'label': 'Transaction at an unusual hour', 'detail': 'This transaction is happening between 21:00 and 08:00 local time — scammers often call late at night when the victim is tired or distracted.'}]"
txn_001614,2025-01-09T00:13:29,payer_01006,payee_03799,1870.82,collect,0,1.0,1.0,0.0,0,389.5,4.803,23955,1.5672,B,1,0.0465,0.9946,0,2431,none,0,1.0,1.064604063664686,0,0.9808111452029922,hard_block,"[{'id': 'collect_first_time', 'label': 'Collect request from a first-time payee', 'detail': ""This transaction is a UPI collect request (the payee is asking you to pay them, not the other way round) AND you've never paid this account before. Refund scammers use this exact pattern.""}, {'id': 'amount_spike', 'label': 'Amount is unusually high for this payer', 'detail': ""This transaction is more than 3x this payer's typical amount. Common in refund scams where the scammer asks for a 'verification' transfer.""}, {'id': 'odd_hour', 'label': 'Transaction at an unusual hour', 'detail': 'This transaction is happening between 21:00 and 08:00 local time — scammers often call late at night when the victim is tired or distracted.'}, {'id': 'high_amount_first_time', 'label': 'High amount + first-time payee combination', 'detail': 'First-time payee + unusually high amount + (collect or QR direction) is the strongest single signal in our historical scam data.'}]"
txn_002340,2025-01-12T16:04:03,payer_01163,payee_04342,705.58,send,16,0.0,0.0,0.0,7,385.59,1.83,19548,0.6031,A,1,0.8045,0.7966,1,1730,none,0,0.1206,-0.125769058819242,0,4.177359502456988e-06,pass,[]
txn_005667,2025-01-29T17:20:22,payer_00121,payee_02341,333.48,send,17,0.0,1.0,0.0,0,338.07,0.986,7895,-0.0136,A,0,0.7899,0.7987,1,14963,timeout,0,0.3973,-1.268518388251281,1,1.72816938800376e-05,pass,"[{'id': 'fast_approval', 'label': 'Approval given suspiciously fast', 'detail': 'The user approved this in under 2 seconds — too fast to read the amount, the payee name, or the direction of the request.'}]"
txn_002873,2025-01-15T19:47:03,payer_00651,payee_01172,1528.67,send,19,0.0,0.0,0.0,7,1889.12,0.809,39579,-0.2116,A,1,0.9469,0.5154,0,2368,none,0,-0.0423,0.8583275184685795,0,8.967762105274747e-06,pass,[]
txn_005943,2025-01-30T09:27:03,payer_01055,payee_00836,52.93,qr,9,0.0,0.0,0.0,8,256.28,0.207,7508,-1.5625,B,0,0.9951,0.1091,1,29082,bank_down,0,-0.3125,-1.0531099331561458,0,2.470265491187676e-07,pass,[]
txn_003017,2025-01-16T23:56:30,payer_01562,payee_03859,1762.18,send,23,1.0,1.0,1.0,0,223.0,7.902,3269,2.0632,A,0,0.0108,0.9967,1,21669,network_error,0,1.0,-1.5550096185376168,1,0.006497396469582328,pass,"[{'id': 'amount_spike', 'label': 'Amount is unusually high for this payer', 'detail': ""This transaction is more than 3x this payer's typical amount. Common in refund scams where the scammer asks for a 'verification' transfer.""}, {'id': 'fast_approval', 'label': 'Approval given suspiciously fast', 'detail': 'The user approved this in under 2 seconds — too fast to read the amount, the payee name, or the direction of the request.'}, {'id': 'odd_hour', 'label': 'Transaction at an unusual hour', 'detail': 'This transaction is happening between 21:00 and 08:00 local time — scammers often call late at night when the victim is tired or distracted.'}, {'id': 'high_risk_merchant', 'label': 'Payee flagged as high-risk merchant', 'detail': 'This payee account has prior complaints or is on a high-risk watchlist.'}]"
txn_004092,2025-01-21T13:21:57,payer_01595,payee_02292,4664.03,collect,13,0.0,1.0,0.0,0,191.76,24.323,7776,3.1864,B,1,0.0117,0.9985,0,1549,none,0,0.6,-1.4721288806717705,1,0.9978315346831288,hard_block,"[{'id': 'collect_first_time', 'label': 'Collect request from a first-time payee', 'detail': ""This transaction is a UPI collect request (the payee is asking you to pay them, not the other way round) AND you've never paid this account before. Refund scammers use this exact pattern.""}, {'id': 'amount_spike', 'label': 'Amount is unusually high for this payer', 'detail': ""This transaction is more than 3x this payer's typical amount. Common in refund scams where the scammer asks for a 'verification' transfer.""}, {'id': 'fast_approval', 'label': 'Approval given suspiciously fast', 'detail': 'The user approved this in under 2 seconds — too fast to read the amount, the payee name, or the direction of the request.'}, {'id': 'high_amount_first_time', 'label': 'High amount + first-time payee combination', 'detail': 'First-time payee + unusually high amount + (collect or QR direction) is the strongest single signal in our historical scam data.'}]"
txn_003290,2025-01-17T13:18:35,payer_00897,payee_02501,375.75,send,13,0.0,1.0,0.0,0,288.05,1.304,42721,0.265,B,0,0.6949,0.861,1,18325,declined,0,0.453,1.409727098730103,0,1.384989356391371e-06,pass,[]
txn_000095,2025-01-01T12:53:18,payer_01531,payee_04411,24.13,send,12,0.0,1.0,0.0,0,766.85,0.031,19164,-3.4194,A,1,0.9994,0.0168,0,2051,none,0,-0.2839,-0.6602223868232295,0,7.411780771531611e-08,pass,[]
txn_003403,2025-01-18T08:53:26,payer_00072,payee_04745,986.16,qr,8,0.0,1.0,0.0,0,725.54,1.359,34201,0.3065,A,1,0.6788,0.8688,1,1110,none,0,0.4613,0.874801370274983,0,3.845201123274793e-06,pass,[]
txn_011577,2025-02-27T09:48:02,payer_01909,payee_03067,263.48,send,9,0.0,1.0,0.0,0,360.96,0.73,20203,-0.3138,A,1,0.8659,0.7105,1,1018,none,0,0.3372,0.2395328784158233,0,9.250649890763356e-07,pass,[]
txn_007188,2025-02-05T19:07:24,payer_01682,payee_00000,375.99,send,19,0.0,1.0,0.0,0,409.01,0.919,30380,-0.084,B,1,0.8102,0.78,0,1057,none,0,0.3832,0.6828154352288484,0,1.3587273864637108e-06,pass,[]
txn_005802,2025-01-30T14:08:45,payer_01460,payee_01386,3520.49,send,14,0.0,0.0,0.0,3,2362.58,1.49,19849,0.3987,A,1,0.856,0.7385,1,354,none,0,0.0797,-0.2125003019392999,0,2.474417408680736e-05,pass,[]
txn_003098,2025-01-16T23:48:37,payer_01937,payee_04525,1904.49,collect,23,1.0,1.0,0.0,0,997.57,1.909,1818,0.6462,B,1,0.2037,0.9767,1,2127,none,1,0.9292,-1.1744831347501243,0,0.9193952332403601,hard_block,"[{'id': 'collect_first_time', 'label': 'Collect request from a first-time payee', 'detail': ""This transaction is a UPI collect request (the payee is asking you to pay them, not the other way round) AND you've never paid this account before. Refund scammers use this exact pattern.""}, {'id': 'odd_hour', 'label': 'Transaction at an unusual hour', 'detail': 'This transaction is happening between 21:00 and 08:00 local time — scammers often call late at night when the victim is tired or distracted.'}]"
txn_003418,2025-01-18T12:42:23,payer_01878,payee_00218,5452.17,collect,12,0.0,1.0,0.0,0,4407.37,1.237,17037,0.2127,B,1,0.7145,0.8507,1,1438,none,0,0.4425,-0.0276056057380909,0,0.7450449811426989,pass,"[{'id': 'collect_first_time', 'label': 'Collect request from a first-time payee', 'detail': ""This transaction is a UPI collect request (the payee is asking you to pay them, not the other way round) AND you've never paid this account before. Refund scammers use this exact pattern.""}]"
txn_007634,2025-02-08T08:05:05,payer_00542,payee_03467,476.54,collect,8,0.0,0.0,0.0,11,1417.54,0.336,9029,-1.0887,A,1,0.9886,0.2072,0,1752,none,0,-0.2177,-0.7359000564015912,0,0.2253384367524882,pass,[]
txn_011043,2025-02-25T19:17:42,payer_01894,payee_02595,269.08,qr,19,0.0,0.0,0.0,11,249.25,1.08,7023,0.0762,A,1,0.9139,0.6276,1,1165,none,0,0.0152,-1.310925171840833,1,1.8955498128716356e-05,pass,"[{'id': 'fast_approval', 'label': 'Approval given suspiciously fast', 'detail': 'The user approved this in under 2 seconds — too fast to read the amount, the payee name, or the direction of the request.'}]"
txn_009717,2025-02-18T13:30:59,payer_01808,payee_02687,547.58,qr,13,0.0,0.0,0.0,5,512.87,1.068,36198,0.0654,A,1,0.9155,0.6235,0,738,none,0,0.0131,0.6174146715092907,0,3.2287709668684513e-06,pass,[]
txn_001413,2025-01-08T17:41:55,payer_00903,payee_03596,1157.51,send,17,0.0,1.0,0.0,0,596.15,1.942,29264,0.6627,B,1,0.5267,0.9213,1,1494,none,0,0.5325,1.430453729796544,0,4.692849164691115e-06,pass,[]
txn_011793,2025-02-28T14:35:35,payer_01764,payee_03815,941.63,qr,14,0.0,0.0,0.0,11,605.46,1.555,42744,0.441,B,1,0.8463,0.7513,1,681,none,0,0.0882,1.2609945861993208,0,5.062236548125497e-06,pass,[]
txn_007315,2025-02-06T18:10:21,payer_01267,payee_04406,97.9,send,18,0.0,1.0,0.0,0,202.26,0.484,9021,-0.7204,A,1,0.9306,0.5615,1,823,none,0,0.2559,-0.9118756547290124,0,3.228942554140634e-07,pass,[]
txn_001373,2025-01-07T23:55:37,payer_01378,payee_02217,207.93,collect,23,1.0,1.0,0.0,0,247.55,0.84,3467,-0.1736,B,1,0.5281,0.9185,0,2280,none,0,0.7653,-1.8558238291052165,1,0.9375230418581623,hard_block,"[{'id': 'collect_first_time', 'label': 'Collect request from a first-time payee', 'detail': ""This transaction is a UPI collect request (the payee is asking you to pay them, not the other way round) AND you've never paid this account before. Refund scammers use this exact pattern.""}, {'id': 'fast_approval', 'label': 'Approval given suspiciously fast', 'detail': 'The user approved this in under 2 seconds — too fast to read the amount, the payee name, or the direction of the request.'}, {'id': 'odd_hour', 'label': 'Transaction at an unusual hour', 'detail': 'This transaction is happening between 21:00 and 08:00 local time — scammers often call late at night when the victim is tired or distracted.'}]"
txn_002360,2025-01-12T13:27:06,payer_01449,payee_02235,755.59,send,13,0.0,1.0,0.0,0,1089.2,0.694,40123,-0.3653,A,0,0.8763,0.6933,0,17002,timeout,0,0.3269,0.9440103903827836,0,2.8049417745874772e-06,pass,[]
txn_002057,2025-01-11T12:08:30,payer_00893,payee_04286,1996.55,send,12,0.0,0.0,0.0,9,1156.42,1.726,32879,0.5457,A,0,0.8202,0.7813,1,29680,timeout,0,0.1091,0.5160197758742512,0,1.1866784064133905e-05,pass,[]
txn_003148,2025-01-16T13:39:08,payer_00663,payee_01544,909.35,send,13,0.0,1.0,0.0,0,881.82,1.031,14203,0.0307,A,1,0.7764,0.8099,1,1775,none,0,0.4061,-0.7794404034737623,0,3.470540515056378e-06,pass,[]
txn_005013,2025-01-26T17:13:46,payer_01200,payee_04298,299.09,send,17,0.0,0.0,0.0,2,278.69,1.073,42369,0.0704,B,1,0.9148,0.6254,1,559,none,0,0.0141,1.1328880121511444,0,1.837582304387654e-06,pass,[]
txn_004504,2025-01-23T10:53:23,payer_00364,payee_03092,545.84,send,10,0.0,0.0,1.0,8,393.93,1.386,34926,0.3254,A,1,0.7882,0.6504,0,1199,none,0,0.0651,0.8576336306653192,0,3.0816566902906063e-06,pass,"[{'id': 'high_risk_merchant', 'label': 'Payee flagged as high-risk merchant', 'detail': 'This payee account has prior complaints or is on a high-risk watchlist.'}]"
txn_009403,2025-02-17T12:45:12,payer_01897,payee_03248,4286.39,collect,12,0.0,1.0,0.0,0,1928.02,2.223,2405,0.7987,B,1,0.4657,0.9357,0,1005,none,1,0.5597,-1.497254488884843,1,0.9716671232072734,hard_block,"[{'id': 'collect_first_time', 'label': 'Collect request from a first-time payee', 'detail': ""This transaction is a UPI collect request (the payee is asking you to pay them, not the other way round) AND you've never paid this account before. Refund scammers use this exact pattern.""}, {'id': 'fast_approval', 'label': 'Approval given suspiciously fast', 'detail': 'The user approved this in under 2 seconds — too fast to read the amount, the payee name, or the direction of the request.'}]"
txn_009646,2025-02-18T16:56:35,payer_01597,payee_00243,141.83,send,16,0.0,0.0,0.0,1,157.5,0.901,4656,-0.1041,A,1,0.9363,0.5581,0,1923,none,0,-0.0208,-1.4252333142391165,1,1.2249424905269607e-05,pass,"[{'id': 'fast_approval', 'label': 'Approval given suspiciously fast', 'detail': 'The user approved this in under 2 seconds — too fast to read the amount, the payee name, or the direction of the request.'}]"
txn_004404,2025-01-23T13:01:09,payer_01579,payee_02714,837.92,send,13,0.0,0.0,0.0,9,988.03,0.848,21737,-0.1646,A,1,0.9425,0.5341,0,1779,none,0,-0.0329,-0.160349446460316,0,4.53311911438229e-06,pass,[]
txn_000856,2025-01-05T12:18:30,payer_01881,payee_03443,224.74,send,12,0.0,1.0,0.0,0,142.1,1.582,17008,0.4559,A,1,0.6176,0.8937,1,2369,none,0,0.4912,-0.0057123617854372,0,8.175280599956961e-07,pass,[]
txn_005176,2025-01-26T11:42:19,payer_01636,payee_02717,446.16,send,11,0.0,0.0,0.0,6,357.93,1.246,15118,0.2198,B,0,0.8913,0.6795,1,28751,timeout,0,0.044,-0.5734011052654365,0,2.5614095942481866e-06,pass,[]
txn_010549,2025-02-22T12:48:23,payer_00662,payee_00289,2190.46,send,12,0.0,0.0,0.0,2,2430.48,0.901,25529,-0.1039,A,1,0.9363,0.5582,1,2344,none,0,-0.0208,0.3721042653348345,0,1.4901517790288551e-05,pass,[]
txn_010658,2025-02-23T12:31:55,payer_01225,payee_03726,252.67,send,12,0.0,1.0,0.0,0,579.15,0.436,25644,-0.8273,B,1,0.9421,0.5191,1,2481,none,0,0.2345,0.122076224106827,0,8.718473380464509e-07,pass,[]
txn_002319,2025-01-12T23:40:05,payer_01704,payee_01704,134.54,send,23,1.0,1.0,0.0,0,147.79,0.91,42173,-0.0933,A,0,0.492,0.9276,1,11379,timeout,0,0.7813,1.1513582336556731,0,5.27736799640346e-06,pass,"[{'id': 'odd_hour', 'label': 'Transaction at an unusual hour', 'detail': 'This transaction is happening between 21:00 and 08:00 local time — scammers often call late at night when the victim is tired or distracted.'}]"
txn_009761,2025-02-18T09:41:10,payer_00068,payee_03306,1069.05,send,9,0.0,1.0,0.0,0,523.14,2.044,37663,0.7137,A,1,0.5038,0.927,1,1003,none,0,0.5427,1.0608887766929396,0,4.3376009282940676e-06,pass,[]
txn_008031,2025-02-10T13:36:01,payer_01762,payee_03489,1042.83,send,13,0.0,0.0,0.0,8,707.31,1.474,28117,0.3878,A,1,0.8584,0.7351,1,2217,none,0,0.0776,-0.0019341953555986,0,6.045200437234474e-06,pass,[]
txn_005062,2025-01-26T08:51:02,payer_00811,payee_02061,215.06,qr,8,0.0,0.0,1.0,7,592.43,0.363,29212,-1.0104,A,1,0.9763,0.18,0,2175,none,0,-0.2021,0.8302819380364651,0,1.1227090680390797e-06,pass,"[{'id': 'high_risk_merchant', 'label': 'Payee flagged as high-risk merchant', 'detail': 'This payee account has prior complaints or is on a high-risk watchlist.'}]"
txn_001208,2025-01-07T17:22:17,payer_01017,payee_00209,98.54,send,17,0.0,0.0,0.0,11,138.73,0.71,29771,-0.3391,A,1,0.9573,0.4644,1,1863,none,0,-0.0678,0.1496296962893883,0,4.500992571988431e-07,pass,[]
txn_010129,2025-02-20T14:55:41,payer_00761,payee_04855,767.41,qr,14,0.0,1.0,0.0,0,1099.41,0.698,21322,-0.3591,B,1,0.8751,0.6954,1,1764,none,0,0.3282,0.7723057023722084,0,2.8518747670348467e-06,pass,[]
txn_011811,2025-03-01T23:15:24,payer_01736,payee_02748,3314.88,send,23,1.0,1.0,0.0,0,73.54,45.078,27268,3.7952,B,1,0.0009,0.9998,0,2492,none,0,1.0,0.3769435771706535,0,0.005888282133075438,pass,"[{'id': 'amount_spike', 'label': 'Amount is unusually high for this payer', 'detail': ""This transaction is more than 3x this payer's typical amount. Common in refund scams where the scammer asks for a 'verification' transfer.""}, {'id': 'odd_hour', 'label': 'Transaction at an unusual hour', 'detail': 'This transaction is happening between 21:00 and 08:00 local time — scammers often call late at night when the victim is tired or distracted.'}]"
txn_008893,2025-02-14T11:53:50,payer_00042,payee_00160,33.0,send,11,0.0,1.0,0.0,0,1047.8,0.031,41749,-3.4291,B,0,0.9994,0.0165,1,14177,bank_down,0,-0.2858,0.9571666981960044,0,1.0202642286183998e-07,pass,[]
txn_006498,2025-02-02T14:42:22,payer_00323,payee_03400,250.38,send,14,0.0,0.0,0.0,9,263.13,0.952,44587,-0.0495,A,1,0.9302,0.5795,0,546,none,0,-0.0099,1.8757959979043397,0,1.274733014969847e-06,pass,[]
txn_009517,2025-02-17T21:16:37,payer_00230,payee_02170,937.84,send,21,1.0,0.0,0.0,1,600.93,1.561,22275,0.4445,B,1,0.5498,0.9177,1,574,none,0,0.4889,0.2388580982960311,0,7.389318650319371e-05,pass,"[{'id': 'odd_hour', 'label': 'Transaction at an unusual hour', 'detail': 'This transaction is happening between 21:00 and 08:00 local time — scammers often call late at night when the victim is tired or distracted.'}]"
txn_001277,2025-01-07T20:21:00,payer_00565,payee_04927,1735.27,send,20,0.0,1.0,0.0,0,972.72,1.784,37950,0.5784,A,1,0.5644,0.911,1,1690,none,0,0.5157,1.0514944387801168,0,7.139439662795154e-06,pass,[]
txn_002471,2025-01-13T11:40:28,payer_00016,payee_02087,1143.98,send,11,0.0,1.0,0.0,0,1036.56,1.104,22527,0.0985,A,0,0.7545,0.826,1,27617,timeout,0,0.4197,0.7007920640798068,0,4.439255314555819e-06,pass,[]
txn_003938,2025-01-20T07:57:44,payer_00547,payee_01870,384.33,send,7,1.0,1.0,1.0,0,757.92,0.507,41737,-0.6778,B,1,0.6035,0.7884,0,504,none,0,0.6644,1.3361353255090485,0,1.5821970875359508e-05,pass,"[{'id': 'odd_hour', 'label': 'Transaction at an unusual hour', 'detail': 'This transaction is happening between 21:00 and 08:00 local time — scammers often call late at night when the victim is tired or distracted.'}, {'id': 'high_risk_merchant', 'label': 'Payee flagged as high-risk merchant', 'detail': 'This payee account has prior complaints or is on a high-risk watchlist.'}]"
txn_000101,2025-01-01T07:39:19,payer_01668,payee_00093,590.29,send,7,1.0,1.0,0.0,0,619.0,0.954,40555,-0.0474,A,1,0.4714,0.9324,1,502,none,0,0.7905,1.198406947389994,0,2.510090492715685e-05,pass,"[{'id': 'odd_hour', 'label': 'Transaction at an unusual hour', 'detail': 'This transaction is happening between 21:00 and 08:00 local time — scammers often call late at night when the victim is tired or distracted.'}]"
txn_006899,2025-02-04T13:17:24,payer_00683,payee_04560,1239.29,send,13,0.0,0.0,0.0,10,881.33,1.406,28554,0.3405,A,1,0.8684,0.7201,1,1570,none,0,0.0681,0.934636378539163,0,6.881627835798276e-06,pass,[]
txn_000724,2025-01-04T16:52:16,payer_00032,payee_04315,10.0,send,16,0.0,1.0,0.0,0,177.53,0.056,42600,-2.7869,A,1,0.9982,0.0448,0,788,none,0,-0.1574,1.1950142772280306,0,3.0986636176809374e-08,pass,[]
txn_004816,2025-01-25T15:05:42,payer_01031,payee_02683,10.0,send,15,0.0,0.0,0.0,7,2580.14,0.004,42441,-5.4581,A,1,1.0,0.0002,0,1229,none,0,-1.0916,1.5372624028335995,0,4.6665138372396856e-08,pass,[]
txn_002377,2025-01-12T23:02:07,payer_01569,payee_00101,7346.18,collect,23,1.0,1.0,0.0,0,1686.78,4.355,5845,1.4709,B,1,0.0548,0.9937,0,2262,none,0,1.0,-0.8518671439471183,0,0.9953049935398663,hard_block,"[{'id': 'collect_first_time', 'label': 'Collect request from a first-time payee', 'detail': ""This transaction is a UPI collect request (the payee is asking you to pay them, not the other way round) AND you've never paid this account before. Refund scammers use this exact pattern.""}, {'id': 'amount_spike', 'label': 'Amount is unusually high for this payer', 'detail': ""This transaction is more than 3x this payer's typical amount. Common in refund scams where the scammer asks for a 'verification' transfer.""}, {'id': 'odd_hour', 'label': 'Transaction at an unusual hour', 'detail': 'This transaction is happening between 21:00 and 08:00 local time — scammers often call late at night when the victim is tired or distracted.'}, {'id': 'high_amount_first_time', 'label': 'High amount + first-time payee combination', 'detail': 'First-time payee + unusually high amount + (collect or QR direction) is the strongest single signal in our historical scam data.'}]"
txn_000812,2025-01-05T11:07:43,payer_01761,payee_03124,1559.07,send,11,0.0,1.0,0.0,0,855.67,1.822,41666,0.5994,A,1,0.555,0.9137,1,738,none,0,0.5199,1.0443328912630827,0,6.3882892910177255e-06,pass,[]
txn_000304,2025-01-02T16:04:23,payer_00324,payee_03674,1238.41,send,16,0.0,1.0,0.0,0,1071.6,1.156,36238,0.1445,A,1,0.7388,0.8363,0,2493,none,0,0.4289,1.0197590775084588,0,4.840125134853841e-06,pass,[]
txn_008937,2025-02-14T12:52:07,payer_00719,payee_00931,1473.42,send,12,0.0,0.0,0.0,1,2208.91,0.667,24309,-0.4047,A,1,0.9619,0.4384,1,550,none,0,-0.0809,0.7058931586444053,0,9.925189695012496e-06,pass,[]
txn_005403,2025-01-28T20:17:35,payer_01219,payee_03891,930.09,collect,20,0.0,0.0,0.0,12,673.18,1.382,23834,0.3229,A,1,0.872,0.7143,1,1455,none,0,0.0646,-0.5495904777855599,0,0.37760703981439947,pass,[]
txn_004640,2025-01-24T15:20:50,payer_00360,payee_03193,1054.14,send,15,0.0,1.0,0.0,0,1098.06,0.96,23030,-0.0408,A,1,0.7979,0.7916,1,1476,none,0,0.3918,-0.0530935365088982,0,4.041802825541622e-06,pass,[]
txn_008697,2025-02-13T15:25:18,payer_01915,payee_02730,373.72,send,15,0.0,1.0,0.0,0,711.21,0.525,39123,-0.6422,A,1,0.921,0.5921,0,798,none,0,0.2716,1.9752725281613224,0,1.3229754553840023e-06,pass,[]
txn_006365,2025-02-01T07:36:27,payer_01872,payee_03144,729.9,send,7,1.0,0.0,0.0,8,511.07,1.428,4891,0.3558,B,1,0.5889,0.9063,1,2345,none,0,0.4712,-1.6377277869839757,1,0.0006815626956393875,pass,"[{'id': 'fast_approval', 'label': 'Approval given suspiciously fast', 'detail': 'The user approved this in under 2 seconds — too fast to read the amount, the payee name, or the direction of the request.'}, {'id': 'odd_hour', 'label': 'Transaction at an unusual hour', 'detail': 'This transaction is happening between 21:00 and 08:00 local time — scammers often call late at night when the victim is tired or distracted.'}]"
txn_000099,2025-01-01T17:16:49,payer_01194,payee_04233,575.64,send,17,0.0,0.0,0.0,11,293.75,1.96,15236,0.6711,B,1,0.7845,0.8136,1,2266,none,0,0.1342,-1.325602469597432,1,4.422177046791027e-05,pass,"[{'id': 'fast_approval', 'label': 'Approval given suspiciously fast', 'detail': 'The user approved this in under 2 seconds — too fast to read the amount, the payee name, or the direction of the request.'}]"
txn_005099,2025-01-26T13:57:28,payer_00795,payee_00110,414.77,qr,13,0.0,0.0,0.0,3,443.24,0.936,15570,-0.0662,A,1,0.9321,0.573,1,2123,none,0,-0.0132,-0.235244768911581,0,2.5129987769060522e-06,pass,[]
txn_000850,2025-01-05T12:53:01,payer_00208,payee_04099,2915.7,collect,12,0.0,1.0,0.0,0,466.42,6.251,2198,1.831,B,1,0.1196,0.987,0,2437,none,1,0.6,-1.664377152975642,1,0.9910299818614318,hard_block,"[{'id': 'collect_first_time', 'label': 'Collect request from a first-time payee', 'detail': ""This transaction is a UPI collect request (the payee is asking you to pay them, not the other way round) AND you've never paid this account before. Refund scammers use this exact pattern.""}, {'id': 'amount_spike', 'label': 'Amount is unusually high for this payer', 'detail': ""This transaction is more than 3x this payer's typical amount. Common in refund scams where the scammer asks for a 'verification' transfer.""}, {'id': 'fast_approval', 'label': 'Approval given suspiciously fast', 'detail': 'The user approved this in under 2 seconds — too fast to read the amount, the payee name, or the direction of the request.'}, {'id': 'high_amount_first_time', 'label': 'High amount + first-time payee combination', 'detail': 'First-time payee + unusually high amount + (collect or QR direction) is the strongest single signal in our historical scam data.'}]"
txn_005702,2025-01-29T10:34:19,payer_01554,payee_00679,1760.34,send,10,0.0,1.0,0.0,0,1430.07,1.231,13871,0.2077,B,1,0.7163,0.8497,0,1578,none,0,0.4415,-1.2725462623502823,1,0.00010132941046830896,pass,"[{'id': 'fast_approval', 'label': 'Approval given suspiciously fast', 'detail': 'The user approved this in under 2 seconds — too fast to read the amount, the payee name, or the direction of the request.'}]"
txn_000385,2025-01-02T05:58:04,payer_00005,payee_03929,2167.09,collect,5,1.0,1.0,0.0,0,666.24,3.253,2730,1.1784,B,1,0.0894,0.9899,0,598,none,1,1.0,-0.9859073414091988,0,0.9821825747854593,hard_block,"[{'id': 'collect_first_time', 'label': 'Collect request from a first-time payee', 'detail': ""This transaction is a UPI collect request (the payee is asking you to pay them, not the other way round) AND you've never paid this account before. Refund scammers use this exact pattern.""}, {'id': 'amount_spike', 'label': 'Amount is unusually high for this payer', 'detail': ""This transaction is more than 3x this payer's typical amount. Common in refund scams where the scammer asks for a 'verification' transfer.""}, {'id': 'odd_hour', 'label': 'Transaction at an unusual hour', 'detail': 'This transaction is happening between 21:00 and 08:00 local time — scammers often call late at night when the victim is tired or distracted.'}, {'id': 'high_amount_first_time', 'label': 'High amount + first-time payee combination', 'detail': 'First-time payee + unusually high amount + (collect or QR direction) is the strongest single signal in our historical scam data.'}]"
txn_004785,2025-01-24T18:56:59,payer_00212,payee_00253,260.32,send,18,0.0,0.0,0.0,1,1069.03,0.244,35536,-1.4097,B,0,0.9936,0.1352,1,21124,bank_down,0,-0.2819,1.5145704100030808,0,1.5591534469890521e-06,pass,[]
txn_004043,2025-01-21T08:20:05,payer_01046,payee_03340,124.51,send,8,0.0,1.0,0.0,0,625.26,0.199,21709,-1.6074,A,1,0.9851,0.2365,0,2302,none,0,0.0785,-0.103768103984381,0,4.0934151783053495e-07,pass,[]
txn_009780,2025-02-18T14:29:17,payer_01527,payee_04497,2257.17,qr,14,0.0,1.0,0.0,0,2080.3,1.085,5921,0.0816,A,1,0.7601,0.8221,1,1212,none,0,0.4163,-0.9999999998194292,0,9.092859317077333e-06,pass,[]
txn_007883,2025-02-09T13:08:14,payer_01448,payee_02934,715.33,send,13,0.0,0.0,0.0,4,522.4,1.369,29333,0.3138,B,1,0.8738,0.7114,1,484,none,0,0.0628,0.6475379989982035,0,4.456027397847064e-06,pass,[]
txn_010786,2025-02-23T13:57:16,payer_01282,payee_04353,1119.08,send,13,0.0,0.0,0.0,3,873.61,1.281,37857,0.2474,B,1,0.8864,0.6891,0,1411,none,0,0.0495,1.0069265988192777,0,7.292856947594223e-06,pass,[]
txn_009901,2025-02-19T21:49:51,payer_00260,payee_01736,3080.05,send,21,1.0,0.0,0.0,8,1800.31,1.711,32010,0.5368,A,1,0.5085,0.9282,1,1263,none,0,0.5074,0.766139691593514,0,0.00022013729711616316,pass,"[{'id': 'odd_hour', 'label': 'Transaction at an unusual hour', 'detail': 'This transaction is happening between 21:00 and 08:00 local time — scammers often call late at night when the victim is tired or distracted.'}]"
txn_008253,2025-02-11T23:50:56,payer_01095,payee_02918,1630.58,send,23,1.0,1.0,0.0,0,2584.17,0.631,18166,-0.4602,B,1,0.6521,0.8769,1,855,none,0,0.708,-0.210035178982092,0,7.218561086100466e-05,pass,"[{'id': 'odd_hour', 'label': 'Transaction at an unusual hour', 'detail': 'This transaction is happening between 21:00 and 08:00 local time — scammers often call late at night when the victim is tired or distracted.'}]"
txn_006412,2025-02-02T17:45:27,payer_01792,payee_02971,688.22,send,17,0.0,0.0,0.0,1,574.95,1.197,43445,0.1796,A,1,0.8981,0.6654,1,2250,none,0,0.0359,1.54954165344561,0,4.565091590448926e-06,pass,[]
txn_008301,2025-02-11T18:21:48,payer_01314,payee_04782,733.94,send,18,0.0,0.0,0.0,1,544.61,1.348,30053,0.2979,A,1,0.8769,0.7061,0,572,none,0,0.0596,0.8653775633547498,0,4.923944739943351e-06,pass,[]
txn_005385,2025-01-27T10:33:27,payer_01924,payee_03274,730.92,qr,10,0.0,0.0,0.0,2,477.24,1.532,33546,0.4256,B,1,0.8499,0.7467,0,1736,none,0,0.0851,0.3558383454781902,0,4.8289136310858015e-06,pass,[]
txn_010717,2025-02-23T14:23:46,payer_00065,payee_04543,263.79,send,14,0.0,0.0,0.0,1,326.4,0.808,39003,-0.2122,B,0,0.947,0.5151,1,27021,timeout,0,-0.0424,0.6274787439059324,0,1.627620505673971e-06,pass,[]
txn_010331,2025-02-21T20:04:31,payer_01033,payee_02394,721.62,send,20,0.0,0.0,1.0,8,551.05,1.31,6402,0.2692,A,1,0.8046,0.6297,1,1140,none,0,0.0538,-0.8669437492310136,0,4.1214796516053095e-06,pass,"[{'id': 'high_risk_merchant', 'label': 'Payee flagged as high-risk merchant', 'detail': 'This payee account has prior complaints or is on a high-risk watchlist.'}]"
txn_008720,2025-02-13T14:55:28,payer_01141,payee_04582,739.12,send,14,0.0,1.0,0.0,0,617.27,1.197,7540,0.1799,A,1,0.7264,0.8439,1,1960,none,0,0.436,-0.783019272324358,0,2.8123113941816193e-06,pass,[]
txn_010938,2025-02-24T17:10:20,payer_00911,payee_04667,3108.7,qr,17,0.0,1.0,0.0,0,1564.66,1.987,24362,0.6862,A,0,0.5162,0.924,1,22730,bank_down,0,0.5372,-0.7213921056561432,0,1.3358775006025597e-05,pass,[]
txn_010444,2025-02-22T18:15:16,payer_00859,payee_01788,1032.8,send,18,0.0,1.0,0.0,0,1397.59,0.739,23581,-0.3022,A,1,0.8634,0.7143,0,507,none,0,0.3396,-0.4961926009484621,0,3.9106963910182085e-06,pass,[]
txn_002732,2025-01-14T19:35:20,payer_01434,payee_03697,506.32,send,19,0.0,0.0,0.0,2,593.69,0.853,22819,-0.1589,A,0,0.9419,0.5364,0,28618,timeout,0,-0.0318,-0.8204305648181419,0,3.1651316062562246e-06,pass,[]
txn_009445,2025-02-17T15:48:48,payer_01054,payee_03988,2803.62,collect,15,0.0,0.0,0.0,6,1389.54,2.018,6870,0.7016,A,1,0.7751,0.8209,1,1390,none,0,0.1403,-1.340929943299121,1,0.9710412284002256,hard_block,"[{'id': 'fast_approval', 'label': 'Approval given suspiciously fast', 'detail': 'The user approved this in under 2 seconds — too fast to read the amount, the payee name, or the direction of the request.'}]"
txn_009598,2025-02-17T15:05:53,payer_00980,payee_04093,858.83,send,15,0.0,1.0,0.0,0,1492.84,0.575,23433,-0.5524,B,0,0.9084,0.6263,1,22698,declined,0,0.2895,0.069960345383963,0,3.1914685273404498e-06,pass,[]
txn_000461,2025-01-03T08:01:30,payer_01781,payee_04826,10.0,send,8,0.0,0.0,0.0,8,661.52,0.015,19020,-4.0982,A,1,0.9999,0.0021,0,2412,none,0,-0.8196,-0.3837459180465341,0,4.555666561273581e-08,pass,[]
txn_010567,2025-02-22T11:28:20,payer_00809,payee_00990,1488.09,send,11,0.0,1.0,0.0,0,800.42,1.859,21104,0.6195,B,1,0.5461,0.9162,1,603,none,0,0.5239,0.1552268235387678,0,6.093023152695798e-06,pass,[]
txn_000119,2025-01-01T12:44:56,payer_00099,payee_02947,792.31,send,12,0.0,1.0,1.0,0,455.98,1.738,6254,0.5516,B,1,0.4273,0.8789,0,2155,none,0,0.5103,-0.7782336607670624,0,3.1562899551596914e-06,pass,"[{'id': 'high_risk_merchant', 'label': 'Payee flagged as high-risk merchant', 'detail': 'This payee account has prior complaints or is on a high-risk watchlist.'}]"
txn_001570,2025-01-08T00:11:26,payer_00383,payee_01788,218.3,collect,0,1.0,0.0,0.0,5,311.73,0.7,1493,-0.3549,B,1,0.8374,0.7562,1,597,none,1,0.329,-1.1166082304602585,0,0.6335861190546856,pass,"[{'id': 'odd_hour', 'label': 'Transaction at an unusual hour', 'detail': 'This transaction is happening between 21:00 and 08:00 local time — scammers often call late at night when the victim is tired or distracted.'}]"
txn_007735,2025-02-08T20:35:16,payer_00904,payee_01651,1271.15,send,20,0.0,1.0,0.0,0,1244.13,1.022,7831,0.0215,B,1,0.7793,0.8076,1,2387,none,0,0.4043,-0.855762024392487,0,4.941189957358948e-06,pass,[]
txn_008618,2025-02-13T10:49:17,payer_01369,payee_01772,10.0,qr,10,0.0,0.0,0.0,5,514.07,0.019,40428,-3.8464,A,1,0.9999,0.0032,0,474,none,0,-0.7693,1.436110384434953,0,4.905699390226457e-08,pass,[]
txn_000357,2025-01-02T09:04:36,payer_00602,payee_04491,135.15,send,9,0.0,0.0,0.0,1,149.09,0.906,12413,-0.0975,A,1,0.9356,0.5607,0,648,none,0,-0.0195,-1.366820260906192,1,1.1647615248768595e-05,pass,"[{'id': 'fast_approval', 'label': 'Approval given suspiciously fast', 'detail': 'The user approved this in under 2 seconds — too fast to read the amount, the payee name, or the direction of the request.'}]"
txn_004308,2025-01-22T15:04:25,payer_01312,payee_01985,917.35,qr,15,0.0,0.0,0.0,10,854.36,1.074,16586,0.0711,B,1,0.9147,0.6257,1,665,none,0,0.0142,-1.811793639293898,1,7.082061280819968e-05,pass,"[{'id': 'fast_approval', 'label': 'Approval given suspiciously fast', 'detail': 'The user approved this in under 2 seconds — too fast to read the amount, the payee name, or the direction of the request.'}]"
txn_003909,2025-01-20T11:04:00,payer_00895,payee_00936,545.86,send,11,0.0,0.0,0.0,11,435.1,1.255,39866,0.2263,B,1,0.8902,0.6818,0,1683,none,0,0.0453,1.3822995738742745,0,2.8032174579235973e-06,pass,[]
txn_002046,2025-01-11T06:08:53,payer_00710,payee_00148,105.33,qr,6,1.0,0.0,0.0,2,413.96,0.254,26160,-1.3616,B,1,0.9693,0.3826,1,1528,none,0,0.1277,0.7015825869258051,0,6.741071092844695e-06,pass,"[{'id': 'odd_hour', 'label': 'Transaction at an unusual hour', 'detail': 'This transaction is happening between 21:00 and 08:00 local time — scammers often call late at night when the victim is tired or distracted.'}]"
txn_005365,2025-01-27T13:35:54,payer_00573,payee_04912,840.7,send,13,0.0,0.0,0.0,4,1876.68,0.448,33617,-0.8024,A,1,0.981,0.2924,0,830,none,0,-0.1605,0.7176771490324928,0,5.039722681699947e-06,pass,[]
txn_002150,2025-01-11T08:52:59,payer_01984,payee_04352,463.23,send,8,0.0,0.0,0.0,3,854.66,0.542,30106,-0.6115,A,1,0.9734,0.3593,0,1967,none,0,-0.1223,-0.0550399025451989,0,2.7669487800514683e-06,pass,[]
txn_008122,2025-02-10T07:49:51,payer_01530,payee_03765,261.39,qr,7,1.0,0.0,1.0,8,321.03,0.814,34037,-0.2048,B,1,0.6832,0.745,1,715,none,0,0.359,0.6039025891871515,0,1.5775879887061005e-05,pass,"[{'id': 'odd_hour', 'label': 'Transaction at an unusual hour', 'detail': 'This transaction is happening between 21:00 and 08:00 local time — scammers often call late at night when the victim is tired or distracted.'}, {'id': 'high_risk_merchant', 'label': 'Payee flagged as high-risk merchant', 'detail': 'This payee account has prior complaints or is on a high-risk watchlist.'}]"
txn_004048,2025-01-21T17:22:46,payer_01017,payee_02917,114.79,send,17,0.0,1.0,0.0,0,138.73,0.827,32845,-0.1879,B,1,0.8373,0.7501,0,1392,none,0,0.3624,0.4374775537679519,0,3.8825435294504875e-07,pass,[]
txn_001981,2025-01-10T17:50:18,payer_01353,payee_02745,732.9,send,17,0.0,1.0,1.0,0,678.22,1.081,42695,0.0774,A,1,0.6366,0.7727,1,892,none,0,0.4155,1.0643709700033674,0,2.8102948650163146e-06,pass,"[{'id': 'high_risk_merchant', 'label': 'Payee flagged as high-risk merchant', 'detail': 'This payee account has prior complaints or is on a high-risk watchlist.'}]"
txn_001402,2025-01-08T11:56:00,payer_01949,payee_02078,1905.98,qr,11,0.0,1.0,0.0,0,1824.86,1.044,37252,0.0435,B,1,0.7724,0.813,0,1276,none,0,0.4087,1.042482669283452,0,7.588891008149176e-06,pass,[]
txn_010591,2025-02-22T13:54:34,payer_01349,payee_04499,1625.51,send,13,0.0,0.0,0.0,11,1581.05,1.028,27167,0.0277,A,1,0.9206,0.6093,1,1915,none,0,0.0055,0.2333694087955624,0,8.770338910659427e-06,pass,[]
txn_005583,2025-01-28T18:35:53,payer_00422,payee_04285,1001.32,collect,18,0.0,0.0,0.0,11,842.06,1.189,11179,0.173,A,1,0.8992,0.663,0,1011,none,0,0.0346,-0.8361925014239631,0,0.3996040081059465,pass,[]
txn_000396,2025-01-02T03:29:36,payer_01079,payee_00074,1767.44,collect,3,1.0,1.0,0.0,0,304.57,5.803,3156,1.7557,B,1,0.0336,0.996,0,2078,none,1,1.0,-1.2328062709297103,1,0.9986300485635305,hard_block,"[{'id': 'collect_first_time', 'label': 'Collect request from a first-time payee', 'detail': ""This transaction is a UPI collect request (the payee is asking you to pay them, not the other way round) AND you've never paid this account before. Refund scammers use this exact pattern.""}, {'id': 'amount_spike', 'label': 'Amount is unusually high for this payer', 'detail': ""This transaction is more than 3x this payer's typical amount. Common in refund scams where the scammer asks for a 'verification' transfer.""}, {'id': 'fast_approval', 'label': 'Approval given suspiciously fast', 'detail': 'The user approved this in under 2 seconds — too fast to read the amount, the payee name, or the direction of the request.'}, {'id': 'odd_hour', 'label': 'Transaction at an unusual hour', 'detail': 'This transaction is happening between 21:00 and 08:00 local time — scammers often call late at night when the victim is tired or distracted.'}, {'id': 'high_amount_first_time', 'label': 'High amount + first-time payee combination', 'detail': 'First-time payee + unusually high amount + (collect or QR direction) is the strongest single signal in our historical scam data.'}]"
txn_001039,2025-01-06T14:03:19,payer_00187,payee_00412,505.02,send,14,0.0,0.0,0.0,12,1193.83,0.423,40131,-0.8592,A,1,0.9828,0.2739,0,932,none,0,-0.1718,1.5616752373052507,0,2.4139950460097503e-06,pass,[]
txn_010609,2025-02-23T19:33:02,payer_01881,payee_01312,50.35,send,19,0.0,0.0,1.0,4,142.1,0.354,9579,-1.0248,B,0,0.9769,0.1766,1,12890,network_error,0,-0.205,-0.6020187182821037,0,2.6449983269925793e-07,pass,"[{'id': 'high_risk_merchant', 'label': 'Payee flagged as high-risk merchant', 'detail': 'This payee account has prior complaints or is on a high-risk watchlist.'}]"
txn_001586,2025-01-08T16:01:15,payer_00698,payee_04184,609.82,send,16,0.0,0.0,0.0,7,898.68,0.679,6375,-0.3872,B,0,0.9607,0.4453,1,27738,timeout,0,-0.0774,-1.0124078702841286,0,3.3752744845929975e-06,pass,[]
txn_003691,2025-01-19T14:41:39,payer_01592,payee_01017,1032.22,send,14,0.0,1.0,0.0,0,652.53,1.582,24324,0.4581,A,1,0.6167,0.8941,1,1685,none,0,0.4916,-0.1274303179976612,0,4.081701519387229e-06,pass,[]
txn_005425,2025-01-28T08:34:02,payer_00204,payee_03577,465.7,send,8,0.0,0.0,0.0,6,498.03,0.935,13393,-0.067,B,1,0.9322,0.5727,0,581,none,0,-0.0134,-1.3028745087612803,1,3.7935034370388766e-05,pass,"[{'id': 'fast_approval', 'label': 'Approval given suspiciously fast', 'detail': 'The user approved this in under 2 seconds — too fast to read the amount, the payee name, or the direction of the request.'}]"
txn_000379,2025-01-02T10:15:56,payer_00826,payee_01320,1888.69,send,10,0.0,0.0,1.0,2,1319.46,1.431,14102,0.3584,A,0,0.7781,0.6623,1,28849,network_error,0,0.0717,-0.4476045601331793,0,1.3280516080812139e-05,pass,"[{'id': 'high_risk_merchant', 'label': 'Payee flagged as high-risk merchant', 'detail': 'This payee account has prior complaints or is on a high-risk watchlist.'}]"
txn_007802,2025-02-09T11:21:21,payer_01813,payee_03326,392.41,send,11,0.0,0.0,0.0,8,416.64,0.942,44338,-0.0598,B,1,0.9313,0.5755,1,2302,none,0,-0.012,1.388077103686854,0,2.0965924805145524e-06,pass,[]
txn_002142,2025-01-11T16:33:00,payer_01395,payee_04947,2015.59,send,16,0.0,1.0,0.0,0,1134.64,1.776,25019,0.5742,A,1,0.5662,0.9104,1,1929,none,0,0.5148,0.0330635953678804,0,8.359883118479407e-06,pass,[]
txn_004128,2025-01-21T14:16:59,payer_01738,payee_00414,25.46,send,14,0.0,0.0,0.0,10,600.07,0.042,15884,-3.1232,A,1,0.9997,0.01,0,565,none,0,-0.6246,-0.3930895010818117,0,1.098416133951478e-07,pass,[]
txn_002459,2025-01-13T17:29:47,payer_01482,payee_01686,684.66,qr,17,0.0,1.0,0.0,0,584.31,1.172,29593,0.1582,B,0,0.734,0.8393,0,26044,timeout,0,0.4316,0.939839692580817,0,2.5906822425036667e-06,pass,[]
txn_011278,2025-02-26T13:15:49,payer_00467,payee_02198,213.41,qr,13,0.0,0.0,0.0,6,340.72,0.626,37542,-0.4661,A,1,0.9657,0.4144,0,542,none,0,-0.0932,1.2627816505331255,0,1.1406621261013085e-06,pass,[]
txn_001053,2025-01-06T10:46:44,payer_01862,payee_04617,1900.26,send,10,0.0,1.0,0.0,0,972.14,1.955,30988,0.6698,A,0,0.5236,0.9221,1,25669,network_error,0,0.534,0.902762567610834,0,7.928005703422927e-06,pass,[]
txn_001786,2025-01-09T20:29:26,payer_00464,payee_04880,958.69,send,20,0.0,1.0,1.0,0,1187.95,0.807,7451,-0.2142,A,0,0.7475,0.6808,1,28080,network_error,0,0.3572,-1.297318092712169,1,5.2923658673740924e-05,pass,"[{'id': 'fast_approval', 'label': 'Approval given suspiciously fast', 'detail': 'The user approved this in under 2 seconds — too fast to read the amount, the payee name, or the direction of the request.'}, {'id': 'high_risk_merchant', 'label': 'Payee flagged as high-risk merchant', 'detail': 'This payee account has prior complaints or is on a high-risk watchlist.'}]"
txn_008204,2025-02-11T14:29:28,payer_01537,payee_00105,1468.35,qr,14,0.0,0.0,0.0,12,1112.17,1.32,36724,0.2776,B,0,0.8808,0.6993,0,17443,timeout,0,0.0555,1.7302039323513445,0,7.801964594871465e-06,pass,[]
txn_004842,2025-01-25T13:47:20,payer_01337,payee_02326,292.71,collect,13,0.0,1.0,0.0,0,508.89,0.575,19021,-0.5516,B,1,0.9083,0.6265,1,811,none,0,0.2897,-0.2902947693631987,0,0.11404756605767888,pass,"[{'id': 'collect_first_time', 'label': 'Collect request from a first-time payee', 'detail': ""This transaction is a UPI collect request (the payee is asking you to pay them, not the other way round) AND you've never paid this account before. Refund scammers use this exact pattern.""}]"
txn_010319,2025-02-21T23:44:37,payer_00950,payee_00065,3054.07,send,23,1.0,1.0,0.0,0,2811.81,1.086,7788,0.0826,B,1,0.4137,0.9444,1,307,none,0,0.8165,-0.8068081852689456,0,0.00014340806134546702,pass,"[{'id': 'odd_hour', 'label': 'Transaction at an unusual hour', 'detail': 'This transaction is happening between 21:00 and 08:00 local time — scammers often call late at night when the victim is tired or distracted.'}]"
txn_010287,2025-02-21T01:17:23,payer_01005,payee_03571,7265.48,send,1,1.0,1.0,0.0,0,2289.37,3.174,18511,1.1546,B,1,0.0929,0.9895,0,1885,none,0,1.0,-1.3909045635971835,1,0.02209021351673423,pass,"[{'id': 'amount_spike', 'label': 'Amount is unusually high for this payer', 'detail': ""This transaction is more than 3x this payer's typical amount. Common in refund scams where the scammer asks for a 'verification' transfer.""}, {'id': 'fast_approval', 'label': 'Approval given suspiciously fast', 'detail': 'The user approved this in under 2 seconds — too fast to read the amount, the payee name, or the direction of the request.'}, {'id': 'odd_hour', 'label': 'Transaction at an unusual hour', 'detail': 'This transaction is happening between 21:00 and 08:00 local time — scammers often call late at night when the victim is tired or distracted.'}]"
txn_002245,2025-01-12T16:42:05,payer_01705,payee_03177,959.33,send,16,0.0,1.0,0.0,0,736.8,1.302,44596,0.2636,A,0,0.6954,0.8608,1,11581,timeout,0,0.4527,1.537652533016176,0,3.7238645389380318e-06,pass,[]
txn_008607,2025-02-13T06:47:14,payer_00561,payee_03128,444.3,send,6,1.0,0.0,0.0,4,390.42,1.138,16383,0.129,A,1,0.6831,0.8706,1,1608,none,0,0.4258,-0.6256696703788488,0,3.05248862149203e-05,pass,"[{'id': 'odd_hour', 'label': 'Transaction at an unusual hour', 'detail': 'This transaction is happening between 21:00 and 08:00 local time — scammers often call late at night when the victim is tired or distracted.'}]"
txn_007282,2025-02-06T21:55:43,payer_00239,payee_04774,394.37,send,21,1.0,1.0,0.0,0,835.01,0.472,25070,-0.7488,B,1,0.7591,0.8179,1,1840,none,0,0.6502,0.3065059901048043,0,1.6000409916338685e-05,pass,"[{'id': 'odd_hour', 'label': 'Transaction at an unusual hour', 'detail': 'This transaction is happening between 21:00 and 08:00 local time — scammers often call late at night when the victim is tired or distracted.'}]"
txn_007841,2025-02-09T10:38:47,payer_00378,payee_02937,388.5,collect,10,0.0,0.0,0.0,6,656.18,0.592,43964,-0.5231,A,1,0.969,0.3925,0,2410,none,0,-0.1046,0.903791834818569,0,0.2118109569002546,pass,[]
txn_003819,2025-01-20T16:29:10,payer_00419,payee_02920,124.69,send,16,0.0,0.0,0.0,12,73.02,1.708,18887,0.5295,B,1,0.8245,0.7768,1,2241,none,0,0.1059,-0.1203418050354178,0,5.915951422236053e-07,pass,[]
txn_003378,2025-01-17T19:25:06,payer_00247,payee_02922,722.52,send,19,0.0,0.0,0.0,11,415.46,1.739,4205,0.5523,A,0,0.8184,0.7831,1,27662,timeout,0,0.1105,-1.0895887639292998,0,3.863659906119924e-06,pass,[]
txn_003921,2025-01-20T11:58:10,payer_01089,payee_02697,1942.16,send,11,0.0,1.0,0.0,0,1448.36,1.341,44498,0.2932,A,1,0.684,0.8664,1,994,none,0,0.4586,1.4487039176810483,0,7.860432465679764e-06,pass,[]
txn_009604,2025-02-18T19:40:12,payer_00679,payee_00145,1100.85,send,19,0.0,1.0,0.0,0,964.92,1.141,36113,0.1317,A,1,0.7433,0.8335,1,601,none,0,0.4263,1.6765655322690591,0,4.270795782578693e-06,pass,[]
txn_002963,2025-01-15T14:39:54,payer_01222,payee_02316,286.2,send,14,0.0,1.0,0.0,0,518.72,0.552,24057,-0.5931,A,1,0.9143,0.6109,0,2429,none,0,0.2814,1.6527196025816535,0,1.000069941768004e-06,pass,[]
txn_009863,2025-02-19T15:05:12,payer_00846,payee_01554,5724.73,qr,15,0.0,1.0,0.0,0,3026.94,1.891,43467,0.6371,B,1,0.5382,0.9183,1,716,none,0,0.5274,0.7324050591328676,0,2.534429818038373e-05,pass,[]
txn_007620,2025-02-08T14:49:31,payer_01983,payee_04287,642.5,qr,14,0.0,1.0,0.0,0,582.51,1.103,39384,0.0978,B,1,0.7547,0.8259,1,2102,none,0,0.4196,1.907888618191632,0,2.4139945861420743e-06,pass,[]
txn_001496,2025-01-08T09:46:07,payer_00476,payee_00482,1193.4,collect,9,0.0,1.0,0.0,0,1712.77,0.697,2409,-0.3611,B,1,0.8754,0.6947,0,2325,none,1,0.3278,-1.2401648717480518,1,0.8914232496136726,hard_block,"[{'id': 'collect_first_time', 'label': 'Collect request from a first-time payee', 'detail': ""This transaction is a UPI collect request (the payee is asking you to pay them, not the other way round) AND you've never paid this account before. Refund scammers use this exact pattern.""}, {'id': 'fast_approval', 'label': 'Approval given suspiciously fast', 'detail': 'The user approved this in under 2 seconds — too fast to read the amount, the payee name, or the direction of the request.'}]"
txn_007466,2025-02-07T13:02:03,payer_00198,payee_02056,2101.83,qr,13,0.0,0.0,0.0,8,1409.63,1.491,26938,0.3992,A,1,0.8559,0.7386,1,828,none,0,0.0798,0.0755906976317199,0,1.268666089136369e-05,pass,[]
txn_005763,2025-01-29T13:20:06,payer_00037,payee_03955,2029.6,collect,13,0.0,1.0,0.0,0,2142.18,0.947,3068,-0.054,B,0,0.8017,0.7881,1,27262,timeout,1,0.3892,-0.9302935042003854,0,0.5032756941712476,pass,"[{'id': 'collect_first_time', 'label': 'Collect request from a first-time payee', 'detail': ""This transaction is a UPI collect request (the payee is asking you to pay them, not the other way round) AND you've never paid this account before. Refund scammers use this exact pattern.""}]"
txn_003702,2025-01-19T07:53:43,payer_00457,payee_01305,74.79,send,7,1.0,0.0,0.0,3,69.47,1.077,29029,0.0727,A,0,0.7046,0.8601,1,27120,declined,0,0.4145,0.4085535974115535,0,4.797254933333422e-06,pass,"[{'id': 'odd_hour', 'label': 'Transaction at an unusual hour', 'detail': 'This transaction is happening between 21:00 and 08:00 local time — scammers often call late at night when the victim is tired or distracted.'}]"
txn_003894,2025-01-20T17:00:36,payer_01175,payee_00676,281.05,send,17,0.0,1.0,0.0,0,202.73,1.386,32341,0.3253,A,1,0.6714,0.8722,1,325,none,0,0.4651,0.8257425298373428,0,1.0241570734214608e-06,pass,[]
txn_009318,2025-02-16T12:29:56,payer_01374,payee_04009,366.46,send,12,0.0,0.0,0.0,10,724.03,0.506,11109,-0.6796,A,1,0.9764,0.3346,0,2333,none,0,-0.1359,-0.6960886158335116,0,1.8157889996757574e-06,pass,[]
txn_006466,2025-02-02T19:31:33,payer_01433,payee_01414,408.2,send,19,0.0,1.0,0.0,0,282.4,1.445,15767,0.3673,B,1,0.6545,0.8795,0,670,none,0,0.4735,-0.0202478304401334,0,1.5224098548597012e-06,pass,[]
txn_003660,2025-01-19T16:27:55,payer_00380,payee_00958,1211.11,send,16,0.0,1.0,0.0,0,1395.55,0.868,4409,-0.1416,A,1,0.8256,0.7638,1,2215,none,0,0.3717,-0.7103908846272194,0,4.657927706868614e-06,pass,[]
txn_002085,2025-01-11T18:20:35,payer_00506,payee_02878,308.87,qr,18,0.0,0.0,0.0,6,235.32,1.313,41311,0.271,A,1,0.8821,0.6971,1,1684,none,0,0.0542,1.582363151776525,0,1.7441742801004529e-06,pass,[]
txn_009818,2025-02-19T11:11:29,payer_01205,payee_04267,1135.99,qr,11,0.0,0.0,0.0,6,711.93,1.596,44456,0.4668,A,1,0.8402,0.7589,1,2212,none,0,0.0934,1.1687704404866788,0,6.9945448714876415e-06,pass,[]
txn_004253,2025-01-22T12:22:57,payer_00826,payee_01320,2081.9,send,12,0.0,0.0,1.0,10,1319.46,1.578,2912,0.4558,A,1,0.7464,0.6962,1,2382,none,0,0.0912,-1.2449498070000933,1,0.00017519646257790366,pass,"[{'id': 'fast_approval', 'label': 'Approval given suspiciously fast', 'detail': 'The user approved this in under 2 seconds — too fast to read the amount, the payee name, or the direction of the request.'}, {'id': 'high_risk_merchant', 'label': 'Payee flagged as high-risk merchant', 'detail': 'This payee account has prior complaints or is on a high-risk watchlist.'}]"
txn_002351,2025-01-12T12:57:56,payer_00988,payee_04792,4025.14,qr,12,0.0,0.0,0.0,4,1958.48,2.055,18405,0.7201,B,0,0.7692,0.8252,1,13562,network_error,0,0.144,0.2776893616401739,0,2.8635300266533208e-05,pass,[]
txn_004375,2025-01-22T14:35:57,payer_00640,payee_04952,10.0,collect,14,0.0,1.0,0.0,0,795.43,0.013,28920,-4.2822,A,1,0.9999,0.0043,0,1277,none,0,-0.4564,0.4838552089454948,0,0.0038669676107173103,pass,"[{'id': 'collect_first_time', 'label': 'Collect request from a first-time payee', 'detail': ""This transaction is a UPI collect request (the payee is asking you to pay them, not the other way round) AND you've never paid this account before. Refund scammers use this exact pattern.""}]"
txn_000554,2025-01-03T17:44:30,payer_01553,payee_02274,1437.29,send,17,0.0,1.0,0.0,0,784.82,1.831,27574,0.6045,B,1,0.5528,0.9143,0,1691,none,0,0.5209,0.4232983571698864,0,5.8650393699942885e-06,pass,[]
txn_007085,2025-02-05T13:22:56,payer_01343,payee_00718,737.05,send,13,0.0,0.0,0.0,4,1057.57,0.697,12384,-0.3607,B,1,0.9589,0.4558,1,2248,none,0,-0.0721,-0.0518194080195331,0,4.442625543225598e-06,pass,[]
txn_007457,2025-02-07T08:11:27,payer_01193,payee_02815,940.8,send,8,0.0,0.0,0.0,4,1116.61,0.843,27927,-0.1712,A,0,0.9431,0.5315,0,23932,timeout,0,-0.0342,1.2761644676037618,0,5.791978679020122e-06,pass,[]
txn_009572,2025-02-17T23:42:13,payer_01148,payee_01433,624.13,send,23,1.0,1.0,1.0,0,585.36,1.066,15661,0.064,B,1,0.2859,0.9243,0,683,none,0,0.8128,0.1900537644985198,0,2.715812444544144e-05,pass,"[{'id': 'odd_hour', 'label': 'Transaction at an unusual hour', 'detail': 'This transaction is happening between 21:00 and 08:00 local time — scammers often call late at night when the victim is tired or distracted.'}, {'id': 'high_risk_merchant', 'label': 'Payee flagged as high-risk merchant', 'detail': 'This payee account has prior complaints or is on a high-risk watchlist.'}]"
txn_005020,2025-01-26T12:54:14,payer_00865,payee_01406,2403.85,send,12,0.0,1.0,0.0,0,1507.77,1.594,13968,0.4662,A,1,0.6132,0.8953,1,985,none,0,0.4932,-0.5968762916984492,0,9.97635807881379e-06,pass,[]
txn_000668,2025-01-04T18:15:21,payer_00847,payee_01900,139.81,send,18,0.0,1.0,0.0,0,169.54,0.825,41996,-0.1916,A,1,0.8382,0.749,1,445,none,0,0.3617,1.204618919369356,0,4.774084050377003e-07,pass,[]
txn_003742,2025-01-19T19:46:56,payer_01855,payee_02474,276.51,send,19,0.0,1.0,1.0,0,206.5,1.339,16292,0.2907,B,1,0.5441,0.8271,1,578,none,0,0.4581,-0.1757939326778334,0,1.0186429687302657e-06,pass,"[{'id': 'high_risk_merchant', 'label': 'Payee flagged as high-risk merchant', 'detail': 'This payee account has prior complaints or is on a high-risk watchlist.'}]"
txn_000047,2025-01-01T13:23:21,payer_00092,payee_03763,212.19,send,13,0.0,1.0,1.0,0,658.66,0.322,25634,-1.1296,B,0,0.939,0.3302,1,29073,bank_down,0,0.1741,0.4881068920263155,0,7.315277824785547e-07,pass,"[{'id': 'high_risk_merchant', 'label': 'Payee flagged as high-risk merchant', 'detail': 'This payee account has prior complaints or is on a high-risk watchlist.'}]"
txn_010060,2025-02-20T23:55:50,payer_00453,payee_03227,587.83,send,23,1.0,0.0,0.0,11,372.75,1.577,20336,0.4545,B,1,0.5453,0.9189,1,404,none,0,0.4909,-0.8140196038430355,0,3.531280198387013e-05,pass,"[{'id': 'odd_hour', 'label': 'Transaction at an unusual hour', 'detail': 'This transaction is happening between 21:00 and 08:00 local time — scammers often call late at night when the victim is tired or distracted.'}]"
txn_010039,2025-02-20T17:21:52,payer_00091,payee_02353,128.89,send,17,0.0,1.0,0.0,0,1142.88,0.113,30376,-2.1755,B,0,0.9946,0.111,1,16890,timeout,0,-0.0351,0.0770986719847834,0,4.2258312248442673e-07,pass,[]
txn_006839,2025-02-04T11:47:02,payer_00569,payee_02435,951.51,send,11,0.0,0.0,1.0,9,1081.89,0.879,13936,-0.1283,A,1,0.8939,0.4737,0,695,none,0,-0.0257,-0.9228826620959526,0,5.266804389210065e-06,pass,"[{'id': 'high_risk_merchant', 'label': 'Payee flagged as high-risk merchant', 'detail': 'This payee account has prior complaints or is on a high-risk watchlist.'}]"
txn_011950,2025-03-01T13:11:29,payer_01089,payee_02697,1071.37,qr,13,0.0,0.0,0.0,5,1448.36,0.74,21261,-0.3013,A,1,0.9544,0.4795,0,1613,none,0,-0.0603,-0.2264737556863483,0,6.448316345311469e-06,pass,[]
txn_001178,2025-01-06T06:50:21,payer_00783,payee_02955,282.51,send,6,1.0,1.0,0.0,0,470.29,0.601,9735,-0.5082,B,1,0.6715,0.8684,1,1279,none,0,0.6984,-1.4951448462052117,1,0.00016298702773785833,pass,"[{'id': 'fast_approval', 'label': 'Approval given suspiciously fast', 'detail': 'The user approved this in under 2 seconds — too fast to read the amount, the payee name, or the direction of the request.'}, {'id': 'odd_hour', 'label': 'Transaction at an unusual hour', 'detail': 'This transaction is happening between 21:00 and 08:00 local time — scammers often call late at night when the victim is tired or distracted.'}]"
txn_007601,2025-02-08T20:38:19,payer_00803,payee_02186,584.58,send,20,0.0,0.0,0.0,8,943.86,0.619,29639,-0.4784,B,1,0.9665,0.4096,1,800,none,0,-0.0957,0.9913668547665913,0,3.139835561199823e-06,pass,[]
txn_010961,2025-02-24T17:15:15,payer_00675,payee_04772,242.36,send,17,0.0,0.0,0.0,3,161.58,1.5,38547,0.4034,A,1,0.855,0.7399,1,962,none,0,0.0807,1.4140459146628708,0,1.468595692223192e-06,pass,[]
txn_002991,2025-01-15T10:44:14,payer_01932,payee_01012,483.52,qr,10,0.0,0.0,0.0,4,346.41,1.396,23123,0.3326,A,1,0.87,0.7175,1,910,none,0,0.0665,-0.0993537074805966,0,2.9515194012945316e-06,pass,[]
txn_001783,2025-01-09T11:11:35,payer_00485,payee_03568,569.39,qr,11,0.0,0.0,0.0,7,397.66,1.432,11255,0.3582,A,1,0.8647,0.7257,1,1168,none,0,0.0716,-0.3629169645668446,0,3.2636298331181985e-06,pass,[]
txn_004872,2025-01-25T14:41:53,payer_01114,payee_00711,596.3,qr,14,0.0,1.0,0.0,0,726.74,0.821,28575,-0.1975,A,1,0.8396,0.7472,1,746,none,0,0.3605,0.5514205290696584,0,2.1990092725417197e-06,pass,[]
txn_005847,2025-01-30T14:17:39,payer_01462,payee_00074,1152.83,collect,14,0.0,0.0,0.0,1,898.65,1.283,18369,0.2488,A,0,0.8862,0.6896,1,29055,network_error,0,0.0498,-0.7118925450773695,0,0.4981511999900147,pass,[]
txn_002218,2025-01-12T07:30:44,payer_01253,payee_00728,875.73,send,7,1.0,0.0,0.0,5,1000.61,0.875,34154,-0.1332,B,1,0.7755,0.8156,0,2472,none,0,0.3734,0.9316193542867146,0,6.0131821177558316e-05,pass,"[{'id': 'odd_hour', 'label': 'Transaction at an unusual hour', 'detail': 'This transaction is happening between 21:00 and 08:00 local time — scammers often call late at night when the victim is tired or distracted.'}]"
txn_010447,2025-02-22T22:38:39,payer_01935,payee_02388,121.86,collect,22,1.0,1.0,0.0,0,307.83,0.396,7911,-0.9217,A,1,0.8114,0.773,1,1653,none,0,0.6157,-0.8677564328733345,0,0.36775565295792106,pass,"[{'id': 'collect_first_time', 'label': 'Collect request from a first-time payee', 'detail': ""This transaction is a UPI collect request (the payee is asking you to pay them, not the other way round) AND you've never paid this account before. Refund scammers use this exact pattern.""}, {'id': 'odd_hour', 'label': 'Transaction at an unusual hour', 'detail': 'This transaction is happening between 21:00 and 08:00 local time — scammers often call late at night when the victim is tired or distracted.'}]"
txn_003914,2025-01-20T07:47:49,payer_01394,payee_00679,528.64,send,7,1.0,0.0,0.0,2,438.57,1.205,21383,0.1864,B,1,0.6603,0.8806,1,1040,none,0,0.4373,0.321061654128739,0,3.865047143533136e-05,pass,"[{'id': 'odd_hour', 'label': 'Transaction at an unusual hour', 'detail': 'This transaction is happening between 21:00 and 08:00 local time — scammers often call late at night when the victim is tired or distracted.'}]"
txn_003222,2025-01-17T09:06:54,payer_00563,payee_03208,301.82,send,9,0.0,0.0,0.0,9,214.72,1.406,7141,0.3392,A,1,0.8687,0.7196,1,2302,none,0,0.0678,-0.8846510840563437,0,1.588704373035171e-06,pass,[]
txn_005138,2025-01-26T15:27:18,payer_01861,payee_01148,507.13,qr,15,0.0,0.0,0.0,3,387.32,1.309,32199,0.2689,B,0,0.8825,0.6964,1,22308,timeout,0,0.0538,-0.4806263080311728,0,3.1668782150785564e-06,pass,[]
txn_005100,2025-01-26T14:45:58,payer_01594,payee_04791,115.07,qr,14,0.0,0.0,0.0,3,134.4,0.856,36506,-0.154,B,0,0.9414,0.5383,1,16190,timeout,0,-0.0308,0.7788433843463238,0,6.495312725368738e-07,pass,[]
txn_004420,2025-01-23T20:20:23,payer_01485,payee_04575,533.63,send,20,0.0,1.0,0.0,0,360.91,1.479,25042,0.3902,B,1,0.6451,0.8833,0,797,none,0,0.478,-0.725538633646158,0,2.023232686773166e-06,pass,[]
txn_004313,2025-01-22T12:29:24,payer_01008,payee_04279,1664.85,collect,12,0.0,1.0,0.0,0,935.79,1.779,24105,0.5756,A,0,0.5656,0.9106,1,15204,timeout,0,0.5151,0.8061041999333197,0,0.4617291046980834,pass,"[{'id': 'collect_first_time', 'label': 'Collect request from a first-time payee', 'detail': ""This transaction is a UPI collect request (the payee is asking you to pay them, not the other way round) AND you've never paid this account before. Refund scammers use this exact pattern.""}]"
txn_003003,2025-01-16T20:27:56,payer_01704,payee_00248,205.66,send,20,0.0,0.0,0.0,1,147.79,1.392,18626,0.3286,A,1,0.8709,0.7162,1,670,none,0,0.0657,-0.7391732935474482,0,1.2906566694621169e-06,pass,[]
txn_006682,2025-02-03T08:50:17,payer_01623,payee_00414,253.69,send,8,0.0,1.0,0.0,0,572.84,0.443,4500,-0.8123,A,1,0.9406,0.5251,1,1819,none,0,0.2375,-1.186362971228699,0,8.758693303665427e-07,pass,[]
txn_000245,2025-01-02T13:56:12,payer_00766,payee_04103,3954.59,send,13,0.0,1.0,1.0,0,2408.85,1.642,37326,0.4956,B,1,0.4521,0.8691,1,1255,none,0,0.4991,1.7876409026359463,0,1.71661965240175e-05,pass,"[{'id': 'high_risk_merchant', 'label': 'Payee flagged as high-risk merchant', 'detail': 'This payee account has prior complaints or is on a high-risk watchlist.'}]"
txn_009362,2025-02-16T18:21:44,payer_01338,payee_00455,217.05,collect,18,0.0,1.0,0.0,0,310.11,0.7,27391,-0.3554,B,1,0.8743,0.6966,1,997,none,0,0.3289,0.7460377698364425,0,0.08639198742723096,pass,"[{'id': 'collect_first_time', 'label': 'Collect request from a first-time payee', 'detail': ""This transaction is a UPI collect request (the payee is asking you to pay them, not the other way round) AND you've never paid this account before. Refund scammers use this exact pattern.""}]"
txn_003529,2025-01-18T23:51:22,payer_01498,payee_04207,3382.5,collect,23,1.0,1.0,0.0,0,3501.08,0.966,5270,-0.0344,A,0,0.4656,0.9337,1,17607,timeout,1,0.7931,-1.4599336795849407,1,0.9965252554413567,hard_block,"[{'id': 'collect_first_time', 'label': 'Collect request from a first-time payee', 'detail': ""This transaction is a UPI collect request (the payee is asking you to pay them, not the other way round) AND you've never paid this account before. Refund scammers use this exact pattern.""}, {'id': 'fast_approval', 'label': 'Approval given suspiciously fast', 'detail': 'The user approved this in under 2 seconds — too fast to read the amount, the payee name, or the direction of the request.'}, {'id': 'odd_hour', 'label': 'Transaction at an unusual hour', 'detail': 'This transaction is happening between 21:00 and 08:00 local time — scammers often call late at night when the victim is tired or distracted.'}]"
txn_009533,2025-02-17T14:44:47,payer_00731,payee_00224,154.93,collect,14,0.0,0.0,0.0,2,132.73,1.167,28303,0.1536,A,0,0.9023,0.656,1,18575,timeout,0,0.0307,0.3241684961736267,0,0.1039766833953348,pass,[]
txn_008141,2025-02-10T10:28:27,payer_00017,payee_00922,86.66,collect,10,0.0,0.0,0.0,1,734.44,0.118,17724,-2.127,A,1,0.9982,0.0473,0,2345,none,0,-0.4254,0.33174508013646,0,0.05775540487226878,pass,[]
txn_009858,2025-02-19T12:17:34,payer_00484,payee_01239,275.5,send,12,0.0,0.0,0.0,4,471.13,0.585,20117,-0.535,A,1,0.9696,0.3879,1,1642,none,0,-0.107,0.0597444290749397,0,1.5645024073717902e-06,pass,[]
txn_007689,2025-02-08T18:27:57,payer_00843,payee_03620,10.0,send,18,0.0,1.0,0.0,0,364.45,0.027,10416,-3.5032,A,1,0.9995,0.0147,0,2255,none,0,-0.3006,-0.8101966087638278,0,3.094041621447838e-08,pass,[]
txn_010864,2025-02-24T16:54:40,payer_01851,payee_02805,738.83,send,16,0.0,0.0,0.0,8,1364.77,0.541,27160,-0.6131,A,1,0.9735,0.3587,1,1325,none,0,-0.1226,1.3154428326102614,0,4.004169234636902e-06,pass,[]
txn_002039,2025-01-11T02:10:47,payer_00147,payee_03027,15732.73,collect,2,1.0,0.0,0.0,5,344.2,45.708,17450,3.8194,A,0,0.0028,0.9996,1,26263,declined,1,0.6,-0.6521409302869506,0,0.9993778397656686,hard_block,"[{'id': 'amount_spike', 'label': 'Amount is unusually high for this payer', 'detail': ""This transaction is more than 3x this payer's typical amount. Common in refund scams where the scammer asks for a 'verification' transfer.""}, {'id': 'odd_hour', 'label': 'Transaction at an unusual hour', 'detail': 'This transaction is happening between 21:00 and 08:00 local time — scammers often call late at night when the victim is tired or distracted.'}]"
txn_001022,2025-01-06T11:54:44,payer_00942,payee_04014,1059.58,send,11,0.0,1.0,0.0,0,1562.75,0.678,6703,-0.3883,A,1,0.8807,0.6854,1,2323,none,0,0.3223,-1.6033051118505963,1,5.7610473579950414e-05,pass,"[{'id': 'fast_approval', 'label': 'Approval given suspiciously fast', 'detail': 'The user approved this in under 2 seconds — too fast to read the amount, the payee name, or the direction of the request.'}]"
txn_002688,2025-01-14T14:37:47,payer_00338,payee_01355,10.0,send,14,0.0,0.0,0.0,11,614.39,0.016,30095,-4.0244,A,1,0.9999,0.0024,0,1164,none,0,-0.8049,0.5363628787733129,0,4.231698326491511e-08,pass,[]
txn_008134,2025-02-10T10:07:28,payer_00388,payee_01922,1840.57,qr,10,0.0,0.0,0.0,10,918.6,2.004,3356,0.6944,A,0,0.7773,0.8192,1,9066,declined,0,0.1389,-1.482731696715109,1,0.0001550115051128297,pass,"[{'id': 'fast_approval', 'label': 'Approval given suspiciously fast', 'detail': 'The user approved this in under 2 seconds — too fast to read the amount, the payee name, or the direction of the request.'}]"
txn_011626,2025-02-28T11:15:44,payer_01199,payee_00874,612.33,send,11,0.0,0.0,0.0,10,727.52,0.842,26877,-0.1721,A,1,0.9432,0.5311,0,1336,none,0,-0.0344,0.2327380090087228,0,3.1752369235689494e-06,pass,[]
txn_008116,2025-02-10T12:42:35,payer_01606,payee_04264,8613.66,send,12,0.0,1.0,0.0,0,6929.2,1.243,6579,0.2176,B,1,0.7127,0.8517,1,713,none,0,0.4435,-1.345235379065748,1,0.0005427618619934121,pass,"[{'id': 'fast_approval', 'label': 'Approval given suspiciously fast', 'detail': 'The user approved this in under 2 seconds — too fast to read the amount, the payee name, or the direction of the request.'}]"
txn_010259,2025-02-21T13:48:31,payer_01709,payee_02466,125.59,send,13,0.0,0.0,0.0,9,240.63,0.522,30603,-0.6464,A,1,0.975,0.3465,1,2247,none,0,-0.1293,-0.6865419376365546,0,6.037365703140271e-07,pass,[]
txn_004693,2025-01-24T09:06:27,payer_01507,payee_03152,237.43,send,9,0.0,0.0,0.0,2,259.85,0.914,24377,-0.0898,A,1,0.9347,0.5637,1,467,none,0,-0.018,0.5850268626710826,0,1.4291990905955344e-06,pass,[]
txn_002372,2025-01-12T06:52:33,payer_01294,payee_02354,1403.55,send,6,1.0,0.0,0.0,1,719.69,1.95,35296,0.6673,B,1,0.4499,0.9409,0,1564,none,0,0.5335,1.076458263897312,0,0.00011540560916733311,pass,"[{'id': 'odd_hour', 'label': 'Transaction at an unusual hour', 'detail': 'This transaction is happening between 21:00 and 08:00 local time — scammers often call late at night when the victim is tired or distracted.'}]"
txn_005838,2025-01-30T10:33:06,payer_01514,payee_04118,231.08,send,10,0.0,1.0,0.0,0,101.7,2.272,16306,0.8153,B,1,0.4582,0.9373,0,486,none,0,0.5631,-1.517768887863841,1,1.2546757312372658e-05,pass,"[{'id': 'fast_approval', 'label': 'Approval given suspiciously fast', 'detail': 'The user approved this in under 2 seconds — too fast to read the amount, the payee name, or the direction of the request.'}]"
txn_010696,2025-02-23T06:23:12,payer_01251,payee_02026,782.4,send,6,1.0,1.0,1.0,0,495.55,1.579,28779,0.456,A,0,0.1651,0.9581,1,13052,network_error,0,0.8912,-0.0649929777863259,0,3.5398042339553164e-05,pass,"[{'id': 'odd_hour', 'label': 'Transaction at an unusual hour', 'detail': 'This transaction is happening between 21:00 and 08:00 local time — scammers often call late at night when the victim is tired or distracted.'}, {'id': 'high_risk_merchant', 'label': 'Payee flagged as high-risk merchant', 'detail': 'This payee account has prior complaints or is on a high-risk watchlist.'}]"
txn_004867,2025-01-25T09:18:32,payer_01275,payee_03768,27.98,send,9,0.0,1.0,0.0,0,694.97,0.04,23289,-3.1786,A,1,0.9991,0.0245,0,1075,none,0,-0.2357,0.1982712694647936,0,8.621203088846132e-08,pass,[]
txn_011701,2025-02-28T06:00:36,payer_00716,payee_02705,442.59,send,6,1.0,0.0,0.0,6,455.27,0.972,42162,-0.0282,A,1,0.7409,0.8396,1,1188,none,0,0.3944,1.6532134020332454,0,2.8694884955721706e-05,pass,"[{'id': 'odd_hour', 'label': 'Transaction at an unusual hour', 'detail': 'This transaction is happening between 21:00 and 08:00 local time — scammers often call late at night when the victim is tired or distracted.'}]"
txn_001692,2025-01-09T13:48:50,payer_01491,payee_04827,737.58,send,13,0.0,1.0,0.0,0,389.02,1.896,4565,0.6385,B,1,0.5376,0.9185,1,804,none,0,0.5277,-1.6689781151169216,1,4.184162541885075e-05,pass,"[{'id': 'fast_approval', 'label': 'Approval given suspiciously fast', 'detail': 'The user approved this in under 2 seconds — too fast to read the amount, the payee name, or the direction of the request.'}]"
txn_011594,2025-02-27T14:36:32,payer_00021,payee_03877,66.55,send,14,0.0,0.0,0.0,12,752.55,0.088,3387,-2.4119,A,1,0.9989,0.0305,0,1284,none,0,-0.4824,-1.5649872365881294,1,4.060809801877329e-06,pass,"[{'id': 'fast_approval', 'label': 'Approval given suspiciously fast', 'detail': 'The user approved this in under 2 seconds — too fast to read the amount, the payee name, or the direction of the request.'}]"
txn_010307,2025-02-21T23:41:32,payer_00674,payee_02271,853.75,qr,23,1.0,1.0,0.0,0,589.18,1.449,2658,0.3704,A,1,0.2959,0.9642,1,1520,none,0,0.8741,-1.0630634890801465,0,3.801323651073491e-05,pass,"[{'id': 'odd_hour', 'label': 'Transaction at an unusual hour', 'detail': 'This transaction is happening between 21:00 and 08:00 local time — scammers often call late at night when the victim is tired or distracted.'}]"
txn_001491,2025-01-08T17:56:54,payer_01597,payee_04681,10.0,send,17,0.0,0.0,0.0,6,157.5,0.063,20948,-2.6679,A,1,0.9993,0.0205,0,2010,none,0,-0.5336,-0.1291906062918243,0,4.7973124313016706e-08,pass,[]
txn_003785,2025-01-19T06:52:09,payer_00167,payee_02017,1273.48,send,6,1.0,1.0,0.0,0,1060.37,1.201,13263,0.183,A,0,0.3707,0.9522,1,13124,timeout,0,0.8366,-0.2232682930466315,0,5.7252246402389276e-05,pass,"[{'id': 'odd_hour', 'label': 'Transaction at an unusual hour', 'detail': 'This transaction is happening between 21:00 and 08:00 local time — scammers often call late at night when the victim is tired or distracted.'}]"
txn_003652,2025-01-19T11:39:08,payer_00987,payee_00744,3999.92,send,11,0.0,1.0,0.0,0,2365.2,1.691,23823,0.5252,B,1,0.5877,0.9038,0,1648,none,0,0.505,0.5264566893769799,0,1.717293537008649e-05,pass,[]
txn_003671,2025-01-19T11:35:53,payer_00270,payee_02572,324.09,send,11,0.0,0.0,0.0,3,658.26,0.492,28007,-0.707,B,0,0.9775,0.3249,1,20857,bank_down,0,-0.1414,-0.3500516051372223,0,1.8936975060822323e-06,pass,[]
txn_010934,2025-02-24T18:37:32,payer_00451,payee_00697,382.88,send,18,0.0,1.0,0.0,0,301.71,1.269,18225,0.2376,B,1,0.7052,0.8557,0,332,none,0,0.4475,-0.804894362398152,0,1.4101704522304229e-06,pass,[]
txn_008565,2025-02-12T01:26:01,payer_01125,payee_03134,4032.63,qr,1,1.0,1.0,0.0,0,860.79,4.685,6407,1.5434,B,1,0.0484,0.9943,0,1929,none,0,1.0,-1.3132181882642868,1,0.012935578847801317,pass,"[{'id': 'amount_spike', 'label': 'Amount is unusually high for this payer', 'detail': ""This transaction is more than 3x this payer's typical amount. Common in refund scams where the scammer asks for a 'verification' transfer.""}, {'id': 'fast_approval', 'label': 'Approval given suspiciously fast', 'detail': 'The user approved this in under 2 seconds — too fast to read the amount, the payee name, or the direction of the request.'}, {'id': 'odd_hour', 'label': 'Transaction at an unusual hour', 'detail': 'This transaction is happening between 21:00 and 08:00 local time — scammers often call late at night when the victim is tired or distracted.'}]"
txn_008572,2025-02-12T06:46:30,payer_01458,payee_02490,1667.3,send,6,1.0,1.0,0.0,0,1594.48,1.046,9239,0.0446,A,0,0.4304,0.9411,1,24218,network_error,0,0.8089,-1.3613910053777438,1,0.001084921918927534,pass,"[{'id': 'fast_approval', 'label': 'Approval given suspiciously fast', 'detail': 'The user approved this in under 2 seconds — too fast to read the amount, the payee name, or the direction of the request.'}, {'id': 'odd_hour', 'label': 'Transaction at an unusual hour', 'detail': 'This transaction is happening between 21:00 and 08:00 local time — scammers often call late at night when the victim is tired or distracted.'}]"
txn_010614,2025-02-23T04:19:45,payer_01514,payee_00766,25.97,collect,4,1.0,1.0,0.0,0,101.7,0.255,38816,-1.3369,B,1,0.9008,0.6367,1,1343,none,0,0.5326,0.8539096261527817,0,0.10413509134518337,pass,"[{'id': 'collect_first_time', 'label': 'Collect request from a first-time payee', 'detail': ""This transaction is a UPI collect request (the payee is asking you to pay them, not the other way round) AND you've never paid this account before. Refund scammers use this exact pattern.""}, {'id': 'odd_hour', 'label': 'Transaction at an unusual hour', 'detail': 'This transaction is happening between 21:00 and 08:00 local time — scammers often call late at night when the victim is tired or distracted.'}]"
txn_005265,2025-01-27T13:54:50,payer_01672,payee_01767,492.64,send,13,0.0,1.0,0.0,0,878.6,0.561,8679,-0.5777,B,0,0.9121,0.6167,1,23364,timeout,0,0.2845,-0.6690732759378877,0,1.7737870467003778e-06,pass,[]
txn_003448,2025-01-18T17:21:14,payer_00934,payee_04686,2458.62,send,17,0.0,0.0,1.0,4,2643.12,0.93,3415,-0.0723,A,1,0.8839,0.4961,0,1764,none,0,-0.0145,-1.381888860839352,1,0.00023413122266138282,pass,"[{'id': 'fast_approval', 'label': 'Approval given suspiciously fast', 'detail': 'The user approved this in under 2 seconds — too fast to read the amount, the payee name, or the direction of the request.'}, {'id': 'high_risk_merchant', 'label': 'Payee flagged as high-risk merchant', 'detail': 'This payee account has prior complaints or is on a high-risk watchlist.'}]"
txn_003679,2025-01-19T13:21:36,payer_00386,payee_04957,542.2,send,13,0.0,1.0,0.0,0,629.12,0.862,17937,-0.1484,A,1,0.8274,0.7618,1,1870,none,0,0.3703,-0.4909930576540168,0,1.9932155811081614e-06,pass,[]
txn_006189,2025-01-31T06:48:34,payer_01549,payee_00872,1256.2,qr,6,1.0,0.0,1.0,2,1650.78,0.761,36963,-0.273,B,1,0.7092,0.7238,0,988,none,0,0.3454,1.3409147111693436,0,9.555247863107803e-05,pass,"[{'id': 'odd_hour', 'label': 'Transaction at an unusual hour', 'detail': 'This transaction is happening between 21:00 and 08:00 local time — scammers often call late at night when the victim is tired or distracted.'}, {'id': 'high_risk_merchant', 'label': 'Payee flagged as high-risk merchant', 'detail': 'This payee account has prior complaints or is on a high-risk watchlist.'}]"
txn_007444,2025-02-07T19:30:28,payer_01478,payee_00451,276.29,send,19,0.0,0.0,0.0,6,2099.33,0.132,14581,-2.0248,A,1,0.9979,0.0552,0,1117,none,0,-0.405,-0.0059312169739931,0,1.4594408983769905e-06,pass,[]
txn_006877,2025-02-04T14:39:24,payer_01412,payee_03618,3961.33,collect,14,0.0,0.0,0.0,12,1480.04,2.676,33824,0.9841,B,1,0.6745,0.8781,1,1696,none,0,0.1968,0.5173887225753905,0,0.7498653026586765,pass,[]
txn_004467,2025-01-23T18:19:23,payer_00492,payee_00623,1042.54,send,18,0.0,0.0,0.0,12,1505.34,0.693,30969,-0.3671,A,1,0.9593,0.4533,0,1492,none,0,-0.0734,1.510873134668637,0,5.261123187337524e-06,pass,[]
txn_004097,2025-01-21T09:15:55,payer_00210,payee_04075,318.51,collect,9,0.0,0.0,0.0,8,267.81,1.189,30878,0.1728,A,1,0.8993,0.6629,0,816,none,0,0.0346,0.5470316706236015,0,0.17625577535176964,pass,[]
txn_007337,2025-02-06T23:27:03,payer_00650,payee_01675,750.39,send,23,1.0,0.0,0.0,8,653.79,1.148,6494,0.1376,B,1,0.6797,0.8722,0,2017,none,0,0.4275,-1.2178828986939192,1,0.0006917288032541133,pass,"[{'id': 'fast_approval', 'label': 'Approval given suspiciously fast', 'detail': 'The user approved this in under 2 seconds — too fast to read the amount, the payee name, or the direction of the request.'}, {'id': 'odd_hour', 'label': 'Transaction at an unusual hour', 'detail': 'This transaction is happening between 21:00 and 08:00 local time — scammers often call late at night when the victim is tired or distracted.'}]"
txn_004156,2025-01-21T22:48:28,payer_00740,payee_00437,854.02,qr,22,1.0,0.0,0.0,1,824.08,1.036,8349,0.0357,B,1,0.7183,0.8528,0,2183,none,0,0.4071,-1.21755309753789,1,0.0009363741120732205,pass,"[{'id': 'fast_approval', 'label': 'Approval given suspiciously fast', 'detail': 'The user approved this in under 2 seconds — too fast to read the amount, the payee name, or the direction of the request.'}, {'id': 'odd_hour', 'label': 'Transaction at an unusual hour', 'detail': 'This transaction is happening between 21:00 and 08:00 local time — scammers often call late at night when the victim is tired or distracted.'}]"
txn_007134,2025-02-05T17:03:34,payer_00410,payee_04938,1293.78,send,17,0.0,0.0,0.0,11,1472.67,0.879,5773,-0.1294,A,1,0.9389,0.5481,0,1670,none,0,-0.0259,-0.901849473739228,0,6.838546664257434e-06,pass,[]
txn_005211,2025-01-27T16:51:28,payer_01822,payee_03420,604.97,collect,16,0.0,0.0,0.0,1,739.3,0.818,40105,-0.2002,A,1,0.9459,0.5199,0,2422,none,0,-0.04,1.2087697334687646,0,0.32912385028736996,pass,[]
txn_004680,2025-01-24T21:21:15,payer_01421,payee_02149,996.0,send,21,1.0,0.0,0.0,4,808.34,1.232,31970,0.2085,B,1,0.6513,0.8843,0,2093,none,0,0.4417,0.5153337333642902,0,7.190954711869902e-05,pass,"[{'id': 'odd_hour', 'label': 'Transaction at an unusual hour', 'detail': 'This transaction is happening between 21:00 and 08:00 local time — scammers often call late at night when the victim is tired or distracted.'}]"
txn_002629,2025-01-14T08:05:21,payer_01741,payee_04929,680.8,send,8,0.0,0.0,0.0,5,779.4,0.873,23907,-0.1351,A,1,0.9395,0.5458,1,2104,none,0,-0.027,-0.2726679355322622,0,4.022455006527307e-06,pass,[]
txn_006363,2025-02-01T13:14:54,payer_01329,payee_00245,228.54,collect,13,0.0,1.0,0.0,0,379.35,0.602,25721,-0.505,A,1,0.9011,0.6438,0,700,none,0,0.299,-0.1093596521693325,0,0.09035869832232336,pass,"[{'id': 'collect_first_time', 'label': 'Collect request from a first-time payee', 'detail': ""This transaction is a UPI collect request (the payee is asking you to pay them, not the other way round) AND you've never paid this account before. Refund scammers use this exact pattern.""}]"
txn_002531,2025-01-13T12:23:29,payer_00085,payee_03434,10.0,send,12,0.0,0.0,0.0,1,414.63,0.024,41778,-3.6319,A,1,0.9999,0.0044,0,2156,none,0,-0.7264,1.5408522485443743,0,5.414505723003302e-08,pass,[]
txn_001512,2025-01-08T04:22:01,payer_01699,payee_03941,5701.31,collect,4,1.0,1.0,0.0,0,1502.7,3.794,3900,1.3329,B,1,0.0692,0.9921,0,1033,none,1,1.0,-0.6896953048099194,0,0.9936928383085744,hard_block,"[{'id': 'collect_first_time', 'label': 'Collect request from a first-time payee', 'detail': ""This transaction is a UPI collect request (the payee is asking you to pay them, not the other way round) AND you've never paid this account before. Refund scammers use this exact pattern.""}, {'id': 'amount_spike', 'label': 'Amount is unusually high for this payer', 'detail': ""This transaction is more than 3x this payer's typical amount. Common in refund scams where the scammer asks for a 'verification' transfer.""}, {'id': 'odd_hour', 'label': 'Transaction at an unusual hour', 'detail': 'This transaction is happening between 21:00 and 08:00 local time — scammers often call late at night when the victim is tired or distracted.'}, {'id': 'high_amount_first_time', 'label': 'High amount + first-time payee combination', 'detail': 'First-time payee + unusually high amount + (collect or QR direction) is the strongest single signal in our historical scam data.'}]"
txn_004004,2025-01-21T16:37:10,payer_01557,payee_04878,265.75,send,16,0.0,0.0,0.0,8,428.14,0.621,9729,-0.4755,A,1,0.9663,0.4108,0,1393,none,0,-0.0951,-0.8908405153148184,0,1.3675813674604646e-06,pass,[]
txn_004464,2025-01-23T08:09:18,payer_00957,payee_04183,1750.51,qr,8,0.0,1.0,0.0,0,1095.89,1.597,6140,0.468,B,1,0.6124,0.8956,1,798,none,0,0.4936,-0.9085022385766648,0,7.136678209930101e-06,pass,[]
txn_001010,2025-01-06T09:07:54,payer_00276,payee_03128,600.09,qr,9,0.0,1.0,0.0,0,422.1,1.422,20912,0.3511,B,1,0.661,0.8767,0,1714,none,0,0.4702,0.8407720814277547,0,2.283316368834498e-06,pass,[]
txn_006507,2025-02-02T09:11:03,payer_00889,payee_03942,1008.98,qr,9,0.0,0.0,0.0,1,988.22,1.021,18758,0.0208,A,1,0.9215,0.6066,0,802,none,0,0.0042,-0.1426168999066875,0,6.775700422971572e-06,pass,[]
txn_011105,2025-02-25T16:28:07,payer_00440,payee_02661,381.52,send,16,0.0,0.0,0.0,8,472.73,0.807,9728,-0.2139,A,1,0.9471,0.5144,0,637,none,0,-0.0428,-0.6464019974458012,0,2.021194723898471e-06,pass,[]
txn_002422,2025-01-13T02:01:37,payer_01720,payee_03603,2381.54,collect,2,1.0,1.0,0.0,0,333.25,7.146,1030,1.964,B,1,0.0233,0.9971,0,764,none,1,1.0,-1.980392262110931,1,0.9990666934678505,hard_block,"[{'id': 'collect_first_time', 'label': 'Collect request from a first-time payee', 'detail': ""This transaction is a UPI collect request (the payee is asking you to pay them, not the other way round) AND you've never paid this account before. Refund scammers use this exact pattern.""}, {'id': 'amount_spike', 'label': 'Amount is unusually high for this payer', 'detail': ""This transaction is more than 3x this payer's typical amount. Common in refund scams where the scammer asks for a 'verification' transfer.""}, {'id': 'fast_approval', 'label': 'Approval given suspiciously fast', 'detail': 'The user approved this in under 2 seconds — too fast to read the amount, the payee name, or the direction of the request.'}, {'id': 'odd_hour', 'label': 'Transaction at an unusual hour', 'detail': 'This transaction is happening between 21:00 and 08:00 local time — scammers often call late at night when the victim is tired or distracted.'}, {'id': 'high_amount_first_time', 'label': 'High amount + first-time payee combination', 'detail': 'First-time payee + unusually high amount + (collect or QR direction) is the strongest single signal in our historical scam data.'}]"
txn_002054,2025-01-11T17:25:04,payer_00440,payee_02179,27.28,send,17,0.0,0.0,1.0,3,472.73,0.058,25559,-2.8186,A,1,0.9991,0.012,0,2269,none,0,-0.5637,1.6452733985880097,0,1.4211089007350538e-07,pass,"[{'id': 'high_risk_merchant', 'label': 'Payee flagged as high-risk merchant', 'detail': 'This payee account has prior complaints or is on a high-risk watchlist.'}]"
txn_010306,2025-02-21T05:43:40,payer_00858,payee_02098,5067.47,collect,5,1.0,1.0,0.0,0,574.04,8.828,1442,2.1764,B,1,0.016,0.9979,0,2032,none,1,1.0,-1.4786802930577674,1,0.9996144436748333,hard_block,"[{'id': 'collect_first_time', 'label': 'Collect request from a first-time payee', 'detail': ""This transaction is a UPI collect request (the payee is asking you to pay them, not the other way round) AND you've never paid this account before. Refund scammers use this exact pattern.""}, {'id': 'amount_spike', 'label': 'Amount is unusually high for this payer', 'detail': ""This transaction is more than 3x this payer's typical amount. Common in refund scams where the scammer asks for a 'verification' transfer.""}, {'id': 'fast_approval', 'label': 'Approval given suspiciously fast', 'detail': 'The user approved this in under 2 seconds — too fast to read the amount, the payee name, or the direction of the request.'}, {'id': 'odd_hour', 'label': 'Transaction at an unusual hour', 'detail': 'This transaction is happening between 21:00 and 08:00 local time — scammers often call late at night when the victim is tired or distracted.'}, {'id': 'high_amount_first_time', 'label': 'High amount + first-time payee combination', 'detail': 'First-time payee + unusually high amount + (collect or QR direction) is the strongest single signal in our historical scam data.'}]"
txn_007637,2025-02-08T10:28:50,payer_01246,payee_03073,206.23,send,10,0.0,0.0,0.0,4,495.37,0.416,14908,-0.8735,A,1,0.9832,0.2694,1,1937,none,0,-0.1747,-0.7279450129808109,0,1.1433988622623907e-06,pass,[]
txn_006127,2025-01-31T23:41:46,payer_00906,payee_01587,4023.29,qr,23,1.0,1.0,0.0,0,1027.87,3.914,22738,1.3639,B,1,0.0657,0.9925,1,2370,none,0,1.0,0.5062046522915098,0,0.0008727079715738871,pass,"[{'id': 'amount_spike', 'label': 'Amount is unusually high for this payer', 'detail': ""This transaction is more than 3x this payer's typical amount. Common in refund scams where the scammer asks for a 'verification' transfer.""}, {'id': 'odd_hour', 'label': 'Transaction at an unusual hour', 'detail': 'This transaction is happening between 21:00 and 08:00 local time — scammers often call late at night when the victim is tired or distracted.'}]"
txn_005572,2025-01-28T11:57:28,payer_01084,payee_02544,819.6,send,11,0.0,0.0,0.0,9,407.9,2.009,40542,0.6966,A,1,0.7766,0.8197,0,475,none,0,0.1393,1.949707871809817,0,4.701252446539662e-06,pass,[]
txn_000908,2025-01-05T08:37:16,payer_01039,payee_03500,559.78,send,8,0.0,0.0,0.0,3,358.36,1.562,11587,0.445,A,1,0.8454,0.7525,0,2281,none,0,0.089,-0.9999999995271868,0,3.560834699123889e-06,pass,[]
txn_011097,2025-02-25T15:53:56,payer_00733,payee_04535,448.71,qr,15,0.0,0.0,0.0,3,366.17,1.225,3741,0.2028,A,1,0.8943,0.6736,1,928,none,0,0.0406,-1.190060326258235,0,2.7712763069992446e-06,pass,[]
txn_007698,2025-02-08T11:28:44,payer_00781,payee_00930,334.61,qr,11,0.0,1.0,0.0,0,336.91,0.993,3775,-0.0068,B,1,0.7879,0.8004,0,609,none,0,0.3986,-1.1556311180515118,0,1.206162033361427e-06,pass,[]
txn_008079,2025-02-10T07:53:31,payer_01323,payee_03992,10.0,send,7,1.0,0.0,0.0,6,179.21,0.056,32522,-2.7962,B,0,0.9976,0.0587,1,25184,timeout,0,-0.1592,1.0484978162991725,0,5.495198942674237e-07,pass,"[{'id': 'odd_hour', 'label': 'Transaction at an unusual hour', 'detail': 'This transaction is happening between 21:00 and 08:00 local time — scammers often call late at night when the victim is tired or distracted.'}]"
txn_008982,2025-02-14T16:49:57,payer_00102,payee_04576,1433.0,collect,16,0.0,1.0,0.0,0,909.81,1.575,4392,0.4539,B,1,0.6185,0.8934,1,1884,none,0,0.4908,-2.0224143251394624,1,0.912442439699167,hard_block,"[{'id': 'collect_first_time', 'label': 'Collect request from a first-time payee', 'detail': ""This transaction is a UPI collect request (the payee is asking you to pay them, not the other way round) AND you've never paid this account before. Refund scammers use this exact pattern.""}, {'id': 'fast_approval', 'label': 'Approval given suspiciously fast', 'detail': 'The user approved this in under 2 seconds — too fast to read the amount, the payee name, or the direction of the request.'}]"
txn_006311,2025-02-01T23:59:02,payer_00286,payee_02485,749.36,qr,23,1.0,1.0,0.0,0,970.12,0.772,10197,-0.2579,A,1,0.5657,0.9078,1,885,none,0,0.7484,-0.5786936364745715,0,3.198900884025082e-05,pass,"[{'id': 'odd_hour', 'label': 'Transaction at an unusual hour', 'detail': 'This transaction is happening between 21:00 and 08:00 local time — scammers often call late at night when the victim is tired or distracted.'}]"
txn_000214,2025-01-02T15:14:45,payer_00566,payee_04680,874.6,send,15,0.0,1.0,0.0,0,1360.61,0.643,30893,-0.4415,A,1,0.8904,0.6668,0,657,none,0,0.3117,0.571499974427449,0,3.2647876208898315e-06,pass,[]
txn_002986,2025-01-15T18:02:35,payer_01748,payee_04382,499.93,send,18,0.0,1.0,1.0,0,369.14,1.354,18206,0.3026,A,0,0.5388,0.8298,1,18852,timeout,0,0.4605,1.2961532450747226,0,1.903336174675806e-06,pass,"[{'id': 'high_risk_merchant', 'label': 'Payee flagged as high-risk merchant', 'detail': 'This payee account has prior complaints or is on a high-risk watchlist.'}]"
txn_009099,2025-02-15T12:00:17,payer_00536,payee_02514,553.72,send,12,0.0,1.0,0.0,0,1979.46,0.28,28622,-1.2726,A,1,0.9732,0.3461,0,1606,none,0,0.1455,0.2987511556571149,0,1.977784277117729e-06,pass,[]
txn_003115,2025-01-16T00:31:25,payer_00884,payee_02255,5220.43,qr,0,1.0,1.0,0.0,0,1183.84,4.41,27349,1.4832,B,1,0.0537,0.9938,0,1598,none,0,1.0,-0.2698765873576347,0,0.0011786591066201104,pass,"[{'id': 'amount_spike', 'label': 'Amount is unusually high for this payer', 'detail': ""This transaction is more than 3x this payer's typical amount. Common in refund scams where the scammer asks for a 'verification' transfer.""}, {'id': 'odd_hour', 'label': 'Transaction at an unusual hour', 'detail': 'This transaction is happening between 21:00 and 08:00 local time — scammers often call late at night when the victim is tired or distracted.'}]"
txn_007261,2025-02-06T17:14:54,payer_01660,payee_04947,10.0,send,17,0.0,1.0,0.0,0,767.65,0.013,41362,-4.2467,A,1,0.9999,0.0045,0,1055,none,0,-0.4493,1.4179242726094243,0,3.091812781045451e-08,pass,[]
txn_011101,2025-02-25T17:51:49,payer_01218,payee_02924,184.23,send,17,0.0,0.0,0.0,10,307.23,0.6,41827,-0.5093,A,1,0.9682,0.3978,0,928,none,0,-0.1019,1.3006067796846743,0,8.844327583531493e-07,pass,[]
txn_006188,2025-01-31T08:17:39,payer_01723,payee_03819,567.71,qr,8,0.0,0.0,0.0,2,468.31,1.212,32939,0.1921,A,1,0.8961,0.6698,1,540,none,0,0.0384,0.5309122120229209,0,3.637986825891613e-06,pass,[]
txn_010548,2025-02-22T11:36:31,payer_00248,payee_03643,369.37,send,11,0.0,0.0,0.0,5,610.25,0.605,16595,-0.501,A,1,0.9678,0.4009,1,1942,none,0,-0.1002,-0.111003670335265,0,2.081289703988904e-06,pass,[]
txn_006455,2025-02-02T16:56:58,payer_00668,payee_03017,162.21,send,16,0.0,1.0,0.0,0,382.08,0.425,29800,-0.8532,B,1,0.9446,0.5087,1,1819,none,0,0.2294,0.6034945451759272,0,5.466708029086355e-07,pass,[]
txn_000014,2025-01-01T14:10:07,payer_00986,payee_03280,4731.76,send,14,0.0,1.0,0.0,0,2046.74,2.312,5817,0.8378,A,1,0.4482,0.9394,1,2010,none,0,0.5676,-1.5322296675243248,1,0.0003045220853256163,pass,"[{'id': 'fast_approval', 'label': 'Approval given suspiciously fast', 'detail': 'The user approved this in under 2 seconds — too fast to read the amount, the payee name, or the direction of the request.'}]"
txn_002802,2025-01-15T07:57:09,payer_00106,payee_02911,497.96,send,7,1.0,1.0,0.0,0,2082.61,0.239,13648,-1.4293,B,0,0.9147,0.6018,1,13457,network_error,0,0.5141,-1.076319654367241,0,2.021896363682992e-05,pass,"[{'id': 'odd_hour', 'label': 'Transaction at an unusual hour', 'detail': 'This transaction is happening between 21:00 and 08:00 local time — scammers often call late at night when the victim is tired or distracted.'}]"
txn_011514,2025-02-27T08:04:23,payer_00136,payee_00179,228.77,send,8,0.0,0.0,0.0,8,713.74,0.321,2702,-1.1348,A,1,0.9895,0.1953,0,1528,none,0,-0.227,-0.9793189070290444,0,1.1500892023522783e-06,pass,[]
txn_001701,2025-01-09T19:38:27,payer_01503,payee_02588,579.23,send,19,0.0,1.0,0.0,0,706.74,0.82,36944,-0.1987,B,1,0.8399,0.7469,1,2008,none,0,0.3603,0.95126776150503,0,2.1325178973322613e-06,pass,[]
txn_002701,2025-01-14T17:06:57,payer_01252,payee_02660,224.36,send,17,0.0,1.0,0.0,0,641.3,0.35,32657,-1.0474,B,1,0.9603,0.4315,1,1579,none,0,0.1905,0.9999999999151752,0,7.65928801206426e-07,pass,[]
txn_001320,2025-01-07T14:16:53,payer_00581,payee_01758,390.15,qr,14,0.0,0.0,0.0,1,446.49,0.874,4905,-0.1346,A,1,0.9395,0.546,1,774,none,0,-0.0269,-1.3527174680345866,1,3.5484004271079626e-05,pass,"[{'id': 'fast_approval', 'label': 'Approval given suspiciously fast', 'detail': 'The user approved this in under 2 seconds — too fast to read the amount, the payee name, or the direction of the request.'}]"
txn_010080,2025-02-20T15:03:11,payer_00912,payee_00706,751.72,send,15,0.0,0.0,0.0,11,581.37,1.293,33876,0.2566,B,1,0.8847,0.6922,1,1598,none,0,0.0513,0.7928299212713579,0,3.937256808854529e-06,pass,[]
txn_010140,2025-02-20T23:32:39,payer_01279,payee_03828,1323.82,send,23,1.0,0.0,0.0,10,849.41,1.559,28205,0.4433,B,1,0.5503,0.9175,1,1636,none,0,0.4887,0.8161714999881113,0,8.520983253207021e-05,pass,"[{'id': 'odd_hour', 'label': 'Transaction at an unusual hour', 'detail': 'This transaction is happening between 21:00 and 08:00 local time — scammers often call late at night when the victim is tired or distracted.'}]"
txn_008062,2025-02-10T07:01:53,payer_01143,payee_01138,271.4,send,7,1.0,1.0,0.0,0,305.53,0.888,8200,-0.1181,B,1,0.5031,0.9249,0,1509,none,0,0.7764,-1.002079140591068,0,1.1025255351727382e-05,pass,"[{'id': 'odd_hour', 'label': 'Transaction at an unusual hour', 'detail': 'This transaction is happening between 21:00 and 08:00 local time — scammers often call late at night when the victim is tired or distracted.'}]"
txn_005028,2025-01-26T07:46:57,payer_01429,payee_04968,392.28,collect,7,1.0,0.0,0.0,2,584.74,0.671,35515,-0.3984,B,1,0.8477,0.7432,1,497,none,0,0.3203,0.4045195552133578,0,0.775115298948919,pass,"[{'id': 'odd_hour', 'label': 'Transaction at an unusual hour', 'detail': 'This transaction is happening between 21:00 and 08:00 local time — scammers often call late at night when the victim is tired or distracted.'}]"
txn_000518,2025-01-03T14:42:44,payer_00024,payee_01860,295.69,send,14,0.0,1.0,1.0,0,641.42,0.461,41786,-0.7726,B,0,0.89,0.466,1,28478,declined,0,0.2455,1.5152140238305538,0,1.0449075214269302e-06,pass,"[{'id': 'high_risk_merchant', 'label': 'Payee flagged as high-risk merchant', 'detail': 'This payee account has prior complaints or is on a high-risk watchlist.'}]"
txn_010443,2025-02-22T10:04:29,payer_00099,payee_02947,364.88,send,10,0.0,0.0,1.0,5,455.98,0.8,12266,-0.2224,A,0,0.9089,0.4364,0,13846,declined,0,-0.0445,-0.268869002711634,0,2.1049807024221674e-06,pass,"[{'id': 'high_risk_merchant', 'label': 'Payee flagged as high-risk merchant', 'detail': 'This payee account has prior complaints or is on a high-risk watchlist.'}]"
txn_003540,2025-01-18T10:44:26,payer_00811,payee_02061,632.99,collect,10,0.0,0.0,1.0,9,592.43,1.068,40214,0.0661,A,1,0.8558,0.5513,0,864,none,0,0.0132,1.6934362309852686,0,0.3027633357422807,pass,"[{'id': 'high_risk_merchant', 'label': 'Payee flagged as high-risk merchant', 'detail': 'This payee account has prior complaints or is on a high-risk watchlist.'}]"
txn_011941,2025-03-01T10:52:29,payer_01839,payee_03794,1442.58,send,10,0.0,0.0,1.0,6,615.76,2.343,33604,0.8504,A,1,0.5913,0.8116,1,457,none,0,0.1701,0.1286558385180571,0,9.489074269770327e-06,pass,"[{'id': 'high_risk_merchant', 'label': 'Payee flagged as high-risk merchant', 'detail': 'This payee account has prior complaints or is on a high-risk watchlist.'}]"
txn_011835,2025-03-01T14:27:01,payer_00124,payee_04272,551.59,collect,14,0.0,1.0,1.0,0,626.0,0.881,11242,-0.1263,B,0,0.7165,0.7105,1,18842,network_error,0,0.3747,-1.2102861734583972,1,0.7882103755471548,pass,"[{'id': 'collect_first_time', 'label': 'Collect request from a first-time payee', 'detail': ""This transaction is a UPI collect request (the payee is asking you to pay them, not the other way round) AND you've never paid this account before. Refund scammers use this exact pattern.""}, {'id': 'fast_approval', 'label': 'Approval given suspiciously fast', 'detail': 'The user approved this in under 2 seconds — too fast to read the amount, the payee name, or the direction of the request.'}, {'id': 'high_risk_merchant', 'label': 'Payee flagged as high-risk merchant', 'detail': 'This payee account has prior complaints or is on a high-risk watchlist.'}]"
txn_010458,2025-02-22T21:01:52,payer_00422,payee_00913,1043.35,send,21,1.0,1.0,0.0,0,842.06,1.239,40820,0.2141,B,1,0.3577,0.9545,0,2159,none,0,0.8428,1.245929636908336,0,4.647469705734709e-05,pass,"[{'id': 'odd_hour', 'label': 'Transaction at an unusual hour', 'detail': 'This transaction is happening between 21:00 and 08:00 local time — scammers often call late at night when the victim is tired or distracted.'}]"
txn_004410,2025-01-23T07:02:14,payer_00418,payee_03752,510.87,send,7,1.0,1.0,0.0,0,983.02,0.52,9276,-0.6536,B,1,0.7264,0.8395,1,480,none,0,0.6693,-0.5792232617180764,0,2.107502815341278e-05,pass,"[{'id': 'odd_hour', 'label': 'Transaction at an unusual hour', 'detail': 'This transaction is happening between 21:00 and 08:00 local time — scammers often call late at night when the victim is tired or distracted.'}]"
txn_005700,2025-01-29T14:59:15,payer_00782,payee_01330,3170.08,qr,14,0.0,1.0,0.0,0,1690.85,1.875,35139,0.6282,B,1,0.5422,0.9172,1,567,none,0,0.5256,0.8704469752912891,0,1.3559282768268895e-05,pass,[]
txn_002380,2025-01-12T18:01:13,payer_01720,payee_03603,119.58,qr,18,0.0,0.0,0.0,9,333.25,0.359,44323,-1.0196,A,1,0.9871,0.2259,0,715,none,0,-0.2039,1.2550580488137826,0,5.686856111662554e-07,pass,[]
txn_002102,2025-01-11T20:01:22,payer_00372,payee_03891,950.97,send,20,0.0,1.0,0.0,0,733.33,1.297,39469,0.2596,A,0,0.6969,0.86,1,9647,declined,0,0.4519,0.9999999998879552,0,3.6886534278880955e-06,pass,[]
txn_006830,2025-02-04T16:42:19,payer_01902,payee_01359,452.73,send,16,0.0,0.0,0.0,2,530.21,0.854,16600,-0.1576,A,1,0.9418,0.5369,1,1911,none,0,-0.0315,-0.2322378435703748,0,2.8129282817582387e-06,pass,[]
txn_006906,2025-02-04T13:16:26,payer_01670,payee_04726,884.2,send,13,0.0,1.0,0.0,0,861.12,1.027,26830,0.0264,B,1,0.7777,0.8088,1,1591,none,0,0.4053,0.6188735167537256,0,3.3685682343497865e-06,pass,[]
txn_007845,2025-02-09T10:18:36,payer_01540,payee_00243,63.09,qr,10,0.0,0.0,0.0,11,422.58,0.149,33200,-1.8885,A,1,0.9973,0.0678,0,2354,none,0,-0.3777,1.1274613666928506,0,2.745564520433899e-07,pass,[]
txn_010095,2025-02-20T23:47:23,payer_00008,payee_01525,2438.16,send,23,1.0,0.0,0.0,1,1501.36,1.624,16407,0.4846,A,0,0.5319,0.9224,1,20712,timeout,0,0.4969,-0.4105751987867909,0,0.00020337822312549317,pass,"[{'id': 'odd_hour', 'label': 'Transaction at an unusual hour', 'detail': 'This transaction is happening between 21:00 and 08:00 local time — scammers often call late at night when the victim is tired or distracted.'}]"
txn_010820,2025-02-24T18:03:37,payer_01813,payee_03326,912.19,send,18,0.0,0.0,0.0,9,416.64,2.189,7213,0.7823,A,1,0.7487,0.8391,1,2358,none,0,0.1565,-1.1252522453611535,0,5.312763014161174e-06,pass,[]
txn_001643,2025-01-09T16:11:01,payer_00334,payee_04374,341.49,send,16,0.0,1.0,0.0,0,860.93,0.397,31524,-0.9229,A,1,0.9508,0.4808,0,383,none,0,0.2154,0.2857617807312271,0,1.195085749523165e-06,pass,[]
txn_000031,2025-01-01T15:32:12,payer_01830,payee_00519,1244.35,send,15,0.0,1.0,0.0,0,894.45,1.391,42590,0.3298,B,1,0.6696,0.873,1,1961,none,0,0.466,1.4362683125648057,0,4.923851836497743e-06,pass,[]
txn_002227,2025-01-12T10:43:29,payer_01815,payee_01320,613.57,send,10,0.0,0.0,1.0,9,514.31,1.193,30146,0.1761,B,0,0.8296,0.5943,1,21155,timeout,0,0.0352,0.5749889958147651,0,3.3681595198537974e-06,pass,"[{'id': 'high_risk_merchant', 'label': 'Payee flagged as high-risk merchant', 'detail': 'This payee account has prior complaints or is on a high-risk watchlist.'}]"
txn_009291,2025-02-16T10:35:08,payer_01707,payee_04217,953.57,send,10,0.0,0.0,0.0,11,1499.05,0.636,35380,-0.452,B,1,0.9649,0.4199,1,671,none,0,-0.0904,0.7505781329084944,0,4.893027502395084e-06,pass,[]
txn_010504,2025-02-22T18:53:42,payer_00240,payee_04703,1363.67,qr,18,0.0,0.0,0.0,10,598.11,2.28,23041,0.8232,B,1,0.7346,0.8478,1,712,none,0,0.1646,0.8780993855102408,0,7.963521561499266e-06,pass,[]
txn_007171,2025-02-05T14:43:20,payer_00969,payee_01180,1715.99,send,14,0.0,1.0,1.0,0,1149.92,1.492,19239,0.4,A,0,0.495,0.8507,1,11634,timeout,0,0.48,-0.0923111514733107,0,7.049629988699859e-06,pass,"[{'id': 'high_risk_merchant', 'label': 'Payee flagged as high-risk merchant', 'detail': 'This payee account has prior complaints or is on a high-risk watchlist.'}]"
txn_001791,2025-01-09T21:21:34,payer_00644,payee_03420,320.62,send,21,1.0,1.0,0.0,0,458.32,0.7,33875,-0.3564,A,1,0.6086,0.8938,1,605,none,0,0.7287,-0.1060179693924371,0,1.3014995326290606e-05,pass,"[{'id': 'odd_hour', 'label': 'Transaction at an unusual hour', 'detail': 'This transaction is happening between 21:00 and 08:00 local time — scammers often call late at night when the victim is tired or distracted.'}]"
txn_005398,2025-01-27T16:05:58,payer_00140,payee_03170,10.0,send,16,0.0,0.0,0.0,5,376.59,0.027,42176,-3.5359,A,1,0.9999,0.0052,0,2284,none,0,-0.7072,1.052453891957157,0,4.907719902947775e-08,pass,[]
txn_007172,2025-02-05T05:56:41,payer_01030,payee_04903,3674.54,send,5,1.0,0.0,0.0,7,2708.54,1.357,21386,0.3049,B,1,0.6109,0.8992,0,1850,none,0,0.461,-0.8397742791810954,0,0.00026696115735794565,pass,"[{'id': 'odd_hour', 'label': 'Transaction at an unusual hour', 'detail': 'This transaction is happening between 21:00 and 08:00 local time — scammers often call late at night when the victim is tired or distracted.'}]"
txn_000673,2025-01-04T13:17:42,payer_01735,payee_02491,8047.55,collect,13,0.0,1.0,0.0,0,1863.16,4.319,4637,1.4627,B,1,0.2087,0.9768,0,788,none,1,0.6,-1.2963912254168293,1,0.9965928445367082,hard_block,"[{'id': 'collect_first_time', 'label': 'Collect request from a first-time payee', 'detail': ""This transaction is a UPI collect request (the payee is asking you to pay them, not the other way round) AND you've never paid this account before. Refund scammers use this exact pattern.""}, {'id': 'amount_spike', 'label': 'Amount is unusually high for this payer', 'detail': ""This transaction is more than 3x this payer's typical amount. Common in refund scams where the scammer asks for a 'verification' transfer.""}, {'id': 'fast_approval', 'label': 'Approval given suspiciously fast', 'detail': 'The user approved this in under 2 seconds — too fast to read the amount, the payee name, or the direction of the request.'}, {'id': 'high_amount_first_time', 'label': 'High amount + first-time payee combination', 'detail': 'First-time payee + unusually high amount + (collect or QR direction) is the strongest single signal in our historical scam data.'}]"
txn_000050,2025-01-01T23:50:56,payer_01961,payee_04335,1540.34,qr,23,1.0,1.0,0.0,0,1408.59,1.094,16252,0.0894,B,1,0.4108,0.945,0,1347,none,0,0.8179,-0.1081690617554829,0,6.961129003603166e-05,pass,"[{'id': 'odd_hour', 'label': 'Transaction at an unusual hour', 'detail': 'This transaction is happening between 21:00 and 08:00 local time — scammers often call late at night when the victim is tired or distracted.'}]"
txn_000483,2025-01-03T19:39:26,payer_00440,payee_02179,261.81,qr,19,0.0,1.0,1.0,0,472.73,0.554,10283,-0.5892,B,1,0.8533,0.5392,1,833,none,0,0.2822,-0.5660609043500545,0,9.236044468534931e-07,pass,"[{'id': 'high_risk_merchant', 'label': 'Payee flagged as high-risk merchant', 'detail': 'This payee account has prior complaints or is on a high-risk watchlist.'}]"
txn_001923,2025-01-10T15:11:04,payer_01871,payee_03246,7482.72,send,15,0.0,0.0,0.0,1,2494.29,3.0,29502,1.0983,B,1,0.6279,0.8964,0,555,none,0,0.2,0.3469458338058117,0,6.23287122444276e-05,pass,[]
txn_011779,2025-02-28T10:21:39,payer_01947,payee_01341,10.0,send,10,0.0,0.0,0.0,4,1386.71,0.007,28315,-4.8375,A,1,1.0,0.0006,0,1035,none,0,-0.9675,0.414541890016855,0,5.024804922648771e-08,pass,[]
txn_009221,2025-02-16T15:36:04,payer_00613,payee_01861,387.99,send,15,0.0,0.0,0.0,10,1432.73,0.271,39798,-1.3045,A,1,0.9922,0.1561,0,1699,none,0,-0.2609,0.8629187058274944,0,1.9052577781460648e-06,pass,[]
txn_010515,2025-02-22T15:36:28,payer_00085,payee_03434,300.35,collect,15,0.0,0.0,0.0,12,414.63,0.724,8824,-0.3215,A,1,0.956,0.4714,0,561,none,0,-0.0643,-0.744489431058271,0,0.1510811919629624,pass,[]
txn_000927,2025-01-05T09:38:51,payer_00250,payee_00845,472.21,send,9,0.0,1.0,0.0,0,581.98,0.811,4393,-0.2086,A,1,0.8423,0.7439,1,2390,none,0,0.3583,-0.8616867369688699,0,1.71824284480723e-06,pass,[]
txn_005531,2025-01-28T15:30:58,payer_01339,payee_00026,400.8,send,15,0.0,0.0,0.0,9,262.1,1.529,18482,0.4234,A,1,0.8504,0.746,1,2440,none,0,0.0847,-0.4293192459475377,0,2.1559461868367356e-06,pass,[]
txn_004919,2025-01-25T22:43:05,payer_00960,payee_00145,675.64,qr,22,1.0,0.0,0.0,12,989.94,0.683,9972,-0.3815,B,0,0.8438,0.7483,0,26959,timeout,0,0.3237,-1.1205422627818122,0,3.811338670702632e-05,pass,"[{'id': 'odd_hour', 'label': 'Transaction at an unusual hour', 'detail': 'This transaction is happening between 21:00 and 08:00 local time — scammers often call late at night when the victim is tired or distracted.'}]"
txn_008498,2025-02-12T16:37:50,payer_01342,payee_04985,1045.61,collect,16,0.0,1.0,0.0,0,953.08,1.097,33295,0.0926,A,0,0.7565,0.8246,1,21338,declined,0,0.4185,0.9876200532192468,0,0.3362988180128637,pass,"[{'id': 'collect_first_time', 'label': 'Collect request from a first-time payee', 'detail': ""This transaction is a UPI collect request (the payee is asking you to pay them, not the other way round) AND you've never paid this account before. Refund scammers use this exact pattern.""}]"
txn_001950,2025-01-10T12:09:59,payer_01345,payee_00656,591.03,send,12,0.0,1.0,0.0,0,2226.73,0.265,7294,-1.3252,B,0,0.9755,0.3273,0,18270,timeout,0,0.135,-0.6228712487921149,0,2.1170406532078308e-06,pass,[]
txn_008075,2025-02-10T17:01:22,payer_00788,payee_01004,354.15,qr,17,0.0,1.0,1.0,0,439.09,0.807,7805,-0.2144,B,1,0.7476,0.6807,0,544,none,0,0.3571,-0.4548477818377086,0,1.2864284774739246e-06,pass,"[{'id': 'high_risk_merchant', 'label': 'Payee flagged as high-risk merchant', 'detail': 'This payee account has prior complaints or is on a high-risk watchlist.'}]"
txn_002167,2025-01-11T14:47:46,payer_00684,payee_00969,605.68,send,14,0.0,0.0,1.0,7,399.69,1.515,8618,0.4148,A,1,0.7601,0.6822,1,1028,none,0,0.083,-1.4089302228542162,1,5.1039137112343e-05,pass,"[{'id': 'fast_approval', 'label': 'Approval given suspiciously fast', 'detail': 'The user approved this in under 2 seconds — too fast to read the amount, the payee name, or the direction of the request.'}, {'id': 'high_risk_merchant', 'label': 'Payee flagged as high-risk merchant', 'detail': 'This payee account has prior complaints or is on a high-risk watchlist.'}]"
txn_007068,2025-02-05T09:14:06,payer_00532,payee_00743,368.26,send,9,0.0,0.0,0.0,3,312.6,1.178,29981,0.1634,A,1,0.9008,0.6596,1,1773,none,0,0.0327,-0.1298893946612175,0,2.2445879604652955e-06,pass,[]
txn_004924,2025-01-25T16:22:04,payer_01015,payee_02469,1044.22,send,16,0.0,0.0,0.0,8,1059.9,0.985,19822,-0.0149,A,1,0.926,0.593,1,2134,none,0,-0.003,-0.5697167894553389,0,5.9032390387985336e-06,pass,[]
txn_008384,2025-02-11T20:53:47,payer_01774,payee_01198,512.85,send,20,0.0,0.0,0.0,3,849.17,0.604,13954,-0.5035,A,1,0.9679,0.4,1,1707,none,0,-0.1007,-0.7394062486577194,0,3.09037253684009e-06,pass,[]
txn_003034,2025-01-16T12:09:40,payer_01920,payee_02437,1751.05,send,12,0.0,1.0,0.0,0,1264.81,1.384,28468,0.3251,A,1,0.6715,0.8722,1,1271,none,0,0.465,0.6466840441945083,0,7.061161731100709e-06,pass,[]
txn_011913,2025-03-01T18:02:11,payer_00356,payee_00003,179.61,send,18,0.0,1.0,0.0,0,105.7,1.699,24644,0.5263,A,1,0.5873,0.904,0,783,none,0,0.5053,0.6896553675769305,0,6.49703300392328e-07,pass,[]
txn_007060,2025-02-05T16:19:09,payer_00192,payee_03169,669.64,send,16,0.0,1.0,0.0,0,1581.18,0.424,42398,-0.8583,B,0,0.9451,0.5067,1,19255,declined,0,0.2283,1.5259410220091787,0,2.4351396378195593e-06,pass,[]
txn_009338,2025-02-16T14:39:09,payer_00237,payee_04247,751.3,send,14,0.0,1.0,0.0,0,503.83,1.491,17004,0.3989,A,1,0.6415,0.8848,1,791,none,0,0.4798,0.2556210010697293,0,2.904889974734645e-06,pass,[]
txn_007905,2025-02-09T03:56:37,payer_01764,payee_02193,11545.22,collect,3,1.0,1.0,0.0,0,605.46,19.068,5488,2.9465,A,0,0.0041,0.9994,1,29405,declined,1,1.0,-1.6220494420307674,1,0.9999046536602184,hard_block,"[{'id': 'collect_first_time', 'label': 'Collect request from a first-time payee', 'detail': ""This transaction is a UPI collect request (the payee is asking you to pay them, not the other way round) AND you've never paid this account before. Refund scammers use this exact pattern.""}, {'id': 'amount_spike', 'label': 'Amount is unusually high for this payer', 'detail': ""This transaction is more than 3x this payer's typical amount. Common in refund scams where the scammer asks for a 'verification' transfer.""}, {'id': 'fast_approval', 'label': 'Approval given suspiciously fast', 'detail': 'The user approved this in under 2 seconds — too fast to read the amount, the payee name, or the direction of the request.'}, {'id': 'odd_hour', 'label': 'Transaction at an unusual hour', 'detail': 'This transaction is happening between 21:00 and 08:00 local time — scammers often call late at night when the victim is tired or distracted.'}, {'id': 'high_amount_first_time', 'label': 'High amount + first-time payee combination', 'detail': 'First-time payee + unusually high amount + (collect or QR direction) is the strongest single signal in our historical scam data.'}]"
txn_004606,2025-01-24T19:58:06,payer_00944,payee_01458,1824.99,qr,19,0.0,1.0,0.0,0,1611.82,1.132,25379,0.1241,B,0,0.7458,0.8318,1,19220,timeout,0,0.4248,1.2421702555777605,0,7.281496769278112e-06,pass,[]
txn_002348,2025-01-12T15:38:00,payer_00559,payee_01962,964.1,send,15,0.0,0.0,0.0,11,840.16,1.148,30409,0.1375,B,1,0.9049,0.6502,1,1249,none,0,0.0275,0.0509936694059228,0,5.082295894230529e-06,pass,[]
txn_001347,2025-01-07T11:10:00,payer_01259,payee_01575,282.07,send,11,0.0,1.0,0.0,0,486.75,0.579,10971,-0.5441,A,1,0.9072,0.6293,0,468,none,0,0.2912,-0.9020612906942388,0,9.862427487318672e-07,pass,[]
txn_002766,2025-01-14T11:24:45,payer_01815,payee_01320,681.86,send,11,0.0,0.0,1.0,12,514.31,1.326,38753,0.2815,B,1,0.8011,0.6342,1,1490,none,0,0.0563,1.217098461772712,0,3.5211287196415137e-06,pass,"[{'id': 'high_risk_merchant', 'label': 'Payee flagged as high-risk merchant', 'detail': 'This payee account has prior complaints or is on a high-risk watchlist.'}]"
txn_004040,2025-01-21T20:34:40,payer_00795,payee_00110,585.73,qr,20,0.0,0.0,0.0,1,443.24,1.321,13972,0.2782,A,1,0.8807,0.6995,0,1541,none,0,0.0556,-0.4816696399182717,0,3.875305324612022e-06,pass,[]
txn_002236,2025-01-12T23:45:37,payer_01633,payee_02857,16993.48,collect,23,1.0,0.0,0.0,1,1330.01,12.777,44996,2.547,B,1,0.027,0.9969,0,2117,none,1,0.6,1.9351344606371184,0,0.9971753442658008,hard_block,"[{'id': 'amount_spike', 'label': 'Amount is unusually high for this payer', 'detail': ""This transaction is more than 3x this payer's typical amount. Common in refund scams where the scammer asks for a 'verification' transfer.""}, {'id': 'odd_hour', 'label': 'Transaction at an unusual hour', 'detail': 'This transaction is happening between 21:00 and 08:00 local time — scammers often call late at night when the victim is tired or distracted.'}]"
txn_005716,2025-01-29T21:53:05,payer_00931,payee_02321,722.61,send,21,1.0,0.0,0.0,5,754.88,0.957,35428,-0.0436,B,0,0.7462,0.8362,0,26311,timeout,0,0.3913,0.8974133678318748,0,4.9296525431088345e-05,pass,"[{'id': 'odd_hour', 'label': 'Transaction at an unusual hour', 'detail': 'This transaction is happening between 21:00 and 08:00 local time — scammers often call late at night when the victim is tired or distracted.'}]"
txn_010118,2025-02-20T11:09:52,payer_01528,payee_04917,813.44,send,11,0.0,1.0,0.0,0,733.57,1.109,24271,0.1032,A,0,0.7529,0.8271,1,22471,timeout,0,0.4206,1.528843464278686,0,3.097620626123086e-06,pass,[]
txn_007403,2025-02-07T12:55:37,payer_00119,payee_00907,2071.25,send,12,0.0,0.0,0.0,4,2692.06,0.769,37532,-0.262,A,1,0.9513,0.4952,1,1350,none,0,-0.0524,0.6536516636159418,0,1.3280902205828954e-05,pass,[]
txn_007985,2025-02-09T11:07:43,payer_00007,payee_04964,23.92,send,11,0.0,1.0,0.0,0,163.4,0.146,27469,-1.8866,B,0,0.991,0.1654,1,22031,network_error,0,0.0227,0.2995866368565629,0,7.389934466589417e-08,pass,[]
txn_011226,2025-02-26T10:32:51,payer_01317,payee_04842,3800.83,send,10,0.0,0.0,0.0,1,2206.95,1.722,18852,0.5434,A,1,0.8208,0.7807,0,508,none,0,0.1087,-0.2912717300433807,0,2.852319664846926e-05,pass,[]
txn_001430,2025-01-08T08:19:18,payer_01327,payee_02637,107.66,send,8,0.0,0.0,0.0,11,466.61,0.231,20691,-1.4594,A,1,0.9941,0.1262,0,1192,none,0,-0.2919,0.997211951885228,0,4.817797429996605e-07,pass,[]
txn_001275,2025-01-07T09:16:18,payer_00469,payee_02629,500.65,send,9,0.0,0.0,0.0,2,548.93,0.912,37970,-0.0919,A,1,0.935,0.5629,0,2373,none,0,-0.0184,0.9772416555511886,0,3.137260285277232e-06,pass,[]
txn_007755,2025-02-08T23:47:49,payer_00766,payee_04103,2370.83,qr,23,1.0,1.0,1.0,0,2408.85,0.984,21968,-0.0159,A,0,0.3162,0.9149,1,23639,timeout,0,0.7968,-0.0005355913447264,0,0.00011072427697346729,pass,"[{'id': 'odd_hour', 'label': 'Transaction at an unusual hour', 'detail': 'This transaction is happening between 21:00 and 08:00 local time — scammers often call late at night when the victim is tired or distracted.'}, {'id': 'high_risk_merchant', 'label': 'Payee flagged as high-risk merchant', 'detail': 'This payee account has prior complaints or is on a high-risk watchlist.'}]"
txn_010181,2025-02-20T13:45:04,payer_00515,payee_00265,86.96,qr,13,0.0,0.0,0.0,2,544.8,0.16,34684,-1.8254,A,1,0.9969,0.0744,0,899,none,0,-0.3651,-0.1800762193964097,0,4.790818287294003e-07,pass,[]
txn_006515,2025-02-02T09:36:53,payer_00689,payee_03190,432.41,send,9,0.0,0.0,0.0,12,386.72,1.118,3394,0.1114,A,1,0.9088,0.6407,1,861,none,0,0.0223,-1.0555116764317036,0,2.124023895016306e-06,pass,[]
txn_003154,2025-01-16T19:16:38,payer_01766,payee_04003,614.05,send,19,0.0,1.0,0.0,0,383.86,1.6,40637,0.4688,B,1,0.6121,0.8957,1,1841,none,0,0.4938,1.2537395658163542,0,2.3609455498653743e-06,pass,[]
txn_003369,2025-01-17T16:29:44,payer_01970,payee_04304,38.92,collect,16,0.0,0.0,0.0,11,2212.89,0.018,21918,-4.0157,A,1,0.9999,0.0024,0,2090,none,0,-0.8031,1.4434145289717029,0,0.020336189918601023,pass,[]
txn_010902,2025-02-24T11:35:27,payer_00646,payee_03943,1512.68,send,11,0.0,0.0,0.0,9,884.61,1.71,44812,0.536,A,1,0.8228,0.7786,1,832,none,0,0.1072,1.1388833552125932,0,8.843577685032277e-06,pass,[]
txn_005635,2025-01-29T07:22:10,payer_01294,payee_02354,440.18,send,7,1.0,0.0,0.0,1,719.69,0.612,19888,-0.4908,A,1,0.868,0.714,1,1694,none,0,0.3018,-0.0563704544130285,0,3.1672843185485264e-05,pass,"[{'id': 'odd_hour', 'label': 'Transaction at an unusual hour', 'detail': 'This transaction is happening between 21:00 and 08:00 local time — scammers often call late at night when the victim is tired or distracted.'}]"
txn_004708,2025-01-24T12:05:33,payer_00081,payee_00586,4964.81,send,12,0.0,1.0,0.0,0,1360.33,3.65,21412,1.2941,A,0,0.2632,0.9698,1,8848,bank_down,0,0.6,0.2776211074597545,0,9.390371080535827e-05,pass,"[{'id': 'amount_spike', 'label': 'Amount is unusually high for this payer', 'detail': ""This transaction is more than 3x this payer's typical amount. Common in refund scams where the scammer asks for a 'verification' transfer.""}]"
txn_004838,2025-01-25T23:54:19,payer_00483,payee_04158,2789.3,send,23,1.0,0.0,0.0,3,1474.31,1.892,23631,0.6373,B,1,0.4633,0.9382,0,359,none,0,0.5275,1.554368293016212,0,0.00022628799980844343,pass,"[{'id': 'odd_hour', 'label': 'Transaction at an unusual hour', 'detail': 'This transaction is happening between 21:00 and 08:00 local time — scammers often call late at night when the victim is tired or distracted.'}]"
txn_003048,2025-01-16T18:51:21,payer_00691,payee_02118,234.79,qr,18,0.0,1.0,0.0,0,466.69,0.503,24162,-0.6849,B,0,0.9264,0.5755,1,24540,timeout,0,0.263,1.0679927340855333,0,8.098045016065477e-07,pass,[]
txn_007810,2025-02-09T16:52:28,payer_01883,payee_00994,274.99,send,16,0.0,1.0,0.0,0,884.21,0.311,23518,-1.1655,B,0,0.9676,0.3859,1,19226,bank_down,0,0.1669,-0.4496097739481497,0,9.470296873480313e-07,pass,[]
txn_011175,2025-02-25T15:30:32,payer_00969,payee_01393,324.29,send,15,0.0,1.0,0.0,0,1149.92,0.282,36474,-1.2636,A,1,0.9727,0.3494,0,1907,none,0,0.1473,1.7544476362719132,0,1.1250509109225343e-06,pass,[]
txn_009799,2025-02-18T12:48:05,payer_01781,payee_04512,37.15,collect,12,0.0,1.0,0.0,0,661.52,0.056,41182,-2.8545,A,1,0.9984,0.0404,0,1702,none,0,-0.1709,1.6602796150962753,0,0.014280362662289115,pass,"[{'id': 'collect_first_time', 'label': 'Collect request from a first-time payee', 'detail': ""This transaction is a UPI collect request (the payee is asking you to pay them, not the other way round) AND you've never paid this account before. Refund scammers use this exact pattern.""}]"
txn_005580,2025-01-28T18:00:31,payer_00098,payee_04697,1140.88,qr,18,0.0,0.0,0.0,7,505.88,2.255,20571,0.8121,B,1,0.7385,0.8455,1,1552,none,0,0.1624,1.4030142803935477,0,7.092100386475966e-06,pass,[]
txn_007807,2025-02-09T07:01:37,payer_01880,payee_02401,494.56,send,7,1.0,0.0,0.0,12,353.27,1.4,19594,0.3356,A,1,0.5977,0.9035,1,654,none,0,0.4671,1.0971903488181536,0,2.8452317310372596e-05,pass,"[{'id': 'odd_hour', 'label': 'Transaction at an unusual hour', 'detail': 'This transaction is happening between 21:00 and 08:00 local time — scammers often call late at night when the victim is tired or distracted.'}]"
txn_003288,2025-01-17T06:34:19,payer_01786,payee_01632,648.11,send,6,1.0,0.0,0.0,5,875.48,0.74,30949,-0.3003,B,1,0.8235,0.772,1,1983,none,0,0.3399,0.4774477546599382,0,4.3459499420197294e-05,pass,"[{'id': 'odd_hour', 'label': 'Transaction at an unusual hour', 'detail': 'This transaction is happening between 21:00 and 08:00 local time — scammers often call late at night when the victim is tired or distracted.'}]"
txn_002012,2025-01-11T04:40:20,payer_00279,payee_02458,2098.86,send,4,1.0,0.0,1.0,8,1370.22,1.532,42910,0.4262,B,1,0.4092,0.8891,1,2022,none,0,0.4852,1.3700332102594173,0,0.00014752134468607204,pass,"[{'id': 'odd_hour', 'label': 'Transaction at an unusual hour', 'detail': 'This transaction is happening between 21:00 and 08:00 local time — scammers often call late at night when the victim is tired or distracted.'}, {'id': 'high_risk_merchant', 'label': 'Payee flagged as high-risk merchant', 'detail': 'This payee account has prior complaints or is on a high-risk watchlist.'}]"
txn_007092,2025-02-05T20:09:46,payer_01925,payee_00462,316.44,qr,20,0.0,1.0,0.0,0,398.59,0.794,30496,-0.2301,A,1,0.8474,0.7373,0,576,none,0,0.354,0.4512662446860294,0,1.1256471407615046e-06,pass,[]
txn_001453,2025-01-08T08:27:13,payer_00288,payee_02632,300.5,send,8,0.0,0.0,0.0,6,227.44,1.321,15536,0.2775,B,1,0.8809,0.6993,1,1542,none,0,0.0555,-0.5606037434894233,0,1.6951058398084317e-06,pass,[]
txn_001078,2025-01-06T23:44:03,payer_00755,payee_04134,2377.4,qr,23,1.0,1.0,0.0,0,2170.99,1.095,13374,0.0908,B,0,0.4101,0.9451,0,16929,declined,0,0.8182,-0.8521600354624546,0,0.00011011288060578098,pass,"[{'id': 'odd_hour', 'label': 'Transaction at an unusual hour', 'detail': 'This transaction is happening between 21:00 and 08:00 local time — scammers often call late at night when the victim is tired or distracted.'}]"
txn_006463,2025-02-02T22:39:31,payer_00617,payee_00033,3722.16,collect,22,1.0,1.0,0.0,0,599.17,6.212,2566,1.8251,B,1,0.0297,0.9964,1,393,none,1,1.0,-1.0774950815989277,0,0.9912814098498187,hard_block,"[{'id': 'collect_first_time', 'label': 'Collect request from a first-time payee', 'detail': ""This transaction is a UPI collect request (the payee is asking you to pay them, not the other way round) AND you've never paid this account before. Refund scammers use this exact pattern.""}, {'id': 'amount_spike', 'label': 'Amount is unusually high for this payer', 'detail': ""This transaction is more than 3x this payer's typical amount. Common in refund scams where the scammer asks for a 'verification' transfer.""}, {'id': 'odd_hour', 'label': 'Transaction at an unusual hour', 'detail': 'This transaction is happening between 21:00 and 08:00 local time — scammers often call late at night when the victim is tired or distracted.'}, {'id': 'high_amount_first_time', 'label': 'High amount + first-time payee combination', 'detail': 'First-time payee + unusually high amount + (collect or QR direction) is the strongest single signal in our historical scam data.'}]"
txn_010501,2025-02-22T10:24:02,payer_01739,payee_00228,848.22,collect,10,0.0,1.0,0.0,0,706.95,1.2,21478,0.1819,A,0,0.7256,0.8444,1,13544,timeout,0,0.4364,-1.098306725635307,0,0.28998259822560934,pass,"[{'id': 'collect_first_time', 'label': 'Collect request from a first-time payee', 'detail': ""This transaction is a UPI collect request (the payee is asking you to pay them, not the other way round) AND you've never paid this account before. Refund scammers use this exact pattern.""}]"
txn_000434,2025-01-03T10:38:09,payer_00819,payee_01964,906.06,qr,10,0.0,1.0,0.0,0,599.13,1.512,25713,0.4131,A,1,0.6356,0.887,1,1216,none,0,0.4826,-0.374968145456699,0,3.543948207428906e-06,pass,[]
txn_007195,2025-02-05T10:33:42,payer_00710,payee_00148,477.89,send,10,0.0,0.0,0.0,11,413.96,1.154,10941,0.1433,A,1,0.904,0.6523,0,2244,none,0,0.0287,-0.5983578045426262,0,2.4236188343749843e-06,pass,[]
txn_000613,2025-01-04T10:17:19,payer_01781,payee_04826,902.15,send,10,0.0,0.0,0.0,5,661.52,1.364,21249,0.3098,B,1,0.8746,0.7101,1,2266,none,0,0.062,-0.1781628067129305,0,5.553263589480515e-06,pass,[]
txn_011925,2025-03-01T13:43:40,payer_01955,payee_02586,3936.92,collect,13,0.0,1.0,0.0,0,781.98,5.035,1158,1.6153,B,1,0.1669,0.9817,0,509,none,1,0.6,-1.814243944778178,1,0.9930333060414626,hard_block,"[{'id': 'collect_first_time', 'label': 'Collect request from a first-time payee', 'detail': ""This transaction is a UPI collect request (the payee is asking you to pay them, not the other way round) AND you've never paid this account before. Refund scammers use this exact pattern.""}, {'id': 'amount_spike', 'label': 'Amount is unusually high for this payer', 'detail': ""This transaction is more than 3x this payer's typical amount. Common in refund scams where the scammer asks for a 'verification' transfer.""}, {'id': 'fast_approval', 'label': 'Approval given suspiciously fast', 'detail': 'The user approved this in under 2 seconds — too fast to read the amount, the payee name, or the direction of the request.'}, {'id': 'high_amount_first_time', 'label': 'High amount + first-time payee combination', 'detail': 'First-time payee + unusually high amount + (collect or QR direction) is the strongest single signal in our historical scam data.'}]"
txn_002993,2025-01-15T18:54:33,payer_01227,payee_03276,387.52,send,18,0.0,1.0,0.0,0,756.04,0.513,43828,-0.6671,A,1,0.9242,0.5824,1,2414,none,0,0.2666,1.449617171696456,0,1.3736867934292902e-06,pass,[]
txn_011662,2025-02-28T15:31:23,payer_01079,payee_02989,327.93,send,15,0.0,0.0,0.0,12,304.57,1.077,16166,0.0737,A,0,0.9143,0.6266,0,13383,declined,0,0.0147,-0.0993958728885044,0,1.583436834803957e-06,pass,[]
txn_001111,2025-01-06T18:45:01,payer_00107,payee_01928,313.54,send,18,0.0,0.0,0.0,4,754.06,0.416,37942,-0.8757,A,1,0.9833,0.2687,1,1931,none,0,-0.1751,1.4538561008390896,0,1.7773729038364651e-06,pass,[]
txn_007247,2025-02-06T07:57:40,payer_01901,payee_02465,2008.92,collect,7,1.0,0.0,0.0,7,850.22,2.363,43558,0.8592,B,1,0.3667,0.9558,0,1890,none,0,0.5718,1.018826771872551,0,0.9491192799235308,hard_block,"[{'id': 'odd_hour', 'label': 'Transaction at an unusual hour', 'detail': 'This transaction is happening between 21:00 and 08:00 local time — scammers often call late at night when the victim is tired or distracted.'}]"
txn_007709,2025-02-08T06:55:42,payer_00253,payee_04491,1636.3,qr,6,1.0,0.0,0.0,9,944.64,1.732,33110,0.5489,B,1,0.503,0.9295,0,898,none,0,0.5098,0.3588449104197065,0,0.0001102200805822664,pass,"[{'id': 'odd_hour', 'label': 'Transaction at an unusual hour', 'detail': 'This transaction is happening between 21:00 and 08:00 local time — scammers often call late at night when the victim is tired or distracted.'}]"
txn_010790,2025-02-23T16:30:03,payer_01115,payee_01782,520.68,send,16,0.0,0.0,1.0,11,277.28,1.878,40395,0.6284,B,1,0.6833,0.7513,1,593,none,0,0.1257,1.2592653166528065,0,2.793173855897734e-06,pass,"[{'id': 'high_risk_merchant', 'label': 'Payee flagged as high-risk merchant', 'detail': 'This payee account has prior complaints or is on a high-risk watchlist.'}]"
txn_001282,2025-01-07T13:03:05,payer_01759,payee_04775,1027.48,send,13,0.0,1.0,0.0,0,831.84,1.235,19763,0.211,A,0,0.7151,0.8504,0,27152,bank_down,0,0.4422,-0.3751144967823189,0,3.990002528991614e-06,pass,[]
txn_002453,2025-01-13T20:49:14,payer_00651,payee_01172,1259.0,send,20,0.0,0.0,0.0,7,1889.12,0.666,33753,-0.4055,A,1,0.9619,0.4381,1,1486,none,0,-0.0811,0.4862094136113291,0,7.2518183017432985e-06,pass,[]
txn_010512,2025-02-22T15:32:40,payer_01773,payee_04607,1322.01,send,15,0.0,0.0,0.0,9,875.81,1.509,7223,0.4114,A,1,0.8531,0.7423,0,1630,none,0,0.0823,-1.4714714753664886,1,0.00010918698444927978,pass,"[{'id': 'fast_approval', 'label': 'Approval given suspiciously fast', 'detail': 'The user approved this in under 2 seconds — too fast to read the amount, the payee name, or the direction of the request.'}]"
txn_007890,2025-02-09T23:07:49,payer_01662,payee_04216,6002.89,collect,23,1.0,0.0,0.0,8,560.52,10.71,4755,2.3695,B,1,0.0368,0.9959,0,1118,none,1,0.6,-0.8772334223942732,0,0.9888813316381673,hard_block,"[{'id': 'amount_spike', 'label': 'Amount is unusually high for this payer', 'detail': ""This transaction is more than 3x this payer's typical amount. Common in refund scams where the scammer asks for a 'verification' transfer.""}, {'id': 'odd_hour', 'label': 'Transaction at an unusual hour', 'detail': 'This transaction is happening between 21:00 and 08:00 local time — scammers often call late at night when the victim is tired or distracted.'}]"
txn_011958,2025-03-01T07:02:27,payer_00586,payee_00864,36.18,send,7,1.0,0.0,0.0,12,426.62,0.085,21168,-2.4424,A,1,0.9955,0.0991,0,1783,none,0,-0.0885,0.3595146303177471,0,1.7205169951786537e-06,pass,"[{'id': 'odd_hour', 'label': 'Transaction at an unusual hour', 'detail': 'This transaction is happening between 21:00 and 08:00 local time — scammers often call late at night when the victim is tired or distracted.'}]"
txn_006592,2025-02-02T16:27:32,payer_01526,payee_02924,501.13,collect,16,0.0,0.0,0.0,3,631.23,0.794,41253,-0.2304,A,1,0.9486,0.5078,1,1965,none,0,-0.0461,1.367038289763875,0,0.2766151872136376,pass,[]
txn_008366,2025-02-11T16:24:55,payer_01734,payee_00671,17.34,send,16,0.0,1.0,0.0,0,817.48,0.021,13021,-3.7985,A,1,0.9997,0.0092,0,2118,none,0,-0.3597,-0.4082341178559428,0,5.309913614547178e-08,pass,[]
txn_000914,2025-01-05T11:16:31,payer_01077,payee_03278,3077.02,send,11,0.0,1.0,0.0,0,1148.38,2.679,43057,0.9851,B,1,0.3839,0.9515,0,1858,none,0,0.597,0.8258356317066039,0,1.3694134780996625e-05,pass,[]
txn_005281,2025-01-27T22:26:13,payer_01096,payee_00169,3051.74,qr,22,1.0,1.0,1.0,0,514.8,5.928,14749,1.7781,A,0,0.018,0.9948,1,24876,timeout,0,1.0,-1.6338335531691826,1,0.010444822429007669,pass,"[{'id': 'amount_spike', 'label': 'Amount is unusually high for this payer', 'detail': ""This transaction is more than 3x this payer's typical amount. Common in refund scams where the scammer asks for a 'verification' transfer.""}, {'id': 'fast_approval', 'label': 'Approval given suspiciously fast', 'detail': 'The user approved this in under 2 seconds — too fast to read the amount, the payee name, or the direction of the request.'}, {'id': 'odd_hour', 'label': 'Transaction at an unusual hour', 'detail': 'This transaction is happening between 21:00 and 08:00 local time — scammers often call late at night when the victim is tired or distracted.'}, {'id': 'high_risk_merchant', 'label': 'Payee flagged as high-risk merchant', 'detail': 'This payee account has prior complaints or is on a high-risk watchlist.'}]"
txn_005836,2025-01-30T16:05:35,payer_01822,payee_04561,666.74,send,16,0.0,1.0,0.0,0,739.3,0.902,29424,-0.1032,A,1,0.8154,0.7747,1,2267,none,0,0.3794,0.13389900057619,0,2.484389501123864e-06,pass,[]
txn_009327,2025-02-16T05:51:42,payer_00498,payee_01887,155.79,send,5,1.0,0.0,0.0,6,237.65,0.656,34884,-0.4201,B,1,0.8527,0.7365,1,1352,none,0,0.316,1.1750875067558482,0,9.40309050808927e-06,pass,"[{'id': 'odd_hour', 'label': 'Transaction at an unusual hour', 'detail': 'This transaction is happening between 21:00 and 08:00 local time — scammers often call late at night when the victim is tired or distracted.'}]"
txn_001197,2025-01-06T10:14:44,payer_01341,payee_02391,769.9,send,10,0.0,1.0,0.0,0,1101.63,0.699,12303,-0.3579,B,1,0.8748,0.6958,1,1878,none,0,0.3284,-0.1847870344229582,0,2.8617925147027515e-06,pass,[]
txn_006387,2025-02-01T03:51:57,payer_01168,payee_00400,3912.45,collect,3,1.0,1.0,0.0,0,1118.17,3.499,3746,1.2518,B,1,0.0792,0.991,0,553,none,1,1.0,-1.261248601234085,1,0.9993334547873024,hard_block,"[{'id': 'collect_first_time', 'label': 'Collect request from a first-time payee', 'detail': ""This transaction is a UPI collect request (the payee is asking you to pay them, not the other way round) AND you've never paid this account before. Refund scammers use this exact pattern.""}, {'id': 'amount_spike', 'label': 'Amount is unusually high for this payer', 'detail': ""This transaction is more than 3x this payer's typical amount. Common in refund scams where the scammer asks for a 'verification' transfer.""}, {'id': 'fast_approval', 'label': 'Approval given suspiciously fast', 'detail': 'The user approved this in under 2 seconds — too fast to read the amount, the payee name, or the direction of the request.'}, {'id': 'odd_hour', 'label': 'Transaction at an unusual hour', 'detail': 'This transaction is happening between 21:00 and 08:00 local time — scammers often call late at night when the victim is tired or distracted.'}, {'id': 'high_amount_first_time', 'label': 'High amount + first-time payee combination', 'detail': 'First-time payee + unusually high amount + (collect or QR direction) is the strongest single signal in our historical scam data.'}]"
txn_009566,2025-02-17T10:30:19,payer_01459,payee_02418,8670.64,qr,10,0.0,0.0,0.0,11,3382.39,2.563,35626,0.9412,B,0,0.6912,0.8706,0,25534,timeout,0,0.1882,0.7333638782828571,0,5.567978188421398e-05,pass,[]
txn_007733,2025-02-08T06:38:16,payer_00517,payee_02854,118.71,qr,6,1.0,0.0,0.0,3,235.43,0.504,35144,-0.6806,A,1,0.9025,0.6482,1,437,none,0,0.2639,1.0852929320890266,0,7.551744873304024e-06,pass,"[{'id': 'odd_hour', 'label': 'Transaction at an unusual hour', 'detail': 'This transaction is happening between 21:00 and 08:00 local time — scammers often call late at night when the victim is tired or distracted.'}]"
txn_002876,2025-01-15T19:07:15,payer_00765,payee_03197,1869.33,qr,19,0.0,1.0,0.0,0,1126.47,1.659,9334,0.5061,B,1,0.596,0.9011,1,1076,none,0,0.5012,-0.6886781042918816,0,7.673910340524748e-06,pass,[]
txn_008323,2025-02-11T13:08:13,payer_01185,payee_03047,1513.51,send,13,0.0,0.0,1.0,7,1729.14,0.875,23067,-0.1331,A,1,0.8947,0.4718,0,570,none,0,-0.0266,0.2067968511046872,0,9.03114810805947e-06,pass,"[{'id': 'high_risk_merchant', 'label': 'Payee flagged as high-risk merchant', 'detail': 'This payee account has prior complaints or is on a high-risk watchlist.'}]"
txn_005908,2025-01-30T03:55:11,payer_00155,payee_04129,9018.72,collect,3,1.0,1.0,0.0,0,2621.51,3.44,3868,1.2353,B,1,0.0814,0.9908,1,2059,none,1,1.0,-1.0745260634973226,0,0.9960349772105285,hard_block,"[{'id': 'collect_first_time', 'label': 'Collect request from a first-time payee', 'detail': ""This transaction is a UPI collect request (the payee is asking you to pay them, not the other way round) AND you've never paid this account before. Refund scammers use this exact pattern.""}, {'id': 'amount_spike', 'label': 'Amount is unusually high for this payer', 'detail': ""This transaction is more than 3x this payer's typical amount. Common in refund scams where the scammer asks for a 'verification' transfer.""}, {'id': 'odd_hour', 'label': 'Transaction at an unusual hour', 'detail': 'This transaction is happening between 21:00 and 08:00 local time — scammers often call late at night when the victim is tired or distracted.'}, {'id': 'high_amount_first_time', 'label': 'High amount + first-time payee combination', 'detail': 'First-time payee + unusually high amount + (collect or QR direction) is the strongest single signal in our historical scam data.'}]"
txn_007998,2025-02-09T18:14:24,payer_01890,payee_01081,213.31,qr,18,0.0,0.0,1.0,12,490.71,0.435,34364,-0.8304,A,0,0.9675,0.2264,1,21420,declined,0,-0.1661,0.6367525211344027,0,9.87894047988337e-07,pass,"[{'id': 'high_risk_merchant', 'label': 'Payee flagged as high-risk merchant', 'detail': 'This payee account has prior complaints or is on a high-risk watchlist.'}]"
txn_000107,2025-01-01T16:58:30,payer_01004,payee_01616,368.49,send,16,0.0,1.0,0.0,0,1213.58,0.304,23811,-1.19,A,1,0.969,0.3766,0,422,none,0,0.162,0.7260067919114042,0,1.288719443905166e-06,pass,[]
txn_003689,2025-01-19T15:28:23,payer_00584,payee_04794,2990.89,qr,15,0.0,0.0,1.0,8,1829.05,1.635,18715,0.4916,A,0,0.734,0.7082,1,13552,declined,0,0.0983,-0.8042831991787341,0,1.8819770807843908e-05,pass,"[{'id': 'high_risk_merchant', 'label': 'Payee flagged as high-risk merchant', 'detail': 'This payee account has prior complaints or is on a high-risk watchlist.'}]"
txn_004607,2025-01-24T10:31:22,payer_01502,payee_04072,334.67,qr,10,0.0,0.0,0.0,10,202.42,1.653,31398,0.5009,B,1,0.8318,0.7688,1,2168,none,0,0.1002,0.6562991163741106,0,1.7505014032332393e-06,pass,[]
txn_009975,2025-02-19T02:38:30,payer_01986,payee_02044,12200.43,collect,2,1.0,1.0,0.0,0,581.96,20.964,2689,3.0412,B,1,0.0034,0.9995,0,1673,none,1,1.0,-1.7065921492518823,1,0.9999184197841343,hard_block,"[{'id': 'collect_first_time', 'label': 'Collect request from a first-time payee', 'detail': ""This transaction is a UPI collect request (the payee is asking you to pay them, not the other way round) AND you've never paid this account before. Refund scammers use this exact pattern.""}, {'id': 'amount_spike', 'label': 'Amount is unusually high for this payer', 'detail': ""This transaction is more than 3x this payer's typical amount. Common in refund scams where the scammer asks for a 'verification' transfer.""}, {'id': 'fast_approval', 'label': 'Approval given suspiciously fast', 'detail': 'The user approved this in under 2 seconds — too fast to read the amount, the payee name, or the direction of the request.'}, {'id': 'odd_hour', 'label': 'Transaction at an unusual hour', 'detail': 'This transaction is happening between 21:00 and 08:00 local time — scammers often call late at night when the victim is tired or distracted.'}, {'id': 'high_amount_first_time', 'label': 'High amount + first-time payee combination', 'detail': 'First-time payee + unusually high amount + (collect or QR direction) is the strongest single signal in our historical scam data.'}]"
txn_011334,2025-02-26T11:23:39,payer_01664,payee_03479,768.85,send,11,0.0,0.0,0.0,4,512.78,1.499,26345,0.4044,B,1,0.8547,0.7402,1,999,none,0,0.0809,-0.04543835944842,0,4.841002414892994e-06,pass,[]
txn_008091,2025-02-10T15:21:28,payer_00886,payee_04112,223.47,send,15,0.0,1.0,0.0,0,251.17,0.89,17447,-0.1164,B,1,0.819,0.771,1,580,none,0,0.3767,-0.897085679468564,0,7.842293466846235e-07,pass,[]
txn_008216,2025-02-11T12:40:31,payer_01731,payee_01998,5153.24,collect,12,0.0,1.0,0.0,0,849.37,6.067,6192,1.8019,B,1,0.1253,0.9864,0,348,none,1,0.6,-1.414924741017844,1,0.9950198121114026,hard_block,"[{'id': 'collect_first_time', 'label': 'Collect request from a first-time payee', 'detail': ""This transaction is a UPI collect request (the payee is asking you to pay them, not the other way round) AND you've never paid this account before. Refund scammers use this exact pattern.""}, {'id': 'amount_spike', 'label': 'Amount is unusually high for this payer', 'detail': ""This transaction is more than 3x this payer's typical amount. Common in refund scams where the scammer asks for a 'verification' transfer.""}, {'id': 'fast_approval', 'label': 'Approval given suspiciously fast', 'detail': 'The user approved this in under 2 seconds — too fast to read the amount, the payee name, or the direction of the request.'}, {'id': 'high_amount_first_time', 'label': 'High amount + first-time payee combination', 'detail': 'First-time payee + unusually high amount + (collect or QR direction) is the strongest single signal in our historical scam data.'}]"
txn_000967,2025-01-05T07:34:45,payer_00527,payee_01234,10.0,qr,7,1.0,0.0,0.0,10,450.22,0.022,38705,-3.7141,A,1,0.9995,0.0142,0,558,none,0,-0.3428,0.9655599945195013,0,4.971383584773525e-07,pass,"[{'id': 'odd_hour', 'label': 'Transaction at an unusual hour', 'detail': 'This transaction is happening between 21:00 and 08:00 local time — scammers often call late at night when the victim is tired or distracted.'}]"
txn_006249,2025-02-01T12:36:08,payer_00636,payee_00219,170.79,send,12,0.0,1.0,0.0,0,421.66,0.405,41863,-0.9003,B,0,0.9489,0.4899,1,9987,timeout,0,0.2199,1.4435762696778252,0,5.765031088169173e-07,pass,[]
txn_000217,2025-01-02T15:08:55,payer_01770,payee_04038,771.33,qr,15,0.0,1.0,0.0,0,433.18,1.781,11450,0.576,B,1,0.5654,0.9106,1,1193,none,0,0.5152,-0.5443365243921762,0,3.031632358911444e-06,pass,[]
txn_002982,2025-01-15T13:15:27,payer_00434,payee_02634,3845.44,send,13,0.0,1.0,0.0,0,976.36,3.939,27421,1.3701,A,1,0.2376,0.9732,1,2337,none,0,0.6,0.5622563531426061,0,7.275803990376738e-05,pass,"[{'id': 'amount_spike', 'label': 'Amount is unusually high for this payer', 'detail': ""This transaction is more than 3x this payer's typical amount. Common in refund scams where the scammer asks for a 'verification' transfer.""}]"
txn_007443,2025-02-07T18:04:06,payer_01573,payee_00084,894.19,qr,18,0.0,0.0,0.0,11,835.8,1.07,17922,0.0675,A,1,0.9152,0.6243,1,2135,none,0,0.0135,-0.6452157120091528,0,4.675121039241587e-06,pass,[]
txn_005579,2025-01-28T13:18:35,payer_01209,payee_00173,432.96,send,13,0.0,1.0,0.0,0,1549.81,0.279,20147,-1.2736,B,1,0.9732,0.3458,1,1202,none,0,0.1453,-1.0535113596562704,0,1.5255924611875008e-06,pass,[]
txn_007699,2025-02-08T11:17:09,payer_01797,payee_00005,323.79,qr,11,0.0,1.0,0.0,0,216.06,1.499,31102,0.403,B,1,0.6398,0.8854,0,2207,none,0,0.4806,0.8699743623926329,0,1.1958352850997765e-06,pass,[]
txn_008475,2025-02-12T06:09:35,payer_01424,payee_04970,528.46,send,6,1.0,0.0,0.0,3,418.53,1.263,10868,0.2327,B,1,0.6413,0.8882,0,2431,none,0,0.4465,-1.179515618750915,0,3.7810214035562954e-05,pass,"[{'id': 'odd_hour', 'label': 'Transaction at an unusual hour', 'detail': 'This transaction is happening between 21:00 and 08:00 local time — scammers often call late at night when the victim is tired or distracted.'}]"
txn_004950,2025-01-25T21:08:59,payer_01058,payee_00235,210.02,send,21,1.0,1.0,0.0,0,268.91,0.781,12242,-0.2461,B,1,0.5605,0.9094,1,1607,none,0,0.7508,-0.8491233135905877,0,8.370990364955846e-06,pass,"[{'id': 'odd_hour', 'label': 'Transaction at an unusual hour', 'detail': 'This transaction is happening between 21:00 and 08:00 local time — scammers often call late at night when the victim is tired or distracted.'}]"
txn_000510,2025-01-03T19:25:24,payer_01804,payee_02178,688.6,send,19,0.0,1.0,0.0,0,529.04,1.302,36501,0.2632,A,0,0.6956,0.8607,1,11480,declined,0,0.4526,1.4990936966950994,0,2.623921803026083e-06,pass,[]
txn_005234,2025-01-27T15:45:54,payer_01711,payee_00320,411.78,collect,15,0.0,0.0,0.0,2,364.9,1.128,38686,0.1206,A,1,0.9075,0.644,1,1162,none,0,0.0241,0.9210329090616448,0,0.24477823573662022,pass,[]
txn_006820,2025-02-04T12:36:02,payer_01784,payee_01686,629.22,qr,12,0.0,1.0,0.0,0,514.15,1.224,33508,0.2016,B,1,0.7185,0.8485,1,1399,none,0,0.4403,1.1170736488105415,0,2.376113707448573e-06,pass,[]
txn_004483,2025-01-23T09:59:39,payer_00443,payee_00001,528.67,qr,9,0.0,0.0,0.0,6,342.37,1.544,28687,0.4334,A,0,0.8481,0.749,1,14543,declined,0,0.0867,1.1522709663818065,0,3.110901003719089e-06,pass,[]
txn_006062,2025-01-31T19:52:20,payer_01572,payee_01465,435.94,collect,19,0.0,0.0,0.0,12,503.79,0.865,39068,-0.1443,A,1,0.9405,0.5422,1,2197,none,0,-0.0289,0.522531185077562,0,0.20980014642860406,pass,[]
txn_000573,2025-01-03T21:35:31,payer_01640,payee_01022,333.75,send,21,1.0,1.0,0.0,0,366.37,0.911,25139,-0.093,B,1,0.4918,0.9277,1,1124,none,0,0.7814,0.8009075912137384,0,1.3725597709256147e-05,pass,"[{'id': 'odd_hour', 'label': 'Transaction at an unusual hour', 'detail': 'This transaction is happening between 21:00 and 08:00 local time — scammers often call late at night when the victim is tired or distracted.'}]"
txn_006575,2025-02-02T14:40:08,payer_00073,payee_00267,5096.94,send,14,0.0,1.0,1.0,0,2101.89,2.425,24392,0.8855,B,1,0.2903,0.9253,0,2159,none,0,0.5771,0.5520987031254272,0,2.336985250192543e-05,pass,"[{'id': 'high_risk_merchant', 'label': 'Payee flagged as high-risk merchant', 'detail': 'This payee account has prior complaints or is on a high-risk watchlist.'}]"
txn_000039,2025-01-01T10:03:51,payer_01882,payee_04217,10.0,send,10,0.0,1.0,0.0,0,550.17,0.018,25633,-3.9141,A,1,0.9998,0.0077,0,786,none,0,-0.3828,0.5498125308602804,0,3.0926086111008375e-08,pass,[]
txn_004217,2025-01-22T22:51:44,payer_01550,payee_02246,4846.11,collect,22,1.0,1.0,0.0,0,513.65,9.435,2167,2.2427,B,1,0.0142,0.9981,0,1661,none,1,1.0,-1.637834617306493,1,0.9996082415198975,hard_block,"[{'id': 'collect_first_time', 'label': 'Collect request from a first-time payee', 'detail': ""This transaction is a UPI collect request (the payee is asking you to pay them, not the other way round) AND you've never paid this account before. Refund scammers use this exact pattern.""}, {'id': 'amount_spike', 'label': 'Amount is unusually high for this payer', 'detail': ""This transaction is more than 3x this payer's typical amount. Common in refund scams where the scammer asks for a 'verification' transfer.""}, {'id': 'fast_approval', 'label': 'Approval given suspiciously fast', 'detail': 'The user approved this in under 2 seconds — too fast to read the amount, the payee name, or the direction of the request.'}, {'id': 'odd_hour', 'label': 'Transaction at an unusual hour', 'detail': 'This transaction is happening between 21:00 and 08:00 local time — scammers often call late at night when the victim is tired or distracted.'}, {'id': 'high_amount_first_time', 'label': 'High amount + first-time payee combination', 'detail': 'First-time payee + unusually high amount + (collect or QR direction) is the strongest single signal in our historical scam data.'}]"
txn_003910,2025-01-20T11:05:08,payer_00711,payee_04933,339.91,send,11,0.0,0.0,0.0,7,332.49,1.022,8967,0.022,A,1,0.9213,0.6071,1,1471,none,0,0.0044,-0.5830260503403839,0,1.8545049648683447e-06,pass,[]
txn_001623,2025-01-09T13:32:28,payer_00505,payee_00014,894.72,collect,13,0.0,1.0,0.0,0,990.85,0.903,3596,-0.1019,B,1,0.8151,0.775,1,1132,none,1,0.3796,-1.421354096896606,1,0.8595728296726608,hard_block,"[{'id': 'collect_first_time', 'label': 'Collect request from a first-time payee', 'detail': ""This transaction is a UPI collect request (the payee is asking you to pay them, not the other way round) AND you've never paid this account before. Refund scammers use this exact pattern.""}, {'id': 'fast_approval', 'label': 'Approval given suspiciously fast', 'detail': 'The user approved this in under 2 seconds — too fast to read the amount, the payee name, or the direction of the request.'}]"
txn_007281,2025-02-06T14:01:26,payer_01245,payee_00831,1432.36,send,14,0.0,0.0,0.0,1,2261.98,0.633,7748,-0.4567,A,1,0.9652,0.4181,0,1332,none,0,-0.0913,-1.159178237689057,0,9.616386358725123e-06,pass,[]
txn_001414,2025-01-08T11:49:47,payer_00882,payee_04297,496.86,send,11,0.0,1.0,0.0,0,955.22,0.52,4345,-0.6527,A,0,0.9224,0.588,1,13686,network_error,0,0.2695,-1.4551136911769258,1,2.569066321579039e-05,pass,"[{'id': 'fast_approval', 'label': 'Approval given suspiciously fast', 'detail': 'The user approved this in under 2 seconds — too fast to read the amount, the payee name, or the direction of the request.'}]"
txn_002564,2025-01-13T06:39:16,payer_01764,payee_02193,411.02,send,6,1.0,1.0,0.0,0,605.46,0.679,37358,-0.3866,B,1,0.6215,0.8891,1,1839,none,0,0.7227,0.8442006433163689,0,1.6892604073754848e-05,pass,"[{'id': 'odd_hour', 'label': 'Transaction at an unusual hour', 'detail': 'This transaction is happening between 21:00 and 08:00 local time — scammers often call late at night when the victim is tired or distracted.'}]"
txn_006848,2025-02-04T15:16:16,payer_00846,payee_01871,1878.21,qr,15,0.0,0.0,1.0,8,3026.94,0.62,44926,-0.477,B,0,0.9404,0.34,1,12413,declined,0,-0.0954,0.8305955429791241,0,1.0924812305034183e-05,pass,"[{'id': 'high_risk_merchant', 'label': 'Payee flagged as high-risk merchant', 'detail': 'This payee account has prior complaints or is on a high-risk watchlist.'}]"
txn_002406,2025-01-13T09:55:49,payer_01333,payee_04914,69.13,send,9,0.0,0.0,0.0,5,355.14,0.195,34072,-1.625,A,1,0.9956,0.0997,0,2157,none,0,-0.325,1.2851724465420469,0,3.5085543240983716e-07,pass,[]
txn_008844,2025-02-14T16:04:25,payer_01827,payee_02610,45.5,collect,16,0.0,0.0,0.0,3,241.34,0.189,33304,-1.6509,A,1,0.9958,0.0961,0,2134,none,0,-0.3302,1.023592693301426,0,0.029089498032013102,pass,[]
txn_008643,2025-02-13T21:34:42,payer_01436,payee_01072,2778.43,send,21,1.0,1.0,0.0,0,1651.46,1.682,17273,0.52,B,1,0.2431,0.9716,0,1783,none,0,0.904,-1.1801351492465444,0,0.00013380998279049838,pass,"[{'id': 'odd_hour', 'label': 'Transaction at an unusual hour', 'detail': 'This transaction is happening between 21:00 and 08:00 local time — scammers often call late at night when the victim is tired or distracted.'}]"
txn_005226,2025-01-27T16:23:13,payer_01919,payee_01777,694.65,qr,16,0.0,1.0,0.0,0,390.49,1.779,7737,0.5749,A,0,0.5659,0.9105,1,19562,bank_down,0,0.515,-1.29176967512249,1,3.903921836565219e-05,pass,"[{'id': 'fast_approval', 'label': 'Approval given suspiciously fast', 'detail': 'The user approved this in under 2 seconds — too fast to read the amount, the payee name, or the direction of the request.'}]"
txn_003284,2025-01-17T07:22:20,payer_01465,payee_00190,114.06,send,7,1.0,0.0,0.0,12,389.45,0.293,40858,-1.2219,A,1,0.9608,0.4366,0,814,none,0,0.1556,1.3038764799436775,0,5.7406762895592414e-06,pass,"[{'id': 'odd_hour', 'label': 'Transaction at an unusual hour', 'detail': 'This transaction is happening between 21:00 and 08:00 local time — scammers often call late at night when the victim is tired or distracted.'}]"
txn_005478,2025-01-28T15:50:28,payer_00321,payee_03221,1164.64,send,15,0.0,0.0,0.0,4,794.21,1.466,13442,0.3824,A,1,0.8596,0.7334,1,567,none,0,0.0765,-0.6632977057385859,0,7.492930931333597e-06,pass,[]
txn_000346,2025-01-02T07:52:42,payer_00745,payee_03887,533.58,send,7,1.0,0.0,0.0,8,406.04,1.314,20683,0.2726,A,0,0.6247,0.8944,1,11954,declined,0,0.4545,0.4469458460627616,0,3.386388038591391e-05,pass,"[{'id': 'odd_hour', 'label': 'Transaction at an unusual hour', 'detail': 'This transaction is happening between 21:00 and 08:00 local time — scammers often call late at night when the victim is tired or distracted.'}]"
txn_007222,2025-02-06T13:20:33,payer_01179,payee_02685,1092.72,send,13,0.0,0.0,0.0,6,951.85,1.148,32533,0.1379,B,1,0.9048,0.6504,1,2352,none,0,0.0276,0.9361932995466448,0,6.560413859152759e-06,pass,[]
txn_007110,2025-02-05T16:36:08,payer_01640,payee_03977,719.05,send,16,0.0,0.0,0.0,10,366.37,1.963,7913,0.673,B,1,0.7839,0.8141,1,761,none,0,0.1346,-0.8084376753006453,0,3.985525231887118e-06,pass,[]
txn_002628,2025-01-14T20:06:47,payer_00375,payee_04985,436.43,send,20,0.0,0.0,0.0,4,256.77,1.7,26767,0.5288,B,1,0.8246,0.7766,1,2233,none,0,0.1058,0.4306116094866308,0,2.6909183898253502e-06,pass,[]
txn_009843,2025-02-19T15:13:50,payer_01887,payee_03367,271.21,send,15,0.0,0.0,0.0,3,130.33,2.081,41648,0.7289,A,1,0.7664,0.8272,1,1177,none,0,0.1458,0.8440999746165135,0,1.7034362325674015e-06,pass,[]
txn_003314,2025-01-17T16:53:10,payer_00780,payee_03610,764.34,send,16,0.0,0.0,0.0,5,694.19,1.101,21012,0.0961,A,1,0.9111,0.635,0,1682,none,0,0.0192,1.2713983037848997,0,4.5989027658664324e-06,pass,[]
txn_007632,2025-02-08T17:13:48,payer_00599,payee_03411,390.89,send,17,0.0,0.0,0.0,3,531.61,0.735,7548,-0.3068,A,1,0.9549,0.4773,0,2270,none,0,-0.0614,-1.2397974097006654,1,3.3606312667046256e-05,pass,"[{'id': 'fast_approval', 'label': 'Approval given suspiciously fast', 'detail': 'The user approved this in under 2 seconds — too fast to read the amount, the payee name, or the direction of the request.'}]"
txn_003043,2025-01-16T08:02:19,payer_01143,payee_04771,479.23,qr,8,0.0,0.0,0.0,4,305.53,1.569,16679,0.4489,A,1,0.8445,0.7537,1,1580,none,0,0.0898,-0.2281949747983267,0,2.9500528650803253e-06,pass,[]
txn_010670,2025-02-23T16:58:11,payer_00612,payee_01221,63.73,qr,16,0.0,0.0,0.0,10,555.26,0.115,37900,-2.1509,A,1,0.9983,0.0456,1,626,none,0,-0.4302,0.4505039695766048,0,2.838703956382968e-07,pass,[]
txn_004993,2025-01-25T21:58:46,payer_01414,payee_04210,517.17,send,21,1.0,0.0,0.0,1,631.44,0.819,17814,-0.1993,A,1,0.7955,0.7992,1,1862,none,0,0.3601,-0.0601483203458402,0,3.7945546355948666e-05,pass,"[{'id': 'odd_hour', 'label': 'Transaction at an unusual hour', 'detail': 'This transaction is happening between 21:00 and 08:00 local time — scammers often call late at night when the victim is tired or distracted.'}]"
txn_007422,2025-02-07T18:38:44,payer_00027,payee_04015,28.85,send,18,0.0,1.0,0.0,0,106.63,0.271,35126,-1.2826,A,1,0.9736,0.3425,0,1819,none,0,0.1435,1.1281255728441308,0,9.00143886448585e-08,pass,[]
txn_004047,2025-01-21T19:46:08,payer_00501,payee_01442,333.74,send,19,0.0,1.0,0.0,0,148.26,2.251,41196,0.8077,A,0,0.4616,0.9366,1,8281,network_error,0,0.5615,0.9999999997976732,0,1.2833228020881458e-06,pass,[]
txn_009057,2025-02-15T10:32:13,payer_01266,payee_00686,1556.01,send,10,0.0,0.0,0.0,2,1284.49,1.211,8918,0.1916,A,1,0.8961,0.6696,1,503,none,0,0.0383,-1.0759698152483534,0,1.0549598714214597e-05,pass,[]
txn_011995,2025-03-01T11:30:28,payer_00964,payee_03201,1937.3,send,11,0.0,0.0,0.0,12,1637.39,1.183,40243,0.1681,B,1,0.9,0.6613,1,1926,none,0,0.0336,0.963840435583954,0,1.0382729212481207e-05,pass,[]
txn_005034,2025-01-26T18:38:40,payer_00828,payee_04610,363.58,send,18,0.0,0.0,0.0,3,307.48,1.182,24819,0.1671,A,1,0.9002,0.6609,1,1390,none,0,0.0334,0.1182944226782051,0,2.21498112335272e-06,pass,[]
txn_004610,2025-01-24T15:10:33,payer_01856,payee_02649,1557.53,collect,15,0.0,0.0,0.0,1,285.42,5.457,2052,1.694,A,0,0.366,0.9573,1,13712,timeout,1,0.2,-1.2537344350123318,1,0.9605108895193446,hard_block,"[{'id': 'amount_spike', 'label': 'Amount is unusually high for this payer', 'detail': ""This transaction is more than 3x this payer's typical amount. Common in refund scams where the scammer asks for a 'verification' transfer.""}, {'id': 'fast_approval', 'label': 'Approval given suspiciously fast', 'detail': 'The user approved this in under 2 seconds — too fast to read the amount, the payee name, or the direction of the request.'}]"
txn_011956,2025-03-01T19:16:03,payer_00394,payee_01354,157.5,send,19,0.0,0.0,0.0,10,183.87,0.857,17451,-0.1539,A,1,0.9414,0.5384,1,1869,none,0,-0.0308,-0.2271437659363717,0,7.600804441501804e-07,pass,[]
txn_005335,2025-01-27T18:34:11,payer_01149,payee_04876,287.97,qr,18,0.0,1.0,0.0,0,750.7,0.384,31337,-0.956,A,1,0.9535,0.4676,0,1957,none,0,0.2088,0.9999999996078432,0,9.979198104718665e-07,pass,[]
txn_009591,2025-02-17T11:46:15,payer_00006,payee_03361,225.93,qr,11,0.0,0.0,0.0,1,664.67,0.34,8682,-1.0762,A,1,0.9883,0.2105,0,1097,none,0,-0.2152,-0.9394972085601694,0,1.3497450610066855e-06,pass,[]
txn_011791,2025-02-28T23:41:08,payer_00222,payee_01467,262.54,send,23,1.0,0.0,0.0,4,558.03,0.47,6910,-0.752,A,1,0.9132,0.6217,1,2089,none,0,0.2496,-1.6526308493188957,1,0.00024360983943081638,pass,"[{'id': 'fast_approval', 'label': 'Approval given suspiciously fast', 'detail': 'The user approved this in under 2 seconds — too fast to read the amount, the payee name, or the direction of the request.'}, {'id': 'odd_hour', 'label': 'Transaction at an unusual hour', 'detail': 'This transaction is happening between 21:00 and 08:00 local time — scammers often call late at night when the victim is tired or distracted.'}]"
txn_005011,2025-01-26T23:04:07,payer_01113,payee_02346,4193.84,send,23,1.0,1.0,0.0,0,963.02,4.355,26134,1.4705,B,1,0.0548,0.9936,0,1538,none,0,1.0,0.0393255936707853,0,0.0009327335839577712,pass,"[{'id': 'amount_spike', 'label': 'Amount is unusually high for this payer', 'detail': ""This transaction is more than 3x this payer's typical amount. Common in refund scams where the scammer asks for a 'verification' transfer.""}, {'id': 'odd_hour', 'label': 'Transaction at an unusual hour', 'detail': 'This transaction is happening between 21:00 and 08:00 local time — scammers often call late at night when the victim is tired or distracted.'}]"
txn_009039,2025-02-15T14:21:23,payer_00077,payee_03730,786.0,send,14,0.0,1.0,0.0,0,1197.54,0.656,25234,-0.4206,A,1,0.8867,0.6741,0,1716,none,0,0.3159,0.1499252801184634,0,2.9185465413990006e-06,pass,[]
txn_000937,2025-01-05T13:17:01,payer_00269,payee_03367,1792.74,send,13,0.0,1.0,0.0,0,1109.08,1.616,7552,0.4799,B,1,0.6074,0.8973,0,774,none,0,0.496,-0.9145217941461664,0,7.325866772547265e-06,pass,[]
txn_004532,2025-01-23T19:01:53,payer_01595,payee_01044,135.97,collect,19,0.0,1.0,0.0,0,191.76,0.709,20205,-0.3416,B,1,0.8716,0.7013,1,2035,none,0,0.3317,-0.3040887005023533,0,0.05470298880837897,pass,"[{'id': 'collect_first_time', 'label': 'Collect request from a first-time payee', 'detail': ""This transaction is a UPI collect request (the payee is asking you to pay them, not the other way round) AND you've never paid this account before. Refund scammers use this exact pattern.""}]"
txn_004844,2025-01-25T02:44:12,payer_00715,payee_04990,3567.96,collect,2,1.0,1.0,0.0,0,1356.89,2.63,38146,0.9663,A,0,0.1257,0.9859,1,9270,timeout,1,0.9933,1.0631798148225664,0,0.9583005021539961,hard_block,"[{'id': 'collect_first_time', 'label': 'Collect request from a first-time payee', 'detail': ""This transaction is a UPI collect request (the payee is asking you to pay them, not the other way round) AND you've never paid this account before. Refund scammers use this exact pattern.""}, {'id': 'odd_hour', 'label': 'Transaction at an unusual hour', 'detail': 'This transaction is happening between 21:00 and 08:00 local time — scammers often call late at night when the victim is tired or distracted.'}]"
txn_003464,2025-01-18T14:49:44,payer_01150,payee_02933,836.69,send,14,0.0,1.0,0.0,0,821.17,1.019,8599,0.0187,B,1,0.7801,0.8069,1,1511,none,0,0.4037,-1.0927417120752532,0,3.17642933115868e-06,pass,[]
txn_008069,2025-02-10T20:33:05,payer_01021,payee_01934,145.86,send,20,0.0,1.0,0.0,0,205.73,0.709,38964,-0.3419,A,1,0.8716,0.7012,1,1846,none,0,0.3316,1.4838336769145288,0,4.961479211080029e-07,pass,[]
txn_000177,2025-01-01T10:39:09,payer_01347,payee_00492,646.05,send,10,0.0,1.0,0.0,0,506.4,1.276,24398,0.2431,B,1,0.7032,0.8568,1,307,none,0,0.4486,0.5002909453005688,0,2.4497934012519757e-06,pass,[]
txn_007333,2025-02-06T16:06:25,payer_01105,payee_04720,1202.52,send,16,0.0,0.0,0.0,8,695.4,1.729,7008,0.5471,A,1,0.8198,0.7817,1,1448,none,0,0.1094,-1.3434140074532483,1,0.0001024044656663697,pass,"[{'id': 'fast_approval', 'label': 'Approval given suspiciously fast', 'detail': 'The user approved this in under 2 seconds — too fast to read the amount, the payee name, or the direction of the request.'}]"
txn_003602,2025-01-19T02:10:15,payer_00866,payee_01073,227.56,qr,2,1.0,1.0,0.0,0,210.39,1.082,43373,0.0781,B,1,0.4157,0.944,0,1103,none,0,0.8156,1.1220357752281354,0,9.25046842798305e-06,pass,"[{'id': 'odd_hour', 'label': 'Transaction at an unusual hour', 'detail': 'This transaction is happening between 21:00 and 08:00 local time — scammers often call late at night when the victim is tired or distracted.'}]"
txn_008302,2025-02-11T06:02:07,payer_01028,payee_04920,407.09,send,6,1.0,0.0,0.0,2,971.51,0.419,43702,-0.8684,B,1,0.9284,0.577,1,1316,none,0,0.2263,1.5323847196972429,0,2.8176853293412568e-05,pass,"[{'id': 'odd_hour', 'label': 'Transaction at an unusual hour', 'detail': 'This transaction is happening between 21:00 and 08:00 local time — scammers often call late at night when the victim is tired or distracted.'}]"
txn_007501,2025-02-07T15:08:14,payer_01843,payee_02793,536.73,send,15,0.0,0.0,0.0,6,784.36,0.684,7758,-0.3788,A,1,0.9601,0.4487,1,658,none,0,-0.0758,-0.7223524167199319,0,3.0240926711626186e-06,pass,[]
txn_010631,2025-02-23T23:47:13,payer_00888,payee_04813,158.06,send,23,1.0,0.0,0.0,11,165.26,0.956,35301,-0.0443,A,1,0.7464,0.8361,1,1088,none,0,0.3911,1.1844400174086915,0,8.573222759339013e-06,pass,"[{'id': 'odd_hour', 'label': 'Transaction at an unusual hour', 'detail': 'This transaction is happening between 21:00 and 08:00 local time — scammers often call late at night when the victim is tired or distracted.'}]"
txn_001219,2025-01-07T18:36:21,payer_00906,payee_01587,147.17,send,18,0.0,1.0,0.0,0,1027.87,0.143,38101,-1.9379,B,0,0.9917,0.1544,1,16476,declined,0,0.0124,1.7383521383734013,0,4.864471968750253e-07,pass,[]
txn_008310,2025-02-11T12:39:42,payer_01553,payee_02347,5385.12,collect,12,0.0,1.0,0.0,0,784.82,6.862,3965,1.9248,B,1,0.103,0.9888,0,2277,none,1,0.6,-1.8077592959981117,1,0.9954348893839767,hard_block,"[{'id': 'collect_first_time', 'label': 'Collect request from a first-time payee', 'detail': ""This transaction is a UPI collect request (the payee is asking you to pay them, not the other way round) AND you've never paid this account before. Refund scammers use this exact pattern.""}, {'id': 'amount_spike', 'label': 'Amount is unusually high for this payer', 'detail': ""This transaction is more than 3x this payer's typical amount. Common in refund scams where the scammer asks for a 'verification' transfer.""}, {'id': 'fast_approval', 'label': 'Approval given suspiciously fast', 'detail': 'The user approved this in under 2 seconds — too fast to read the amount, the payee name, or the direction of the request.'}, {'id': 'high_amount_first_time', 'label': 'High amount + first-time payee combination', 'detail': 'First-time payee + unusually high amount + (collect or QR direction) is the strongest single signal in our historical scam data.'}]"
txn_011353,2025-02-26T07:11:54,payer_00513,payee_03396,221.93,send,7,1.0,0.0,0.0,1,152.48,1.456,3115,0.3733,A,0,0.5813,0.9087,1,14841,declined,0,0.4747,-1.3751535755770568,1,0.00023119020774572697,pass,"[{'id': 'fast_approval', 'label': 'Approval given suspiciously fast', 'detail': 'The user approved this in under 2 seconds — too fast to read the amount, the payee name, or the direction of the request.'}, {'id': 'odd_hour', 'label': 'Transaction at an unusual hour', 'detail': 'This transaction is happening between 21:00 and 08:00 local time — scammers often call late at night when the victim is tired or distracted.'}]"
txn_007019,2025-02-05T20:25:11,payer_01432,payee_03723,412.93,collect,20,0.0,1.0,0.0,0,197.29,2.093,15649,0.736,B,1,0.4938,0.9294,0,905,none,0,0.5472,-0.5973882603559502,0,0.1667000999897516,pass,"[{'id': 'collect_first_time', 'label': 'Collect request from a first-time payee', 'detail': ""This transaction is a UPI collect request (the payee is asking you to pay them, not the other way round) AND you've never paid this account before. Refund scammers use this exact pattern.""}]"
txn_009842,2025-02-19T09:12:28,payer_01178,payee_02361,6794.5,qr,9,0.0,0.0,0.0,4,3370.34,2.016,26273,0.701,A,1,0.7753,0.8208,1,923,none,0,0.1402,0.1650977531075466,0,4.9698869222195066e-05,pass,[]
txn_000457,2025-01-03T13:30:06,payer_00323,payee_04808,414.69,send,13,0.0,1.0,0.0,0,263.13,1.576,8506,0.4535,B,1,0.6186,0.8934,1,866,none,0,0.4907,-0.8649471062752355,0,1.5584201730739178e-06,pass,[]
txn_005064,2025-01-26T06:54:15,payer_00532,payee_00743,257.2,send,6,1.0,0.0,0.0,12,312.6,0.823,40875,-0.1944,A,1,0.7941,0.8004,1,2305,none,0,0.3611,0.8157655833556938,0,1.3864446441406041e-05,pass,"[{'id': 'odd_hour', 'label': 'Transaction at an unusual hour', 'detail': 'This transaction is happening between 21:00 and 08:00 local time — scammers often call late at night when the victim is tired or distracted.'}]"
txn_001157,2025-01-06T13:32:23,payer_01860,payee_00718,1964.58,qr,13,0.0,0.0,0.0,12,1498.35,1.311,13070,0.2708,B,1,0.8821,0.697,1,913,none,0,0.0542,-0.8324308755991059,0,1.0606923935761986e-05,pass,[]
txn_009514,2025-02-17T20:58:09,payer_01925,payee_01360,52.3,qr,20,0.0,0.0,0.0,5,398.59,0.131,37341,-2.0144,B,0,0.9978,0.0561,1,8720,timeout,0,-0.4029,0.987704271304742,0,2.6164315726306146e-07,pass,[]
txn_003238,2025-01-17T10:08:28,payer_01938,payee_03356,116.79,send,10,0.0,0.0,0.0,10,250.24,0.467,28242,-0.7575,A,1,0.9794,0.3075,0,447,none,0,-0.1515,0.3874465428577458,0,5.443172108930329e-07,pass,[]
txn_009830,2025-02-19T23:31:52,payer_01941,payee_01682,553.25,collect,23,1.0,0.0,0.0,11,373.46,1.481,44663,0.3921,B,1,0.573,0.9111,0,966,none,1,0.4784,1.2811229719241135,0,0.8053950124790629,pass,"[{'id': 'odd_hour', 'label': 'Transaction at an unusual hour', 'detail': 'This transaction is happening between 21:00 and 08:00 local time — scammers often call late at night when the victim is tired or distracted.'}]"
txn_001213,2025-01-07T13:45:01,payer_00564,payee_01031,5072.88,qr,13,0.0,1.0,0.0,0,4957.46,1.023,18077,0.023,B,1,0.7788,0.808,1,1250,none,0,0.4046,-0.1271444383955756,0,2.13298352306019e-05,pass,[]
txn_011131,2025-02-25T09:08:05,payer_01983,payee_00620,898.63,send,9,0.0,0.0,0.0,8,582.51,1.543,16788,0.4329,B,1,0.8482,0.7489,1,2399,none,0,0.0866,-0.2483524218401412,0,5.184387255248122e-06,pass,[]
txn_011480,2025-02-27T18:50:05,payer_01701,payee_01612,688.96,send,18,0.0,0.0,0.0,8,853.11,0.808,34095,-0.2134,A,1,0.9471,0.5146,0,745,none,0,-0.0427,1.6287075788963252,0,3.7708643144134327e-06,pass,[]
txn_011848,2025-03-01T12:24:15,payer_00048,payee_04522,1076.37,collect,12,0.0,0.0,0.0,8,825.12,1.304,38561,0.2655,A,1,0.8831,0.6953,1,972,none,0,0.0531,1.127982201596604,0,0.4375666702490229,pass,[]
txn_007836,2025-02-09T13:15:19,payer_00461,payee_03811,601.96,send,13,0.0,0.0,0.0,12,504.66,1.193,9696,0.176,A,1,0.8987,0.6641,1,768,none,0,0.0352,-0.8551209951656897,0,3.022877908929544e-06,pass,[]
txn_010623,2025-02-23T01:08:20,payer_01188,payee_02895,4732.5,send,1,1.0,1.0,0.0,0,1222.17,3.872,10732,1.3532,A,0,0.0669,0.9923,1,12634,timeout,0,1.0,-0.9391512048682056,0,0.001033670752140672,pass,"[{'id': 'amount_spike', 'label': 'Amount is unusually high for this payer', 'detail': ""This transaction is more than 3x this payer's typical amount. Common in refund scams where the scammer asks for a 'verification' transfer.""}, {'id': 'odd_hour', 'label': 'Transaction at an unusual hour', 'detail': 'This transaction is happening between 21:00 and 08:00 local time — scammers often call late at night when the victim is tired or distracted.'}]"
txn_008943,2025-02-14T12:11:16,payer_01361,payee_04472,1522.17,send,12,0.0,0.0,0.0,7,961.95,1.582,15635,0.4586,B,0,0.8422,0.7565,1,22182,network_error,0,0.0917,-0.9637746210027296,0,9.289854655884155e-06,pass,[]
txn_000932,2025-01-05T13:29:57,payer_00428,payee_04328,486.21,send,13,0.0,1.0,0.0,0,385.33,1.262,3592,0.232,B,1,0.7073,0.8546,0,1071,none,0,0.4464,-1.2612706243088971,1,2.6087617605030837e-05,pass,"[{'id': 'fast_approval', 'label': 'Approval given suspiciously fast', 'detail': 'The user approved this in under 2 seconds — too fast to read the amount, the payee name, or the direction of the request.'}]"
txn_004722,2025-01-24T23:01:55,payer_00786,payee_04575,2306.25,collect,23,1.0,1.0,0.0,0,669.37,3.445,978,1.236,B,1,0.0813,0.9908,0,2362,none,1,1.0,-1.1884307332422603,0,0.9834592389179901,hard_block,"[{'id': 'collect_first_time', 'label': 'Collect request from a first-time payee', 'detail': ""This transaction is a UPI collect request (the payee is asking you to pay them, not the other way round) AND you've never paid this account before. Refund scammers use this exact pattern.""}, {'id': 'amount_spike', 'label': 'Amount is unusually high for this payer', 'detail': ""This transaction is more than 3x this payer's typical amount. Common in refund scams where the scammer asks for a 'verification' transfer.""}, {'id': 'odd_hour', 'label': 'Transaction at an unusual hour', 'detail': 'This transaction is happening between 21:00 and 08:00 local time — scammers often call late at night when the victim is tired or distracted.'}, {'id': 'high_amount_first_time', 'label': 'High amount + first-time payee combination', 'detail': 'First-time payee + unusually high amount + (collect or QR direction) is the strongest single signal in our historical scam data.'}]"
txn_004193,2025-01-21T21:41:27,payer_01361,payee_04472,763.95,send,21,1.0,1.0,0.0,0,961.95,0.794,32915,-0.2302,B,1,0.5534,0.9115,1,2071,none,0,0.754,0.4747695140000489,0,3.268388433730104e-05,pass,"[{'id': 'odd_hour', 'label': 'Transaction at an unusual hour', 'detail': 'This transaction is happening between 21:00 and 08:00 local time — scammers often call late at night when the victim is tired or distracted.'}]"
txn_002231,2025-01-12T07:36:55,payer_00444,payee_03077,1624.15,send,7,1.0,1.0,0.0,0,1020.0,1.592,39099,0.4648,B,1,0.2618,0.969,0,962,none,0,0.893,0.9002569733931909,0,7.552990726176379e-05,pass,"[{'id': 'odd_hour', 'label': 'Transaction at an unusual hour', 'detail': 'This transaction is happening between 21:00 and 08:00 local time — scammers often call late at night when the victim is tired or distracted.'}]"
txn_002651,2025-01-14T20:22:29,payer_00923,payee_03321,645.53,send,20,0.0,0.0,0.0,1,521.15,1.239,28833,0.2137,A,1,0.8924,0.6774,1,2114,none,0,0.0427,1.3858511532011712,0,4.275945613817023e-06,pass,[]
txn_001984,2025-01-10T23:21:19,payer_01346,payee_04714,3918.66,collect,23,1.0,1.0,0.0,0,661.32,5.925,3731,1.778,B,1,0.0323,0.9961,0,1979,none,1,1.0,-1.944035675694201,1,0.9994126405430745,hard_block,"[{'id': 'collect_first_time', 'label': 'Collect request from a first-time payee', 'detail': ""This transaction is a UPI collect request (the payee is asking you to pay them, not the other way round) AND you've never paid this account before. Refund scammers use this exact pattern.""}, {'id': 'amount_spike', 'label': 'Amount is unusually high for this payer', 'detail': ""This transaction is more than 3x this payer's typical amount. Common in refund scams where the scammer asks for a 'verification' transfer.""}, {'id': 'fast_approval', 'label': 'Approval given suspiciously fast', 'detail': 'The user approved this in under 2 seconds — too fast to read the amount, the payee name, or the direction of the request.'}, {'id': 'odd_hour', 'label': 'Transaction at an unusual hour', 'detail': 'This transaction is happening between 21:00 and 08:00 local time — scammers often call late at night when the victim is tired or distracted.'}, {'id': 'high_amount_first_time', 'label': 'High amount + first-time payee combination', 'detail': 'First-time payee + unusually high amount + (collect or QR direction) is the strongest single signal in our historical scam data.'}]"
txn_008806,2025-02-14T19:05:26,payer_01058,payee_04187,515.61,collect,19,0.0,0.0,0.0,10,268.91,1.917,31896,0.6492,B,1,0.7911,0.8083,0,936,none,0,0.1298,0.7272425009434935,0,0.26005128548238576,pass,[]
txn_002473,2025-01-13T11:35:16,payer_00419,payee_02548,54.97,send,11,0.0,0.0,0.0,10,73.02,0.753,6443,-0.2796,B,1,0.9527,0.4881,1,339,none,0,-0.0559,-1.21626806679233,1,3.618376566026906e-06,pass,"[{'id': 'fast_approval', 'label': 'Approval given suspiciously fast', 'detail': 'The user approved this in under 2 seconds — too fast to read the amount, the payee name, or the direction of the request.'}]"
txn_001433,2025-01-08T15:30:46,payer_01609,payee_04914,135.81,send,15,0.0,1.0,0.0,0,910.35,0.149,37520,-1.8963,A,1,0.9911,0.1633,0,435,none,0,0.0207,1.4292648397596914,0,4.472469855088147e-07,pass,[]
txn_010883,2025-02-24T21:15:32,payer_01607,payee_02669,613.34,send,21,1.0,0.0,0.0,12,1651.62,0.371,32321,-0.9896,A,1,0.9417,0.5291,1,1386,none,0,0.2021,0.595364738393875,0,3.3865563703285204e-05,pass,"[{'id': 'odd_hour', 'label': 'Transaction at an unusual hour', 'detail': 'This transaction is happening between 21:00 and 08:00 local time — scammers often call late at night when the victim is tired or distracted.'}]"
txn_005367,2025-01-27T14:56:30,payer_00959,payee_00372,442.75,send,14,0.0,1.0,0.0,0,423.41,1.046,16023,0.0446,B,1,0.772,0.8133,1,1661,none,0,0.4089,-0.0015048089832293,0,1.6249007467446754e-06,pass,[]
txn_004031,2025-01-21T08:17:14,payer_01836,payee_01995,945.28,send,8,0.0,0.0,0.0,4,812.79,1.163,12191,0.1508,A,1,0.9028,0.6551,0,1677,none,0,0.0302,-0.4753383370157186,0,5.917784149414246e-06,pass,[]
txn_002214,2025-01-12T16:12:19,payer_00793,payee_03517,185.55,qr,16,0.0,0.0,0.0,2,481.49,0.385,34110,-0.9502,A,1,0.9854,0.2459,1,372,none,0,-0.19,0.4089215397618543,0,1.0730276948078912e-06,pass,[]
txn_011257,2025-02-26T17:33:23,payer_00516,payee_02641,217.93,collect,17,0.0,1.0,0.0,0,288.26,0.756,35728,-0.2786,A,1,0.8583,0.722,0,355,none,0,0.3443,0.0414543576346498,0,0.08695723084980454,pass,"[{'id': 'collect_first_time', 'label': 'Collect request from a first-time payee', 'detail': ""This transaction is a UPI collect request (the payee is asking you to pay them, not the other way round) AND you've never paid this account before. Refund scammers use this exact pattern.""}]"
txn_000303,2025-01-02T07:11:39,payer_00309,payee_04395,244.28,send,7,1.0,0.0,0.0,11,200.72,1.217,10533,0.1955,B,1,0.6566,0.8821,1,446,none,0,0.4391,-1.2330807432869832,1,0.0001975337125399982,pass,"[{'id': 'fast_approval', 'label': 'Approval given suspiciously fast', 'detail': 'The user approved this in under 2 seconds — too fast to read the amount, the payee name, or the direction of the request.'}, {'id': 'odd_hour', 'label': 'Transaction at an unusual hour', 'detail': 'This transaction is happening between 21:00 and 08:00 local time — scammers often call late at night when the victim is tired or distracted.'}]"
txn_008944,2025-02-14T22:46:50,payer_01991,payee_04920,223.62,qr,22,1.0,1.0,0.0,0,231.78,0.965,17159,-0.0357,B,1,0.4661,0.9336,1,1322,none,0,0.7929,0.170656038614724,0,9.02744630284291e-06,pass,"[{'id': 'odd_hour', 'label': 'Transaction at an unusual hour', 'detail': 'This transaction is happening between 21:00 and 08:00 local time — scammers often call late at night when the victim is tired or distracted.'}]"
txn_010761,2025-02-23T10:24:24,payer_01071,payee_00997,336.48,send,10,0.0,0.0,0.0,9,474.38,0.709,13376,-0.3426,B,0,0.9576,0.463,1,15350,bank_down,0,-0.0685,-1.4441891969030796,1,2.4722814349467957e-05,pass,"[{'id': 'fast_approval', 'label': 'Approval given suspiciously fast', 'detail': 'The user approved this in under 2 seconds — too fast to read the amount, the payee name, or the direction of the request.'}]"
txn_000970,2025-01-05T13:02:27,payer_00215,payee_02925,44.97,qr,13,0.0,1.0,0.0,0,420.47,0.107,11491,-2.2158,A,1,0.995,0.1048,0,1818,none,0,-0.0432,-1.0408504854848213,0,1.4089456160433886e-07,pass,[]
txn_010421,2025-02-22T08:56:14,payer_00856,payee_03753,54.83,send,8,0.0,0.0,0.0,5,142.55,0.385,40907,-0.9444,B,0,0.9852,0.2477,1,24037,timeout,0,-0.1889,1.4540327158438744,0,2.784062431268709e-07,pass,[]
txn_005414,2025-01-28T06:59:17,payer_00343,payee_01565,251.87,send,6,1.0,1.0,1.0,0,396.65,0.635,29350,-0.4527,B,1,0.5037,0.8423,1,2227,none,0,0.7095,1.5848922021194003,0,1.020312491865013e-05,pass,"[{'id': 'odd_hour', 'label': 'Transaction at an unusual hour', 'detail': 'This transaction is happening between 21:00 and 08:00 local time — scammers often call late at night when the victim is tired or distracted.'}, {'id': 'high_risk_merchant', 'label': 'Payee flagged as high-risk merchant', 'detail': 'This payee account has prior complaints or is on a high-risk watchlist.'}]"
txn_000210,2025-01-02T17:32:03,payer_01005,payee_00894,3642.52,send,17,0.0,1.0,0.0,0,2289.37,1.591,24121,0.4642,B,1,0.6141,0.895,0,2265,none,0,0.4928,-0.7096666634155718,0,1.5475632332580486e-05,pass,[]
txn_001934,2025-01-10T14:02:05,payer_01497,payee_01527,353.97,send,14,0.0,1.0,0.0,0,1079.3,0.328,44272,-1.113,A,0,0.9645,0.4059,0,9728,declined,0,0.1774,1.399303697615292,0,1.2367694406149555e-06,pass,[]
txn_011695,2025-02-28T14:25:37,payer_01931,payee_00513,2288.21,send,14,0.0,1.0,0.0,0,1119.95,2.043,28152,0.714,B,1,0.5037,0.9271,1,1700,none,0,0.5428,1.015891657240619,0,9.691337689960792e-06,pass,[]
txn_000651,2025-01-04T22:38:57,payer_01473,payee_04661,1780.4,send,22,1.0,0.0,0.0,4,861.02,2.068,43447,0.7259,B,1,0.424,0.9459,1,1801,none,0,0.5452,1.6021966639775496,0,0.0001386497524167692,pass,"[{'id': 'odd_hour', 'label': 'Transaction at an unusual hour', 'detail': 'This transaction is happening between 21:00 and 08:00 local time — scammers often call late at night when the victim is tired or distracted.'}]"
txn_011205,2025-02-26T15:17:22,payer_00185,payee_03578,113.63,qr,15,0.0,1.0,0.0,0,150.95,0.753,40357,-0.2819,A,1,0.859,0.7209,1,809,none,0,0.3436,0.9535101316103288,0,3.826832149144739e-07,pass,[]
txn_009309,2025-02-16T06:34:46,payer_01440,payee_02372,10.0,qr,6,1.0,1.0,0.0,0,77.72,0.129,11228,-1.968,B,0,0.9659,0.3896,1,17248,declined,0,0.4064,-0.9999999999398188,0,3.5640869323766715e-07,pass,"[{'id': 'odd_hour', 'label': 'Transaction at an unusual hour', 'detail': 'This transaction is happening between 21:00 and 08:00 local time — scammers often call late at night when the victim is tired or distracted.'}]"
txn_010142,2025-02-20T04:07:47,payer_01360,payee_00630,444.77,send,4,1.0,0.0,0.0,4,609.26,0.73,39938,-0.3141,B,1,0.8271,0.7681,1,510,none,0,0.3372,0.8952177745104392,0,2.9923886108933843e-05,pass,"[{'id': 'odd_hour', 'label': 'Transaction at an unusual hour', 'detail': 'This transaction is happening between 21:00 and 08:00 local time — scammers often call late at night when the victim is tired or distracted.'}]"
txn_008233,2025-02-11T08:36:12,payer_00248,payee_03643,538.33,send,8,0.0,0.0,0.0,2,610.25,0.882,25957,-0.1252,A,1,0.9385,0.5498,1,777,none,0,-0.025,1.2764681076069933,0,3.3816706790734244e-06,pass,[]
txn_003613,2025-01-19T17:24:37,payer_01749,payee_03433,39.81,send,17,0.0,1.0,0.0,0,133.22,0.299,8435,-1.1905,A,1,0.969,0.3764,0,1779,none,0,0.1619,-0.6829056227975591,0,1.2546512720463303e-07,pass,[]
txn_006817,2025-02-04T18:06:48,payer_00382,payee_04728,822.66,send,18,0.0,0.0,0.0,6,519.63,1.583,20918,0.4587,B,1,0.8421,0.7566,1,1585,none,0,0.0917,-0.2795766167388159,0,4.971172830879096e-06,pass,[]
txn_006022,2025-01-31T20:48:34,payer_01907,payee_04243,866.52,collect,20,0.0,1.0,0.0,0,473.44,1.83,36883,0.6035,B,1,0.5532,0.9142,0,2302,none,0,0.5207,1.4108185560909352,0,0.301429153006839,pass,"[{'id': 'collect_first_time', 'label': 'Collect request from a first-time payee', 'detail': ""This transaction is a UPI collect request (the payee is asking you to pay them, not the other way round) AND you've never paid this account before. Refund scammers use this exact pattern.""}]"
txn_003014,2025-01-16T16:09:54,payer_01614,payee_03921,10.0,send,16,0.0,1.0,0.0,0,319.87,0.031,13444,-3.3731,A,1,0.9994,0.018,0,2427,none,0,-0.2746,-0.2211045137578518,0,3.094678728055665e-08,pass,[]
txn_011922,2025-03-01T23:53:13,payer_00447,payee_04685,10.0,send,23,1.0,1.0,0.0,0,944.5,0.011,44408,-4.4538,B,0,0.9996,0.0118,1,13440,declined,0,-0.0908,0.7829965297721303,0,3.542504859125275e-07,pass,"[{'id': 'odd_hour', 'label': 'Transaction at an unusual hour', 'detail': 'This transaction is happening between 21:00 and 08:00 local time — scammers often call late at night when the victim is tired or distracted.'}]"
txn_002974,2025-01-15T15:11:06,payer_00298,payee_00119,1568.56,qr,15,0.0,0.0,0.0,4,2549.41,0.615,9113,-0.4855,B,1,0.9669,0.4069,1,2119,none,0,-0.0971,-0.959403246577664,0,9.822582614933772e-06,pass,[]
txn_008106,2025-02-10T10:23:08,payer_01372,payee_03589,10.0,send,10,0.0,0.0,0.0,6,327.37,0.031,27400,-3.3963,A,1,0.9998,0.0065,0,851,none,0,-0.6793,0.5703722008878183,0,4.789417077290781e-08,pass,[]
txn_002318,2025-01-12T17:53:10,payer_01512,payee_02131,10.0,send,17,0.0,0.0,0.0,11,706.6,0.014,31206,-4.164,A,1,1.0,0.0019,0,2442,none,0,-0.8328,0.5449628446918992,0,4.231262710722245e-08,pass,[]
txn_001421,2025-01-08T15:39:44,payer_01458,payee_01325,2022.69,send,15,0.0,0.0,1.0,12,1594.48,1.269,18142,0.2377,A,1,0.8134,0.6178,1,1116,none,0,0.0475,-0.5935440544193622,0,1.107090615681134e-05,pass,"[{'id': 'high_risk_merchant', 'label': 'Payee flagged as high-risk merchant', 'detail': 'This payee account has prior complaints or is on a high-risk watchlist.'}]"
txn_003547,2025-01-18T19:48:38,payer_01218,payee_02062,196.91,send,19,0.0,0.0,0.0,4,307.23,0.641,29969,-0.443,A,1,0.9643,0.4234,0,1692,none,0,-0.0886,-0.0114101659230729,0,1.1017940394458776e-06,pass,[]
txn_001139,2025-01-06T07:33:35,payer_00577,payee_02391,1270.36,collect,7,1.0,0.0,0.0,10,1851.44,0.686,44635,-0.3764,A,1,0.8426,0.7498,0,1272,none,0,0.3247,0.7963819618701801,0,0.9073521377271861,hard_block,"[{'id': 'odd_hour', 'label': 'Transaction at an unusual hour', 'detail': 'This transaction is happening between 21:00 and 08:00 local time — scammers often call late at night when the victim is tired or distracted.'}]"
txn_009755,2025-02-18T14:02:10,payer_01517,payee_04446,177.27,collect,14,0.0,0.0,0.0,10,125.58,1.412,12788,0.3424,A,1,0.868,0.7207,1,1632,none,0,0.0685,-0.4494790879149762,0,0.10006547540186475,pass,[]
txn_006854,2025-02-04T13:59:13,payer_00782,payee_04485,2945.61,collect,13,0.0,1.0,0.0,0,1690.85,1.742,3623,0.5548,A,1,0.5748,0.9079,1,1292,none,1,0.511,-1.4196719021709288,1,0.9574573703699855,hard_block,"[{'id': 'collect_first_time', 'label': 'Collect request from a first-time payee', 'detail': ""This transaction is a UPI collect request (the payee is asking you to pay them, not the other way round) AND you've never paid this account before. Refund scammers use this exact pattern.""}, {'id': 'fast_approval', 'label': 'Approval given suspiciously fast', 'detail': 'The user approved this in under 2 seconds — too fast to read the amount, the payee name, or the direction of the request.'}]"
txn_007793,2025-02-08T14:04:02,payer_00049,payee_04473,681.42,send,14,0.0,0.0,0.0,5,437.17,1.559,26646,0.443,A,0,0.8459,0.7519,1,24042,timeout,0,0.0886,-0.1173035781570551,0,4.1710332394591845e-06,pass,[]
txn_007246,2025-02-06T22:12:21,payer_01093,payee_01857,2117.38,send,22,1.0,0.0,0.0,6,1358.05,1.559,29381,0.4439,B,1,0.5501,0.9176,0,1008,none,0,0.4888,0.3147252090394053,0,0.00015442003129816835,pass,"[{'id': 'odd_hour', 'label': 'Transaction at an unusual hour', 'detail': 'This transaction is happening between 21:00 and 08:00 local time — scammers often call late at night when the victim is tired or distracted.'}]"
txn_002879,2025-01-15T15:07:44,payer_01362,payee_00511,1474.01,send,15,0.0,0.0,0.0,5,688.38,2.141,20910,0.7606,B,1,0.756,0.8344,1,1119,none,0,0.1521,1.256434689148291,0,9.707939430947022e-06,pass,[]
txn_000749,2025-01-04T13:51:21,payer_01199,payee_03520,774.87,send,13,0.0,1.0,0.0,0,727.52,1.065,43598,0.063,A,0,0.7661,0.8177,1,22066,bank_down,0,0.4126,1.6787428787175176,0,2.9360963189627365e-06,pass,[]
txn_011352,2025-02-26T22:21:03,payer_01670,payee_04889,10835.89,collect,22,1.0,1.0,0.0,0,861.12,12.584,2560,2.5313,B,1,0.0085,0.9988,0,1011,none,1,1.0,-0.9535313192061112,0,0.9979563558401539,hard_block,"[{'id': 'collect_first_time', 'label': 'Collect request from a first-time payee', 'detail': ""This transaction is a UPI collect request (the payee is asking you to pay them, not the other way round) AND you've never paid this account before. Refund scammers use this exact pattern.""}, {'id': 'amount_spike', 'label': 'Amount is unusually high for this payer', 'detail': ""This transaction is more than 3x this payer's typical amount. Common in refund scams where the scammer asks for a 'verification' transfer.""}, {'id': 'odd_hour', 'label': 'Transaction at an unusual hour', 'detail': 'This transaction is happening between 21:00 and 08:00 local time — scammers often call late at night when the victim is tired or distracted.'}, {'id': 'high_amount_first_time', 'label': 'High amount + first-time payee combination', 'detail': 'First-time payee + unusually high amount + (collect or QR direction) is the strongest single signal in our historical scam data.'}]"
txn_008372,2025-02-11T17:06:12,payer_00362,payee_00282,127.1,send,17,0.0,0.0,0.0,11,450.82,0.282,43637,-1.2604,A,1,0.9916,0.1657,0,900,none,0,-0.2521,1.6159865586175814,0,5.748485149175526e-07,pass,[]
txn_000398,2025-01-02T13:42:45,payer_01053,payee_02712,1149.5,send,13,0.0,1.0,0.0,0,1227.51,0.936,9449,-0.0656,B,1,0.805,0.785,1,2143,none,0,0.3869,-1.377076044192562,1,6.362525455703543e-05,pass,"[{'id': 'fast_approval', 'label': 'Approval given suspiciously fast', 'detail': 'The user approved this in under 2 seconds — too fast to read the amount, the payee name, or the direction of the request.'}]"
txn_006983,2025-02-04T13:12:45,payer_01009,payee_01129,66.06,send,13,0.0,0.0,0.0,10,291.4,0.227,37155,-1.4726,A,1,0.9942,0.1239,0,345,none,0,-0.2945,1.3841953603846164,0,2.9638725926866305e-07,pass,[]
txn_010449,2025-02-22T10:57:22,payer_01142,payee_00906,1460.54,send,10,0.0,1.0,0.0,0,1432.16,1.02,9425,0.0196,A,1,0.7798,0.8071,1,2249,none,0,0.4039,-1.4481249608321445,1,8.229303351470516e-05,pass,"[{'id': 'fast_approval', 'label': 'Approval given suspiciously fast', 'detail': 'The user approved this in under 2 seconds — too fast to read the amount, the payee name, or the direction of the request.'}]"
txn_000321,2025-01-02T14:47:39,payer_01136,payee_01256,717.74,send,14,0.0,1.0,1.0,0,1673.65,0.429,20088,-0.8459,A,1,0.9023,0.437,0,2209,none,0,0.2308,-0.353585699662822,0,2.658236483244698e-06,pass,"[{'id': 'high_risk_merchant', 'label': 'Payee flagged as high-risk merchant', 'detail': 'This payee account has prior complaints or is on a high-risk watchlist.'}]"
txn_003617,2025-01-19T13:35:28,payer_01246,payee_00053,199.76,qr,13,0.0,1.0,0.0,0,495.37,0.403,24663,-0.9052,A,1,0.9493,0.4879,0,1244,none,0,0.219,0.314291327766911,0,6.79679888286455e-07,pass,[]
txn_007348,2025-02-06T09:37:40,payer_00404,payee_02547,1458.22,send,9,0.0,1.0,0.0,0,743.32,1.962,7263,0.6732,A,0,0.5221,0.9225,1,20604,declined,0,0.5346,-0.8150436348617962,0,5.995594322671928e-06,pass,[]
txn_010442,2025-02-22T07:57:54,payer_01781,payee_04512,10.0,send,7,1.0,0.0,0.0,7,661.52,0.015,33559,-4.0982,A,1,0.9998,0.0077,0,1865,none,0,-0.4196,0.957201975932498,0,5.35032744010246e-07,pass,"[{'id': 'odd_hour', 'label': 'Transaction at an unusual hour', 'detail': 'This transaction is happening between 21:00 and 08:00 local time — scammers often call late at night when the victim is tired or distracted.'}]"
txn_004602,2025-01-24T17:24:59,payer_00633,payee_02312,313.63,send,17,0.0,1.0,0.0,0,593.36,0.529,20112,-0.6361,A,1,0.9202,0.5944,0,2456,none,0,0.2728,-0.7133587486244526,0,1.1000086676400188e-06,pass,[]
txn_006605,2025-02-03T18:36:06,payer_00026,payee_00910,474.34,send,18,0.0,0.0,0.0,12,480.98,0.986,21238,-0.0139,A,1,0.9259,0.5933,1,2236,none,0,-0.0028,-0.0563278511451038,0,2.3259810576303438e-06,pass,[]
txn_004094,2025-01-21T08:40:05,payer_00618,payee_02497,392.62,send,8,0.0,0.0,0.0,4,1102.54,0.356,40176,-1.0309,A,1,0.9873,0.2228,0,425,none,0,-0.2062,1.4626883096299417,0,2.245977111832901e-06,pass,[]
txn_007589,2025-02-07T20:42:48,payer_01841,payee_00873,319.67,send,20,0.0,1.0,0.0,0,363.73,0.879,41494,-0.1287,A,1,0.8223,0.7675,1,923,none,0,0.3743,1.0175983829947957,0,1.142747747906243e-06,pass,[]
txn_010412,2025-02-22T19:08:11,payer_00159,payee_00145,1840.35,send,19,0.0,1.0,0.0,0,1457.45,1.263,42436,0.2331,B,1,0.7069,0.8548,1,2408,none,0,0.4466,0.9999999998801604,0,7.395966471244126e-06,pass,[]
txn_011478,2025-02-27T17:40:06,payer_00360,payee_04615,751.48,send,17,0.0,0.0,0.0,10,1098.06,0.684,36576,-0.3788,A,1,0.9601,0.4486,0,1595,none,0,-0.0758,0.960347110108576,0,3.909488713459768e-06,pass,[]
txn_003886,2025-01-20T12:08:02,payer_00366,payee_02266,796.92,send,12,0.0,1.0,0.0,0,708.82,1.124,40067,0.117,B,1,0.7483,0.8302,1,713,none,0,0.4234,0.7821611495328707,0,3.0335779840782343e-06,pass,[]
txn_011177,2025-02-25T12:11:01,payer_01979,payee_04681,118.61,send,12,0.0,1.0,0.0,0,258.97,0.458,25260,-0.7763,B,1,0.9369,0.5394,1,1548,none,0,0.2447,0.7920327623880867,0,3.942481165556941e-07,pass,[]
txn_009164,2025-02-15T10:07:56,payer_01927,payee_01513,933.04,send,10,0.0,1.0,0.0,0,408.03,2.287,39214,0.8257,A,0,0.4536,0.9383,1,10173,timeout,0,0.5651,0.9503591526682406,0,3.8042498102656566e-06,pass,[]
txn_000764,2025-01-04T17:47:36,payer_01577,payee_01222,1549.13,collect,17,0.0,1.0,0.0,0,1224.51,1.265,31047,0.235,A,1,0.7062,0.8552,1,724,none,0,0.447,0.936221038933323,0,0.43635893229724276,pass,"[{'id': 'collect_first_time', 'label': 'Collect request from a first-time payee', 'detail': ""This transaction is a UPI collect request (the payee is asking you to pay them, not the other way round) AND you've never paid this account before. Refund scammers use this exact pattern.""}]"
txn_006676,2025-02-03T10:42:10,payer_00517,payee_02854,109.11,send,10,0.0,0.0,0.0,10,235.43,0.463,24525,-0.7642,A,1,0.9797,0.3052,0,638,none,0,-0.1528,0.2969148616517339,0,5.06765932666473e-07,pass,[]
txn_006162,2025-01-31T15:11:36,payer_00840,payee_00830,1007.53,send,15,0.0,0.0,0.0,10,1036.35,0.972,39153,-0.0282,A,1,0.9276,0.5878,0,474,none,0,-0.0056,1.3273598306778738,0,5.407805286822447e-06,pass,[]
txn_011833,2025-03-01T18:35:02,payer_01870,payee_00937,10.0,send,18,0.0,0.0,0.0,5,2997.65,0.003,38544,-5.608,A,1,1.0,0.0002,0,780,none,0,-1.1216,1.7358114237895168,0,4.901660859981952e-08,pass,[]
txn_010923,2025-02-24T19:46:56,payer_00847,payee_04563,252.1,send,19,0.0,1.0,0.0,0,169.54,1.487,40595,0.3948,B,1,0.6432,0.8841,1,1126,none,0,0.479,1.1146951613350382,0,9.181258955433092e-07,pass,[]
txn_009741,2025-02-18T11:53:53,payer_01049,payee_04413,729.19,qr,11,0.0,0.0,0.0,1,343.12,2.125,8053,0.7523,A,1,0.7588,0.8325,1,1583,none,0,0.1505,-1.2069491076558645,1,7.320969613233928e-05,pass,"[{'id': 'fast_approval', 'label': 'Approval given suspiciously fast', 'detail': 'The user approved this in under 2 seconds — too fast to read the amount, the payee name, or the direction of the request.'}]"
txn_008328,2025-02-11T09:05:03,payer_01400,payee_04870,2115.1,send,9,0.0,0.0,0.0,4,1030.83,2.052,9354,0.7182,A,1,0.7698,0.8248,1,1451,none,0,0.1436,-0.7759662390132934,0,1.4505133173616016e-05,pass,[]
txn_003033,2025-01-16T11:51:02,payer_00789,payee_04247,583.71,send,11,0.0,1.0,0.0,0,952.82,0.613,34017,-0.4894,A,1,0.8985,0.6495,1,2326,none,0,0.3021,1.0935195935466724,0,2.127142368649774e-06,pass,[]
txn_005095,2025-01-26T04:48:44,payer_00690,payee_00186,2520.57,collect,4,1.0,1.0,1.0,0,397.65,6.339,29717,1.8446,B,1,0.016,0.9953,1,499,none,1,1.0,0.2597756137186759,0,0.9871602895727051,hard_block,"[{'id': 'collect_first_time', 'label': 'Collect request from a first-time payee', 'detail': ""This transaction is a UPI collect request (the payee is asking you to pay them, not the other way round) AND you've never paid this account before. Refund scammers use this exact pattern.""}, {'id': 'amount_spike', 'label': 'Amount is unusually high for this payer', 'detail': ""This transaction is more than 3x this payer's typical amount. Common in refund scams where the scammer asks for a 'verification' transfer.""}, {'id': 'odd_hour', 'label': 'Transaction at an unusual hour', 'detail': 'This transaction is happening between 21:00 and 08:00 local time — scammers often call late at night when the victim is tired or distracted.'}, {'id': 'high_amount_first_time', 'label': 'High amount + first-time payee combination', 'detail': 'First-time payee + unusually high amount + (collect or QR direction) is the strongest single signal in our historical scam data.'}, {'id': 'high_risk_merchant', 'label': 'Payee flagged as high-risk merchant', 'detail': 'This payee account has prior complaints or is on a high-risk watchlist.'}]"
txn_006357,2025-02-01T09:30:27,payer_00807,payee_04158,624.73,send,9,0.0,1.0,0.0,0,341.45,1.83,6313,0.6028,A,0,0.5535,0.9141,1,17957,timeout,0,0.5206,-0.7968430906877387,0,2.432939779290286e-06,pass,[]
txn_010743,2025-02-23T22:25:50,payer_00566,payee_01646,3768.17,send,22,1.0,1.0,0.0,0,1360.61,2.769,26112,1.0182,B,1,0.1158,0.987,1,2016,none,0,1.0,0.206396733707538,0,0.00019525952185824147,pass,"[{'id': 'odd_hour', 'label': 'Transaction at an unusual hour', 'detail': 'This transaction is happening between 21:00 and 08:00 local time — scammers often call late at night when the victim is tired or distracted.'}]"
txn_001665,2025-01-09T10:59:48,payer_00646,payee_03943,1846.22,send,10,0.0,1.0,0.0,0,884.61,2.087,6404,0.7352,A,0,0.4942,0.9293,0,11171,bank_down,0,0.547,-1.6641355938053928,1,0.00011135860134174494,pass,"[{'id': 'fast_approval', 'label': 'Approval given suspiciously fast', 'detail': 'The user approved this in under 2 seconds — too fast to read the amount, the payee name, or the direction of the request.'}]"
txn_003132,2025-01-16T13:12:30,payer_01523,payee_03321,188.52,send,13,0.0,1.0,0.0,0,812.8,0.232,17283,-1.4572,B,0,0.9806,0.2826,1,14403,network_error,0,0.1086,0.1921816198011811,0,6.33912818801511e-07,pass,[]
txn_008126,2025-02-10T11:58:16,payer_00564,payee_01031,10.0,send,11,0.0,0.0,0.0,11,4957.46,0.002,39959,-6.111,A,1,1.0,0.0001,0,404,none,0,-1.2222,1.526942720327365,0,4.228649957643417e-08,pass,[]
txn_000473,2025-01-03T17:30:35,payer_00488,payee_00001,821.7,send,17,0.0,1.0,0.0,0,513.51,1.6,41302,0.4694,B,1,0.6119,0.8958,1,1406,none,0,0.4939,1.522978893682838,0,3.21097653445858e-06,pass,[]
txn_003994,2025-01-20T12:12:14,payer_00288,payee_01161,10.0,send,12,0.0,1.0,0.0,0,227.44,0.044,10948,-3.0334,A,1,0.9988,0.0307,0,1197,none,0,-0.2067,-0.9309493122625656,0,3.096750230696358e-08,pass,[]
txn_011513,2025-02-27T11:06:43,payer_00429,payee_04099,631.84,qr,11,0.0,1.0,0.0,0,491.8,1.285,30874,0.2501,A,1,0.7005,0.8582,1,559,none,0,0.45,0.5391148912114085,0,2.39406290432657e-06,pass,[]
txn_003026,2025-01-16T18:40:55,payer_00394,payee_01364,401.14,send,18,0.0,1.0,0.0,0,183.87,2.182,8998,0.7771,A,1,0.4753,0.9336,1,1134,none,0,0.5554,-1.4884650032233817,1,2.2330583077788968e-05,pass,"[{'id': 'fast_approval', 'label': 'Approval given suspiciously fast', 'detail': 'The user approved this in under 2 seconds — too fast to read the amount, the payee name, or the direction of the request.'}]"
txn_011713,2025-02-28T14:22:26,payer_01005,payee_00894,3769.46,send,14,0.0,0.0,0.0,2,2289.37,1.647,37648,0.4985,B,1,0.8324,0.7681,1,300,none,0,0.0997,0.9329545622095016,0,2.7480935362065686e-05,pass,[]
txn_004679,2025-01-24T17:05:01,payer_01728,payee_04598,891.61,send,17,0.0,0.0,0.0,4,627.26,1.421,21038,0.3512,B,0,0.8662,0.7235,1,9360,timeout,0,0.0702,-0.2707065360907557,0,5.637927226093174e-06,pass,[]
txn_004649,2025-01-24T23:18:29,payer_00678,payee_01777,338.94,qr,23,1.0,0.0,0.0,9,687.75,0.493,27072,-0.7061,A,1,0.9064,0.6388,1,364,none,0,0.2588,0.8986643391774533,0,1.962707557630943e-05,pass,"[{'id': 'odd_hour', 'label': 'Transaction at an unusual hour', 'detail': 'This transaction is happening between 21:00 and 08:00 local time — scammers often call late at night when the victim is tired or distracted.'}]"
txn_010101,2025-02-20T14:38:50,payer_00175,payee_01674,146.51,send,14,0.0,1.0,0.0,0,598.83,0.245,31914,-1.4027,A,0,0.9786,0.3006,0,21897,bank_down,0,0.1195,-0.0397330819918398,0,4.867054800898757e-07,pass,[]
txn_007065,2025-02-05T10:59:49,payer_00951,payee_04022,731.65,send,10,0.0,0.0,0.0,5,431.83,1.694,24049,0.5263,B,0,0.8253,0.7759,1,18341,declined,0,0.1053,0.4291753809337493,0,4.527610943287191e-06,pass,[]
txn_006786,2025-02-03T12:37:36,payer_01923,payee_01470,313.78,send,12,0.0,1.0,0.0,0,550.15,0.57,10074,-0.5601,B,1,0.9096,0.6233,1,722,none,0,0.288,-0.9446204950777514,0,1.1028881582047087e-06,pass,[]
txn_003834,2025-01-20T20:01:47,payer_01139,payee_03279,25.61,send,20,0.0,1.0,0.0,0,531.89,0.048,40160,-2.9971,A,1,0.9988,0.0324,0,2286,none,0,-0.1994,1.3538034562944925,0,7.880892703780733e-08,pass,[]
txn_002995,2025-01-15T02:08:39,payer_00071,payee_01714,5899.01,collect,2,1.0,1.0,0.0,0,530.54,11.119,4443,2.4069,B,1,0.0106,0.9986,0,1513,none,1,1.0,-1.3778393687562038,1,0.999708144697878,hard_block,"[{'id': 'collect_first_time', 'label': 'Collect request from a first-time payee', 'detail': ""This transaction is a UPI collect request (the payee is asking you to pay them, not the other way round) AND you've never paid this account before. Refund scammers use this exact pattern.""}, {'id': 'amount_spike', 'label': 'Amount is unusually high for this payer', 'detail': ""This transaction is more than 3x this payer's typical amount. Common in refund scams where the scammer asks for a 'verification' transfer.""}, {'id': 'fast_approval', 'label': 'Approval given suspiciously fast', 'detail': 'The user approved this in under 2 seconds — too fast to read the amount, the payee name, or the direction of the request.'}, {'id': 'odd_hour', 'label': 'Transaction at an unusual hour', 'detail': 'This transaction is happening between 21:00 and 08:00 local time — scammers often call late at night when the victim is tired or distracted.'}, {'id': 'high_amount_first_time', 'label': 'High amount + first-time payee combination', 'detail': 'First-time payee + unusually high amount + (collect or QR direction) is the strongest single signal in our historical scam data.'}]"
txn_001399,2025-01-07T13:02:17,payer_00390,payee_04576,579.38,send,13,0.0,0.0,0.0,3,755.58,0.767,4686,-0.2651,A,1,0.9515,0.494,1,1057,none,0,-0.053,-1.477337990769411,1,5.098290850945966e-05,pass,"[{'id': 'fast_approval', 'label': 'Approval given suspiciously fast', 'detail': 'The user approved this in under 2 seconds — too fast to read the amount, the payee name, or the direction of the request.'}]"
txn_004731,2025-01-24T07:11:40,payer_01761,payee_03124,1682.09,send,7,1.0,0.0,0.0,12,855.67,1.966,40801,0.6753,B,1,0.4463,0.9416,0,1183,none,0,0.5351,0.95817256402358,0,0.0001066835299396984,pass,"[{'id': 'odd_hour', 'label': 'Transaction at an unusual hour', 'detail': 'This transaction is happening between 21:00 and 08:00 local time — scammers often call late at night when the victim is tired or distracted.'}]"
txn_001351,2025-01-07T10:40:48,payer_01510,payee_02499,1418.95,qr,10,0.0,1.0,0.0,0,1058.07,1.341,35358,0.2932,A,1,0.684,0.8664,1,1858,none,0,0.4586,0.2461606948120795,0,5.641899565548581e-06,pass,[]
txn_011256,2025-02-26T16:53:24,payer_00264,payee_01991,3842.45,send,16,0.0,0.0,1.0,4,2139.44,1.796,21193,0.5854,A,0,0.6998,0.7382,1,17726,declined,0,0.1171,0.2862273001439775,0,2.728654399905348e-05,pass,"[{'id': 'high_risk_merchant', 'label': 'Payee flagged as high-risk merchant', 'detail': 'This payee account has prior complaints or is on a high-risk watchlist.'}]"
txn_005354,2025-01-27T15:29:29,payer_01517,payee_02703,156.41,collect,15,0.0,1.0,0.0,0,125.58,1.245,10973,0.2179,B,0,0.7125,0.8518,1,11787,timeout,0,0.4436,-0.5983097319587545,0,0.0644678151075149,pass,"[{'id': 'collect_first_time', 'label': 'Collect request from a first-time payee', 'detail': ""This transaction is a UPI collect request (the payee is asking you to pay them, not the other way round) AND you've never paid this account before. Refund scammers use this exact pattern.""}]"
txn_005120,2025-01-26T20:59:32,payer_01627,payee_04326,499.06,qr,20,0.0,0.0,0.0,7,777.85,0.642,41770,-0.4431,A,1,0.9643,0.4234,0,497,none,0,-0.0886,1.2266985161878088,0,2.7266215552380453e-06,pass,[]
txn_001697,2025-01-09T04:09:58,payer_00998,payee_03237,400.7,send,4,1.0,1.0,0.0,0,402.29,0.996,4843,-0.004,B,1,0.4519,0.9367,0,2154,none,0,0.7992,-1.7196888490854805,1,0.0002403988413590135,pass,"[{'id': 'fast_approval', 'label': 'Approval given suspiciously fast', 'detail': 'The user approved this in under 2 seconds — too fast to read the amount, the payee name, or the direction of the request.'}, {'id': 'odd_hour', 'label': 'Transaction at an unusual hour', 'detail': 'This transaction is happening between 21:00 and 08:00 local time — scammers often call late at night when the victim is tired or distracted.'}]"
txn_000251,2025-01-02T10:01:06,payer_01176,payee_02459,2713.82,send,10,0.0,0.0,0.0,2,2856.85,0.95,25724,-0.0513,A,1,0.9304,0.5788,0,1690,none,0,-0.0103,0.1496354979935901,0,1.873473481313345e-05,pass,[]
txn_005524,2025-01-28T10:30:59,payer_00241,payee_02710,301.89,send,10,0.0,0.0,0.0,12,145.49,2.075,3596,0.7264,A,0,0.7672,0.8267,1,20926,declined,0,0.1453,-1.5941386638437949,1,2.1974981760212623e-05,pass,"[{'id': 'fast_approval', 'label': 'Approval given suspiciously fast', 'detail': 'The user approved this in under 2 seconds — too fast to read the amount, the payee name, or the direction of the request.'}]"
txn_001883,2025-01-10T23:26:54,payer_01902,payee_01359,3317.7,collect,23,1.0,1.0,0.0,0,530.21,6.257,5683,1.8322,A,0,0.0294,0.9964,1,29370,timeout,1,1.0,-1.404468962438118,1,0.9993115856176935,hard_block,"[{'id': 'collect_first_time', 'label': 'Collect request from a first-time payee', 'detail': ""This transaction is a UPI collect request (the payee is asking you to pay them, not the other way round) AND you've never paid this account before. Refund scammers use this exact pattern.""}, {'id': 'amount_spike', 'label': 'Amount is unusually high for this payer', 'detail': ""This transaction is more than 3x this payer's typical amount. Common in refund scams where the scammer asks for a 'verification' transfer.""}, {'id': 'fast_approval', 'label': 'Approval given suspiciously fast', 'detail': 'The user approved this in under 2 seconds — too fast to read the amount, the payee name, or the direction of the request.'}, {'id': 'odd_hour', 'label': 'Transaction at an unusual hour', 'detail': 'This transaction is happening between 21:00 and 08:00 local time — scammers often call late at night when the victim is tired or distracted.'}, {'id': 'high_amount_first_time', 'label': 'High amount + first-time payee combination', 'detail': 'First-time payee + unusually high amount + (collect or QR direction) is the strongest single signal in our historical scam data.'}]"
txn_010053,2025-02-20T23:28:20,payer_00429,payee_02745,684.3,qr,23,1.0,0.0,1.0,9,491.8,1.391,23253,0.3298,A,0,0.4518,0.873,1,14309,network_error,0,0.466,0.0045708507158675,0,4.3747855794192794e-05,pass,"[{'id': 'odd_hour', 'label': 'Transaction at an unusual hour', 'detail': 'This transaction is happening between 21:00 and 08:00 local time — scammers often call late at night when the victim is tired or distracted.'}, {'id': 'high_risk_merchant', 'label': 'Payee flagged as high-risk merchant', 'detail': 'This payee account has prior complaints or is on a high-risk watchlist.'}]"
txn_004783,2025-01-24T11:33:17,payer_00611,payee_02782,875.43,collect,11,0.0,1.0,0.0,0,1635.92,0.535,42839,-0.6247,A,0,0.9187,0.5988,1,29047,bank_down,0,0.2751,1.3073521511870638,0,0.2897996880372235,pass,"[{'id': 'collect_first_time', 'label': 'Collect request from a first-time payee', 'detail': ""This transaction is a UPI collect request (the payee is asking you to pay them, not the other way round) AND you've never paid this account before. Refund scammers use this exact pattern.""}]"
txn_005210,2025-01-27T15:49:06,payer_00418,payee_03752,1050.39,qr,15,0.0,0.0,0.0,4,983.02,1.069,36749,0.0662,B,0,0.9154,0.6239,1,26942,timeout,0,0.0132,1.5351802287391003,0,6.582883903735635e-06,pass,[]
txn_008681,2025-02-13T09:03:01,payer_00275,payee_04649,740.65,collect,9,0.0,1.0,0.0,0,1406.43,0.527,13772,-0.6406,A,1,0.9208,0.5927,1,1451,none,0,0.2719,-0.1183885610201635,0,0.2547775395574971,pass,"[{'id': 'collect_first_time', 'label': 'Collect request from a first-time payee', 'detail': ""This transaction is a UPI collect request (the payee is asking you to pay them, not the other way round) AND you've never paid this account before. Refund scammers use this exact pattern.""}]"
txn_005544,2025-01-28T10:32:31,payer_00863,payee_04339,1623.19,send,10,0.0,0.0,0.0,4,953.48,1.702,18841,0.5316,B,1,0.8239,0.7774,1,595,none,0,0.1063,-0.742493389075743,0,1.0770424635297941e-05,pass,[]
txn_011360,2025-02-26T13:43:29,payer_01034,payee_03462,3064.87,send,13,0.0,1.0,0.0,0,4405.92,0.696,20877,-0.3628,B,1,0.8758,0.6941,0,1241,none,0,0.3274,0.3555338615987037,0,1.2313748629365248e-05,pass,[]
txn_007578,2025-02-07T00:27:42,payer_00835,payee_01226,4494.55,qr,0,1.0,1.0,0.0,0,562.22,7.994,14721,2.0772,B,1,0.0191,0.9976,0,983,none,0,1.0,-1.0784929236158882,0,0.0012099604235655237,pass,"[{'id': 'amount_spike', 'label': 'Amount is unusually high for this payer', 'detail': ""This transaction is more than 3x this payer's typical amount. Common in refund scams where the scammer asks for a 'verification' transfer.""}, {'id': 'odd_hour', 'label': 'Transaction at an unusual hour', 'detail': 'This transaction is happening between 21:00 and 08:00 local time — scammers often call late at night when the victim is tired or distracted.'}]"
txn_009803,2025-02-19T22:46:13,payer_00467,payee_04961,6235.28,send,22,1.0,1.0,1.0,0,340.72,18.3,29109,2.9041,B,1,0.0024,0.9991,0,2272,none,0,1.0,0.5137373725800525,0,0.002943241822383343,pass,"[{'id': 'amount_spike', 'label': 'Amount is unusually high for this payer', 'detail': ""This transaction is more than 3x this payer's typical amount. Common in refund scams where the scammer asks for a 'verification' transfer.""}, {'id': 'odd_hour', 'label': 'Transaction at an unusual hour', 'detail': 'This transaction is happening between 21:00 and 08:00 local time — scammers often call late at night when the victim is tired or distracted.'}, {'id': 'high_risk_merchant', 'label': 'Payee flagged as high-risk merchant', 'detail': 'This payee account has prior complaints or is on a high-risk watchlist.'}]"
txn_011321,2025-02-26T23:36:29,payer_01097,payee_01026,464.87,qr,23,1.0,1.0,0.0,0,535.22,0.869,5516,-0.1406,B,1,0.5133,0.9224,1,1022,none,0,0.7719,-0.9378387350765908,0,1.942398478425059e-05,pass,"[{'id': 'odd_hour', 'label': 'Transaction at an unusual hour', 'detail': 'This transaction is happening between 21:00 and 08:00 local time — scammers often call late at night when the victim is tired or distracted.'}]"
txn_002980,2025-01-15T10:09:51,payer_01842,payee_03400,988.03,send,10,0.0,1.0,0.0,0,1148.51,0.86,25376,-0.1504,B,1,0.8279,0.7612,1,546,none,0,0.3699,0.0250599869495561,0,3.755200072121734e-06,pass,[]
txn_005130,2025-01-26T20:41:57,payer_00585,payee_03063,311.65,send,20,0.0,1.0,0.0,0,846.61,0.368,16891,-0.9973,A,1,0.9567,0.4512,1,1791,none,0,0.2005,-0.1002323641364771,0,1.0836739549790221e-06,pass,[]
txn_010846,2025-02-24T12:22:28,payer_01947,payee_02313,11674.87,collect,12,0.0,1.0,0.0,0,1386.71,8.419,3736,2.1299,B,1,0.0735,0.9919,0,2336,none,1,0.6,-1.4298341913904136,1,0.9981353222180123,hard_block,"[{'id': 'collect_first_time', 'label': 'Collect request from a first-time payee', 'detail': ""This transaction is a UPI collect request (the payee is asking you to pay them, not the other way round) AND you've never paid this account before. Refund scammers use this exact pattern.""}, {'id': 'amount_spike', 'label': 'Amount is unusually high for this payer', 'detail': ""This transaction is more than 3x this payer's typical amount. Common in refund scams where the scammer asks for a 'verification' transfer.""}, {'id': 'fast_approval', 'label': 'Approval given suspiciously fast', 'detail': 'The user approved this in under 2 seconds — too fast to read the amount, the payee name, or the direction of the request.'}, {'id': 'high_amount_first_time', 'label': 'High amount + first-time payee combination', 'detail': 'First-time payee + unusually high amount + (collect or QR direction) is the strongest single signal in our historical scam data.'}]"
txn_008146,2025-02-10T12:51:42,payer_01334,payee_00329,419.66,collect,12,0.0,1.0,1.0,0,588.85,0.713,15571,-0.338,B,0,0.7873,0.6363,1,21792,bank_down,0,0.3324,-0.371124205005586,0,0.16124348530602492,pass,"[{'id': 'collect_first_time', 'label': 'Collect request from a first-time payee', 'detail': ""This transaction is a UPI collect request (the payee is asking you to pay them, not the other way round) AND you've never paid this account before. Refund scammers use this exact pattern.""}, {'id': 'high_risk_merchant', 'label': 'Payee flagged as high-risk merchant', 'detail': 'This payee account has prior complaints or is on a high-risk watchlist.'}]"
txn_010063,2025-02-20T23:50:30,payer_00944,payee_01458,825.17,qr,23,1.0,0.0,0.0,5,1611.82,0.512,13722,-0.6689,A,1,0.9006,0.6524,1,1325,none,0,0.2662,-0.1562534895832761,0,5.542693483644471e-05,pass,"[{'id': 'odd_hour', 'label': 'Transaction at an unusual hour', 'detail': 'This transaction is happening between 21:00 and 08:00 local time — scammers often call late at night when the victim is tired or distracted.'}]"
txn_007412,2025-02-07T21:55:38,payer_00548,payee_00070,574.02,send,21,1.0,0.0,0.0,12,949.22,0.605,14906,-0.5023,B,0,0.8704,0.7102,1,22901,timeout,0,0.2995,-0.3971091741760973,0,3.1961152203951585e-05,pass,"[{'id': 'odd_hour', 'label': 'Transaction at an unusual hour', 'detail': 'This transaction is happening between 21:00 and 08:00 local time — scammers often call late at night when the victim is tired or distracted.'}]"
txn_002442,2025-01-13T21:47:28,payer_00217,payee_02894,734.54,send,21,1.0,1.0,0.0,0,686.31,1.07,16521,0.0678,A,0,0.4202,0.9431,1,21037,declined,0,0.8136,-1.505163468505747,1,0.000457311067551583,pass,"[{'id': 'fast_approval', 'label': 'Approval given suspiciously fast', 'detail': 'The user approved this in under 2 seconds — too fast to read the amount, the payee name, or the direction of the request.'}, {'id': 'odd_hour', 'label': 'Transaction at an unusual hour', 'detail': 'This transaction is happening between 21:00 and 08:00 local time — scammers often call late at night when the victim is tired or distracted.'}]"
txn_008898,2025-02-14T20:51:38,payer_00246,payee_00281,1769.42,send,20,0.0,1.0,0.0,0,1864.15,0.949,16622,-0.0521,B,1,0.8012,0.7886,1,1934,none,0,0.3896,-0.3250297290503176,0,6.981370470310098e-06,pass,[]
txn_008663,2025-02-13T11:47:28,payer_01299,payee_01507,4407.8,send,11,0.0,0.0,1.0,9,3484.47,1.265,15198,0.235,A,1,0.8141,0.6168,1,2334,none,0,0.047,-0.1786094019528453,0,2.7142587712914324e-05,pass,"[{'id': 'high_risk_merchant', 'label': 'Payee flagged as high-risk merchant', 'detail': 'This payee account has prior complaints or is on a high-risk watchlist.'}]"
txn_006800,2025-02-04T14:21:19,payer_00346,payee_02911,834.44,send,14,0.0,1.0,0.0,0,931.36,0.896,34763,-0.1098,B,0,0.8172,0.7728,1,16026,declined,0,0.378,0.6916594627176503,0,3.1474205489381853e-06,pass,[]
txn_010688,2025-02-23T18:07:27,payer_00776,payee_04341,823.83,qr,18,0.0,0.0,0.0,4,802.28,1.027,7003,0.0265,A,0,0.9207,0.6088,1,10281,bank_down,0,0.0053,-0.7213797225501266,0,5.082231678750013e-06,pass,[]
txn_009782,2025-02-18T15:23:49,payer_01136,payee_01256,1160.8,send,15,0.0,0.0,1.0,8,1673.65,0.694,39349,-0.3656,A,1,0.9281,0.3811,1,401,none,0,-0.0731,1.4634332528015743,0,6.596137143737619e-06,pass,"[{'id': 'high_risk_merchant', 'label': 'Payee flagged as high-risk merchant', 'detail': 'This payee account has prior complaints or is on a high-risk watchlist.'}]"
txn_011293,2025-02-26T11:41:04,payer_01498,payee_03096,4488.8,qr,11,0.0,0.0,0.0,3,3501.08,1.282,24204,0.2485,A,1,0.8862,0.6894,0,726,none,0,0.0497,0.2113613589144859,0,3.1648318672823196e-05,pass,[]
txn_009152,2025-02-15T14:07:30,payer_01195,payee_02956,98.52,send,14,0.0,1.0,0.0,0,775.06,0.127,25379,-2.0539,A,1,0.9933,0.1317,0,1191,none,0,-0.0108,0.8847045794651855,0,3.191162729830762e-07,pass,[]
txn_002495,2025-01-13T01:36:25,payer_00887,payee_03830,4822.26,qr,1,1.0,1.0,1.0,0,366.3,13.165,3499,2.575,A,0,0.0043,0.9985,1,23169,network_error,0,1.0,-0.8219882699172789,0,0.0017242629109989534,pass,"[{'id': 'amount_spike', 'label': 'Amount is unusually high for this payer', 'detail': ""This transaction is more than 3x this payer's typical amount. Common in refund scams where the scammer asks for a 'verification' transfer.""}, {'id': 'odd_hour', 'label': 'Transaction at an unusual hour', 'detail': 'This transaction is happening between 21:00 and 08:00 local time — scammers often call late at night when the victim is tired or distracted.'}, {'id': 'high_risk_merchant', 'label': 'Payee flagged as high-risk merchant', 'detail': 'This payee account has prior complaints or is on a high-risk watchlist.'}]"
txn_009002,2025-02-15T14:06:41,payer_01980,payee_03416,210.82,qr,14,0.0,1.0,0.0,0,279.27,0.755,42872,-0.28,A,1,0.8586,0.7215,0,2493,none,0,0.344,1.5925819983055096,0,7.32477175069282e-07,pass,[]
txn_008828,2025-02-14T15:29:38,payer_00479,payee_00431,527.26,send,15,0.0,0.0,0.0,5,300.96,1.752,15950,0.5593,B,1,0.8166,0.785,1,533,none,0,0.1119,-0.3395614480313206,0,3.213650206279967e-06,pass,[]
txn_010046,2025-02-20T15:27:40,payer_01643,payee_03295,250.69,collect,15,0.0,0.0,0.0,3,218.61,1.147,27513,0.1364,A,1,0.905,0.6498,0,562,none,0,0.0273,-0.131711684750844,0,0.1579874162479363,pass,[]
txn_007822,2025-02-09T23:53:07,payer_01961,payee_00901,2010.88,collect,23,1.0,0.0,0.0,4,1408.59,1.428,7101,0.3558,A,1,0.5889,0.9063,1,672,none,0,0.4712,-0.948369602504194,0,0.9503943977041215,hard_block,"[{'id': 'odd_hour', 'label': 'Transaction at an unusual hour', 'detail': 'This transaction is happening between 21:00 and 08:00 local time — scammers often call late at night when the victim is tired or distracted.'}]"
txn_004812,2025-01-25T10:19:01,payer_00724,payee_03469,2667.88,send,10,0.0,1.0,1.0,0,1338.62,1.993,15495,0.6893,A,0,0.368,0.9005,1,25118,declined,0,0.5379,-0.6647027357651858,0,1.1531185744218722e-05,pass,"[{'id': 'high_risk_merchant', 'label': 'Payee flagged as high-risk merchant', 'detail': 'This payee account has prior complaints or is on a high-risk watchlist.'}]"
txn_011638,2025-02-28T09:27:11,payer_01975,payee_04167,1043.35,send,9,0.0,1.0,0.0,0,726.12,1.437,34593,0.3621,B,1,0.6566,0.8786,1,1533,none,0,0.4724,0.6117454874476428,0,4.097500861421125e-06,pass,[]
txn_004508,2025-01-23T12:20:07,payer_00771,payee_03623,290.68,send,12,0.0,0.0,0.0,10,535.08,0.543,7777,-0.6086,A,1,0.9733,0.3604,0,1731,none,0,-0.1217,-0.9659716902507568,0,1.4251363075481822e-06,pass,[]
txn_009396,2025-02-16T23:09:23,payer_01625,payee_00263,6791.72,collect,23,1.0,1.0,0.0,0,178.53,38.042,3426,3.6333,B,1,0.0012,0.9998,0,388,none,1,1.0,-1.218233361838503,1,0.9999370888485534,hard_block,"[{'id': 'collect_first_time', 'label': 'Collect request from a first-time payee', 'detail': ""This transaction is a UPI collect request (the payee is asking you to pay them, not the other way round) AND you've never paid this account before. Refund scammers use this exact pattern.""}, {'id': 'amount_spike', 'label': 'Amount is unusually high for this payer', 'detail': ""This transaction is more than 3x this payer's typical amount. Common in refund scams where the scammer asks for a 'verification' transfer.""}, {'id': 'fast_approval', 'label': 'Approval given suspiciously fast', 'detail': 'The user approved this in under 2 seconds — too fast to read the amount, the payee name, or the direction of the request.'}, {'id': 'odd_hour', 'label': 'Transaction at an unusual hour', 'detail': 'This transaction is happening between 21:00 and 08:00 local time — scammers often call late at night when the victim is tired or distracted.'}, {'id': 'high_amount_first_time', 'label': 'High amount + first-time payee combination', 'detail': 'First-time payee + unusually high amount + (collect or QR direction) is the strongest single signal in our historical scam data.'}]"
txn_005979,2025-01-30T13:43:22,payer_01711,payee_03957,359.84,qr,13,0.0,1.0,0.0,0,364.9,0.986,33156,-0.0139,B,0,0.79,0.7986,1,11372,timeout,0,0.3972,0.5148765121569824,0,1.3017516585325706e-06,pass,[]
txn_002325,2025-01-12T18:56:00,payer_01952,payee_02247,1476.39,send,18,0.0,1.0,0.0,0,620.8,2.378,15542,0.8654,B,1,0.4359,0.9418,0,950,none,0,0.5731,-0.0495399576988921,0,6.2060202472425214e-06,pass,[]
txn_002388,2025-01-12T22:44:14,payer_01482,payee_00018,7534.78,collect,22,1.0,1.0,0.0,0,584.31,12.895,2574,2.5553,B,1,0.0082,0.9989,0,1823,none,1,1.0,-1.310846581785306,1,0.9997943381483813,hard_block,"[{'id': 'collect_first_time', 'label': 'Collect request from a first-time payee', 'detail': ""This transaction is a UPI collect request (the payee is asking you to pay them, not the other way round) AND you've never paid this account before. Refund scammers use this exact pattern.""}, {'id': 'amount_spike', 'label': 'Amount is unusually high for this payer', 'detail': ""This transaction is more than 3x this payer's typical amount. Common in refund scams where the scammer asks for a 'verification' transfer.""}, {'id': 'fast_approval', 'label': 'Approval given suspiciously fast', 'detail': 'The user approved this in under 2 seconds — too fast to read the amount, the payee name, or the direction of the request.'}, {'id': 'odd_hour', 'label': 'Transaction at an unusual hour', 'detail': 'This transaction is happening between 21:00 and 08:00 local time — scammers often call late at night when the victim is tired or distracted.'}, {'id': 'high_amount_first_time', 'label': 'High amount + first-time payee combination', 'detail': 'First-time payee + unusually high amount + (collect or QR direction) is the strongest single signal in our historical scam data.'}]"
txn_008281,2025-02-11T16:44:36,payer_00094,payee_04013,262.68,collect,16,0.0,0.0,0.0,9,388.03,0.677,24675,-0.3889,A,1,0.9608,0.4447,1,1330,none,0,-0.0778,0.2077631545842658,0,0.14234919484013348,pass,[]
txn_003651,2025-01-19T10:23:08,payer_01546,payee_04093,10.0,send,10,0.0,1.0,0.0,0,431.64,0.023,20344,-3.672,A,1,0.9996,0.0113,0,395,none,0,-0.3344,-0.0295617290817403,0,3.093404646002195e-08,pass,[]
txn_002452,2025-01-13T19:48:21,payer_00369,payee_01287,191.6,send,19,0.0,1.0,0.0,0,113.19,1.693,43006,0.5228,A,0,0.5888,0.9035,1,28792,timeout,0,0.5046,1.4675408113020971,0,6.951697559654496e-07,pass,[]
txn_009139,2025-02-15T11:27:10,payer_01319,payee_00034,170.86,send,11,0.0,1.0,0.0,0,781.84,0.219,35231,-1.5162,B,1,0.9825,0.2639,1,1111,none,0,0.0968,0.942761605999458,0,5.71255971629778e-07,pass,[]
txn_007682,2025-02-08T04:20:59,payer_01608,payee_00034,4612.4,collect,4,1.0,1.0,0.0,0,1085.41,4.249,3578,1.4461,B,1,0.0572,0.9934,0,1337,none,1,1.0,-1.92803651696298,1,0.9994610190033182,hard_block,"[{'id': 'collect_first_time', 'label': 'Collect request from a first-time payee', 'detail': ""This transaction is a UPI collect request (the payee is asking you to pay them, not the other way round) AND you've never paid this account before. Refund scammers use this exact pattern.""}, {'id': 'amount_spike', 'label': 'Amount is unusually high for this payer', 'detail': ""This transaction is more than 3x this payer's typical amount. Common in refund scams where the scammer asks for a 'verification' transfer.""}, {'id': 'fast_approval', 'label': 'Approval given suspiciously fast', 'detail': 'The user approved this in under 2 seconds — too fast to read the amount, the payee name, or the direction of the request.'}, {'id': 'odd_hour', 'label': 'Transaction at an unusual hour', 'detail': 'This transaction is happening between 21:00 and 08:00 local time — scammers often call late at night when the victim is tired or distracted.'}, {'id': 'high_amount_first_time', 'label': 'High amount + first-time payee combination', 'detail': 'First-time payee + unusually high amount + (collect or QR direction) is the strongest single signal in our historical scam data.'}]"
txn_005577,2025-01-28T14:23:53,payer_01674,payee_03775,198.15,send,14,0.0,1.0,0.0,0,228.53,0.867,5891,-0.142,B,1,0.8257,0.7637,0,364,none,0,0.3716,-0.873551571205643,0,6.902082996312228e-07,pass,[]
txn_009280,2025-02-16T18:47:43,payer_00361,payee_01116,1013.59,send,18,0.0,1.0,1.0,0,1486.65,0.682,25014,-0.3827,A,1,0.8004,0.6196,1,1988,none,0,0.3235,0.9155634527849892,0,3.877258196812521e-06,pass,"[{'id': 'high_risk_merchant', 'label': 'Payee flagged as high-risk merchant', 'detail': 'This payee account has prior complaints or is on a high-risk watchlist.'}]"
txn_007528,2025-02-07T11:52:45,payer_01872,payee_01000,314.37,send,11,0.0,0.0,0.0,6,511.07,0.615,20057,-0.4847,A,1,0.9668,0.4072,1,1049,none,0,-0.0969,0.558945036700377,0,1.7142098505389541e-06,pass,[]
txn_002846,2025-01-15T17:23:28,payer_00046,payee_02655,532.21,send,17,0.0,1.0,0.0,0,903.7,0.589,14987,-0.5287,B,1,0.9048,0.6351,1,793,none,0,0.2943,-0.8177857684840002,0,1.927211087276128e-06,pass,[]
txn_003387,2025-01-17T15:45:32,payer_01762,payee_00940,691.62,send,15,0.0,0.0,0.0,7,707.31,0.978,28972,-0.0224,A,1,0.9269,0.59,1,1505,none,0,-0.0045,0.0735475777539632,0,3.914661992818804e-06,pass,[]
txn_010117,2025-02-20T19:21:56,payer_01137,payee_00097,1840.16,send,19,0.0,1.0,0.0,0,1756.52,1.048,20387,0.0465,A,1,0.7714,0.8137,1,1169,none,0,0.4093,-1.0589124540346937,0,7.313771175483902e-06,pass,[]
txn_006561,2025-02-02T16:00:43,payer_01657,payee_00430,74.83,collect,16,0.0,1.0,0.0,0,116.58,0.642,18332,-0.4387,B,1,0.8899,0.6678,1,2059,none,0,0.3123,-1.38333808491286,1,0.30747613641749727,pass,"[{'id': 'collect_first_time', 'label': 'Collect request from a first-time payee', 'detail': ""This transaction is a UPI collect request (the payee is asking you to pay them, not the other way round) AND you've never paid this account before. Refund scammers use this exact pattern.""}, {'id': 'fast_approval', 'label': 'Approval given suspiciously fast', 'detail': 'The user approved this in under 2 seconds — too fast to read the amount, the payee name, or the direction of the request.'}]"
txn_005566,2025-01-28T12:47:11,payer_00261,payee_02504,10.0,send,12,0.0,0.0,0.0,6,1275.56,0.008,10077,-4.754,A,1,1.0,0.0007,0,1290,none,0,-0.9508,-0.8366947743307463,0,4.783750318956595e-08,pass,[]
txn_005337,2025-01-27T15:38:11,payer_01828,payee_03406,203.08,collect,15,0.0,0.0,0.0,12,330.36,0.615,15046,-0.4847,A,1,0.9668,0.4072,0,525,none,0,-0.0969,0.9050357899965878,0,0.10491259413778992,pass,[]
txn_000248,2025-01-02T15:36:38,payer_00425,payee_04136,215.37,send,15,0.0,1.0,0.0,0,501.16,0.43,27646,-0.842,A,1,0.9435,0.5132,0,1279,none,0,0.2316,1.6272565908947043,0,7.366929236394518e-07,pass,[]
txn_004127,2025-01-21T10:21:56,payer_01155,payee_04684,109.57,send,10,0.0,1.0,0.0,0,133.45,0.821,32911,-0.1955,A,1,0.8392,0.7478,1,2140,none,0,0.3609,0.6690369108312594,0,3.696608357022304e-07,pass,[]
txn_001795,2025-01-09T13:14:26,payer_01831,payee_00909,1722.31,send,13,0.0,1.0,0.0,0,1050.03,1.64,22702,0.4945,B,1,0.6011,0.8995,0,1333,none,0,0.4989,-1.0567662770110662,0,7.030808917417226e-06,pass,[]
txn_001479,2025-01-08T23:25:26,payer_01336,payee_01265,308.01,send,23,1.0,1.0,0.0,0,370.45,0.831,42836,-0.1841,A,0,0.5328,0.9172,1,17518,timeout,0,0.7632,1.3553943231722778,0,1.2560569528658058e-05,pass,"[{'id': 'odd_hour', 'label': 'Transaction at an unusual hour', 'detail': 'This transaction is happening between 21:00 and 08:00 local time — scammers often call late at night when the victim is tired or distracted.'}]"
txn_010135,2025-02-20T07:55:01,payer_01834,payee_04975,320.58,send,7,1.0,1.0,1.0,0,259.35,1.236,33570,0.2112,B,1,0.235,0.9392,1,989,none,0,0.8422,1.05324735959612,0,1.3568287882400816e-05,pass,"[{'id': 'odd_hour', 'label': 'Transaction at an unusual hour', 'detail': 'This transaction is happening between 21:00 and 08:00 local time — scammers often call late at night when the victim is tired or distracted.'}, {'id': 'high_risk_merchant', 'label': 'Payee flagged as high-risk merchant', 'detail': 'This payee account has prior complaints or is on a high-risk watchlist.'}]"
txn_011868,2025-03-01T12:53:55,payer_00772,payee_00178,1249.76,send,12,0.0,0.0,0.0,6,611.86,2.043,4467,0.7134,A,0,0.7713,0.8237,1,19499,network_error,0,0.1427,-1.2868987668055816,1,0.00011386300510256723,pass,"[{'id': 'fast_approval', 'label': 'Approval given suspiciously fast', 'detail': 'The user approved this in under 2 seconds — too fast to read the amount, the payee name, or the direction of the request.'}]"
txn_004010,2025-01-21T12:10:54,payer_00963,payee_01876,3155.47,send,12,0.0,0.0,0.0,6,1667.93,1.892,37856,0.6373,A,1,0.7946,0.8053,0,2239,none,0,0.1275,1.1817841224057837,0,2.0900683734103955e-05,pass,[]
txn_010165,2025-02-20T16:20:22,payer_00116,payee_04256,666.83,collect,16,0.0,1.0,0.0,0,677.08,0.985,33375,-0.0152,A,1,0.7904,0.7983,1,1127,none,0,0.397,1.2245671617201763,0,0.2385667423623088,pass,"[{'id': 'collect_first_time', 'label': 'Collect request from a first-time payee', 'detail': ""This transaction is a UPI collect request (the payee is asking you to pay them, not the other way round) AND you've never paid this account before. Refund scammers use this exact pattern.""}]"
txn_000562,2025-01-03T17:37:21,payer_01009,payee_02194,125.16,send,17,0.0,1.0,0.0,0,291.4,0.43,12282,-0.8406,A,1,0.9434,0.5138,1,1618,none,0,0.2319,-0.3122995186499162,0,4.1650599695322075e-07,pass,[]
txn_007488,2025-02-07T15:10:12,payer_00682,payee_02307,1121.45,qr,15,0.0,1.0,0.0,0,1472.75,0.761,43297,-0.2723,B,1,0.8569,0.724,1,2424,none,0,0.3455,1.2451117270620429,0,4.270890103089966e-06,pass,[]
txn_011911,2025-03-01T05:53:15,payer_01297,payee_00658,262.24,send,5,1.0,1.0,0.0,0,318.26,0.824,13527,-0.193,A,0,0.5368,0.9162,1,13902,bank_down,0,0.7614,-0.8821379634593663,0,1.0598731259810345e-05,pass,"[{'id': 'odd_hour', 'label': 'Transaction at an unusual hour', 'detail': 'This transaction is happening between 21:00 and 08:00 local time — scammers often call late at night when the victim is tired or distracted.'}]"
txn_003244,2025-01-17T19:25:04,payer_01858,payee_04558,210.85,send,19,0.0,0.0,0.0,5,553.78,0.381,32257,-0.9627,A,1,0.9857,0.2423,0,1748,none,0,-0.1925,0.3421752803852166,0,1.1398611945710202e-06,pass,[]
txn_008579,2025-02-12T11:24:27,payer_00513,payee_04923,191.01,send,11,0.0,0.0,0.0,6,152.48,1.253,38748,0.224,A,0,0.8906,0.681,1,11077,declined,0,0.0448,1.162351995746848,0,1.0483667236891965e-06,pass,[]
txn_009322,2025-02-16T07:08:27,payer_00244,payee_01798,2242.09,send,7,1.0,0.0,0.0,10,1198.83,1.87,18929,0.6257,B,1,0.4685,0.9371,0,867,none,0,0.5251,-0.1483535205831331,0,0.00015106851535334398,pass,"[{'id': 'odd_hour', 'label': 'Transaction at an unusual hour', 'detail': 'This transaction is happening between 21:00 and 08:00 local time — scammers often call late at night when the victim is tired or distracted.'}]"
txn_008447,2025-02-12T13:28:23,payer_00546,payee_03158,3301.3,collect,13,0.0,1.0,0.0,0,577.19,5.72,10814,1.7425,B,1,0.1375,0.985,1,1367,none,0,0.6,-0.6983850963806313,0,0.894979169071876,hard_block,"[{'id': 'collect_first_time', 'label': 'Collect request from a first-time payee', 'detail': ""This transaction is a UPI collect request (the payee is asking you to pay them, not the other way round) AND you've never paid this account before. Refund scammers use this exact pattern.""}, {'id': 'amount_spike', 'label': 'Amount is unusually high for this payer', 'detail': ""This transaction is more than 3x this payer's typical amount. Common in refund scams where the scammer asks for a 'verification' transfer.""}, {'id': 'high_amount_first_time', 'label': 'High amount + first-time payee combination', 'detail': 'First-time payee + unusually high amount + (collect or QR direction) is the strongest single signal in our historical scam data.'}]"
txn_010056,2025-02-20T12:10:43,payer_01065,payee_04497,1294.73,send,12,0.0,1.0,0.0,0,1015.26,1.275,38979,0.2429,A,1,0.7032,0.8568,1,647,none,0,0.4486,0.6808371321929907,0,5.104100853488599e-06,pass,[]
txn_008911,2025-02-14T16:27:07,payer_00602,payee_02262,202.11,send,16,0.0,0.0,0.0,1,149.09,1.356,35339,0.3025,A,1,0.876,0.7076,1,1527,none,0,0.0605,0.8779278290960341,0,1.2648841797588323e-06,pass,[]
txn_007768,2025-02-08T23:44:14,payer_00100,payee_04305,379.74,qr,23,1.0,0.0,0.0,5,333.09,1.14,42745,0.1307,B,1,0.6824,0.8709,1,2205,none,0,0.4261,1.3659202663690813,0,2.5240759308057628e-05,pass,"[{'id': 'odd_hour', 'label': 'Transaction at an unusual hour', 'detail': 'This transaction is happening between 21:00 and 08:00 local time — scammers often call late at night when the victim is tired or distracted.'}]"
txn_004149,2025-01-21T17:00:07,payer_00552,payee_03230,1044.8,collect,17,0.0,0.0,0.0,2,700.3,1.492,41826,0.3996,A,1,0.8558,0.7387,0,568,none,0,0.0799,1.616626288227839,0,0.46874896926742615,pass,[]
txn_001002,2025-01-06T11:37:49,payer_01166,payee_03969,660.6,send,11,0.0,1.0,0.0,0,866.28,0.763,28541,-0.2707,A,1,0.8566,0.7245,0,1365,none,0,0.3459,0.5024856909228924,0,2.4427061575005873e-06,pass,[]
txn_006346,2025-02-01T11:38:05,payer_01188,payee_02895,1232.98,send,11,0.0,0.0,0.0,12,1222.17,1.009,19899,0.0088,A,1,0.923,0.6021,1,922,none,0,0.0018,-0.1500313391477605,0,6.3841321010535705e-06,pass,[]
txn_006105,2025-01-31T09:13:52,payer_01282,payee_04353,991.63,collect,9,0.0,0.0,0.0,4,873.61,1.135,20141,0.1266,A,1,0.9065,0.6462,0,930,none,0,0.0253,-0.4971298937680146,0,0.4383359539104386,pass,[]
txn_010831,2025-02-24T05:43:23,payer_01710,payee_01667,3399.71,collect,5,1.0,1.0,0.0,0,864.9,3.931,2686,1.368,B,1,0.0652,0.9925,0,973,none,1,1.0,-0.83599343833642,0,0.9892321521092773,hard_block,"[{'id': 'collect_first_time', 'label': 'Collect request from a first-time payee', 'detail': ""This transaction is a UPI collect request (the payee is asking you to pay them, not the other way round) AND you've never paid this account before. Refund scammers use this exact pattern.""}, {'id': 'amount_spike', 'label': 'Amount is unusually high for this payer', 'detail': ""This transaction is more than 3x this payer's typical amount. Common in refund scams where the scammer asks for a 'verification' transfer.""}, {'id': 'odd_hour', 'label': 'Transaction at an unusual hour', 'detail': 'This transaction is happening between 21:00 and 08:00 local time — scammers often call late at night when the victim is tired or distracted.'}, {'id': 'high_amount_first_time', 'label': 'High amount + first-time payee combination', 'detail': 'First-time payee + unusually high amount + (collect or QR direction) is the strongest single signal in our historical scam data.'}]"
txn_009147,2025-02-15T13:46:32,payer_01739,payee_00266,591.05,send,13,0.0,0.0,0.0,10,706.95,0.836,22323,-0.1788,B,0,0.9438,0.5285,1,8860,declined,0,-0.0358,-0.9930317398340628,0,3.0579453390110574e-06,pass,[]
txn_005800,2025-01-30T22:01:36,payer_00902,payee_02032,2640.4,collect,22,1.0,1.0,0.0,0,371.69,7.104,4659,1.9583,B,1,0.0235,0.9971,0,1720,none,0,1.0,-1.2513215609190815,1,0.9991612160543485,hard_block,"[{'id': 'collect_first_time', 'label': 'Collect request from a first-time payee', 'detail': ""This transaction is a UPI collect request (the payee is asking you to pay them, not the other way round) AND you've never paid this account before. Refund scammers use this exact pattern.""}, {'id': 'amount_spike', 'label': 'Amount is unusually high for this payer', 'detail': ""This transaction is more than 3x this payer's typical amount. Common in refund scams where the scammer asks for a 'verification' transfer.""}, {'id': 'fast_approval', 'label': 'Approval given suspiciously fast', 'detail': 'The user approved this in under 2 seconds — too fast to read the amount, the payee name, or the direction of the request.'}, {'id': 'odd_hour', 'label': 'Transaction at an unusual hour', 'detail': 'This transaction is happening between 21:00 and 08:00 local time — scammers often call late at night when the victim is tired or distracted.'}, {'id': 'high_amount_first_time', 'label': 'High amount + first-time payee combination', 'detail': 'First-time payee + unusually high amount + (collect or QR direction) is the strongest single signal in our historical scam data.'}]"
txn_000862,2025-01-05T21:56:28,payer_00157,payee_04681,10.0,send,21,1.0,1.0,0.0,0,1220.46,0.008,8191,-4.7099,A,1,0.9997,0.0079,0,1975,none,0,-0.142,-0.9170489156526248,0,3.541957869241657e-07,pass,"[{'id': 'odd_hour', 'label': 'Transaction at an unusual hour', 'detail': 'This transaction is happening between 21:00 and 08:00 local time — scammers often call late at night when the victim is tired or distracted.'}]"
txn_005613,2025-01-29T23:48:54,payer_00069,payee_02683,104.39,send,23,1.0,1.0,0.0,0,258.79,0.403,44038,-0.9022,B,1,0.806,0.7784,0,2175,none,0,0.6196,1.040878770479092,0,3.940677695099136e-06,pass,"[{'id': 'odd_hour', 'label': 'Transaction at an unusual hour', 'detail': 'This transaction is happening between 21:00 and 08:00 local time — scammers often call late at night when the victim is tired or distracted.'}]"
txn_007754,2025-02-08T16:26:29,payer_01168,payee_01727,1481.83,collect,16,0.0,0.0,0.0,11,1118.17,1.325,24293,0.2814,A,0,0.8801,0.7006,1,11440,timeout,0,0.0563,1.037528011086147,0,0.5034759526082461,pass,[]
txn_003079,2025-01-16T18:09:52,payer_01037,payee_03947,483.65,send,18,0.0,1.0,0.0,0,276.8,1.747,44824,0.5565,A,1,0.574,0.9081,1,1083,none,0,0.5113,1.1099676927147235,0,1.8491646223830783e-06,pass,[]
txn_003851,2025-01-20T16:45:15,payer_01021,payee_03907,336.0,send,16,0.0,0.0,0.0,6,205.73,1.633,27354,0.4886,A,1,0.8349,0.7653,1,1834,none,0,0.0977,0.4469288874891782,0,1.937657147062112e-06,pass,[]
txn_002627,2025-01-14T09:54:36,payer_00695,payee_00397,621.15,send,9,0.0,0.0,0.0,5,317.16,1.958,22851,0.6706,B,1,0.7846,0.8135,1,735,none,0,0.1341,-0.1398150685209777,0,3.861103549821297e-06,pass,[]
txn_000592,2025-01-03T05:14:50,payer_00736,payee_00706,144.66,send,5,1.0,1.0,0.0,0,392.28,0.369,22321,-0.9932,B,1,0.8303,0.7523,1,822,none,0,0.6014,0.0904742312283361,0,5.538391947569117e-06,pass,"[{'id': 'odd_hour', 'label': 'Transaction at an unusual hour', 'detail': 'This transaction is happening between 21:00 and 08:00 local time — scammers often call late at night when the victim is tired or distracted.'}]"
txn_008400,2025-02-12T19:50:20,payer_00678,payee_01777,789.84,qr,19,0.0,0.0,0.0,11,687.75,1.148,20478,0.1382,B,1,0.9048,0.6505,1,1485,none,0,0.0276,0.281601387242048,0,4.117500874074374e-06,pass,[]
txn_003282,2025-01-17T21:15:44,payer_00739,payee_00917,1082.21,send,21,1.0,0.0,0.0,2,749.6,1.444,5942,0.3668,A,0,0.5841,0.9078,1,19767,declined,0,0.4734,-0.6942960074045922,0,8.336233693131325e-05,pass,"[{'id': 'odd_hour', 'label': 'Transaction at an unusual hour', 'detail': 'This transaction is happening between 21:00 and 08:00 local time — scammers often call late at night when the victim is tired or distracted.'}]"
txn_001864,2025-01-10T13:19:46,payer_00668,payee_00837,177.25,send,13,0.0,0.0,0.0,2,382.08,0.464,20044,-0.765,A,1,0.9797,0.3049,0,1548,none,0,-0.153,-0.2579089343758425,0,1.026789773578309e-06,pass,[]
txn_005391,2025-01-27T17:17:34,payer_01033,payee_04372,10.0,qr,17,0.0,1.0,0.0,0,551.05,0.018,40936,-3.9157,A,1,0.9998,0.0077,0,715,none,0,-0.3831,1.4906462528119682,0,3.0926086111008375e-08,pass,[]
txn_003469,2025-01-18T18:53:32,payer_01270,payee_04861,177.58,collect,18,0.0,1.0,0.0,0,162.86,1.09,2765,0.0861,A,1,0.7586,0.8231,1,2131,none,0,0.4172,-1.5627065174957615,1,0.5291203038327801,pass,"[{'id': 'collect_first_time', 'label': 'Collect request from a first-time payee', 'detail': ""This transaction is a UPI collect request (the payee is asking you to pay them, not the other way round) AND you've never paid this account before. Refund scammers use this exact pattern.""}, {'id': 'fast_approval', 'label': 'Approval given suspiciously fast', 'detail': 'The user approved this in under 2 seconds — too fast to read the amount, the payee name, or the direction of the request.'}]"
txn_005711,2025-01-29T18:35:38,payer_01582,payee_04546,254.74,qr,18,0.0,0.0,0.0,12,265.03,0.961,28952,-0.0394,B,0,0.929,0.5834,1,22425,timeout,0,-0.0079,0.037637842854042,0,1.206300860891134e-06,pass,[]
txn_000180,2025-01-01T08:41:37,payer_00618,payee_01513,753.02,send,8,0.0,1.0,0.0,0,1102.54,0.683,13387,-0.3809,B,1,0.8793,0.688,1,1089,none,0,0.3238,-1.2041750819861792,1,4.0178350295366106e-05,pass,"[{'id': 'fast_approval', 'label': 'Approval given suspiciously fast', 'detail': 'The user approved this in under 2 seconds — too fast to read the amount, the payee name, or the direction of the request.'}]"
txn_007712,2025-02-08T22:21:46,payer_00162,payee_00956,973.78,send,22,1.0,1.0,0.0,0,2945.53,0.331,23360,-1.1062,B,0,0.8571,0.7171,1,21940,declined,0,0.5788,0.244960288173376,0,4.123540613410826e-05,pass,"[{'id': 'odd_hour', 'label': 'Transaction at an unusual hour', 'detail': 'This transaction is happening between 21:00 and 08:00 local time — scammers often call late at night when the victim is tired or distracted.'}]"
txn_008998,2025-02-14T23:15:08,payer_00011,payee_03879,1267.45,send,23,1.0,0.0,0.0,7,579.85,2.186,38629,0.7811,A,1,0.3999,0.9502,1,1073,none,0,0.5562,0.9643532099181455,0,9.048997842969346e-05,pass,"[{'id': 'odd_hour', 'label': 'Transaction at an unusual hour', 'detail': 'This transaction is happening between 21:00 and 08:00 local time — scammers often call late at night when the victim is tired or distracted.'}]"
txn_006333,2025-02-01T06:56:41,payer_01327,payee_00592,375.67,send,6,1.0,1.0,0.0,0,466.61,0.805,20951,-0.2162,B,1,0.5472,0.9133,1,952,none,0,0.7568,1.0319180139806634,0,1.5464291428822822e-05,pass,"[{'id': 'odd_hour', 'label': 'Transaction at an unusual hour', 'detail': 'This transaction is happening between 21:00 and 08:00 local time — scammers often call late at night when the victim is tired or distracted.'}]"
txn_006330,2025-02-01T16:03:50,payer_01258,payee_04870,144.48,send,16,0.0,1.0,0.0,0,384.2,0.376,36999,-0.9737,B,0,0.9549,0.4606,1,9365,declined,0,0.2053,0.5963889228759518,0,4.828725774083151e-07,pass,[]
txn_002755,2025-01-14T16:22:50,payer_01432,payee_01154,10.0,send,16,0.0,1.0,0.0,0,197.29,0.051,27533,-2.8919,A,1,0.9985,0.0382,0,1462,none,0,-0.1784,0.4000984214481331,0,3.097866229472986e-08,pass,[]
txn_000033,2025-01-01T19:27:04,payer_00853,payee_00996,596.54,send,19,0.0,1.0,0.0,0,448.53,1.33,6792,0.2846,A,1,0.6873,0.8648,1,400,none,0,0.4569,-1.287650379096839,1,3.2483990667018776e-05,pass,"[{'id': 'fast_approval', 'label': 'Approval given suspiciously fast', 'detail': 'The user approved this in under 2 seconds — too fast to read the amount, the payee name, or the direction of the request.'}]"
txn_007563,2025-02-07T14:20:15,payer_00505,payee_03909,91.79,send,14,0.0,1.0,0.0,0,990.85,0.093,11882,-2.3692,B,0,0.9962,0.0839,1,20594,network_error,0,-0.0738,-0.6371167717803427,0,2.958296341630297e-07,pass,[]
txn_003307,2025-01-17T22:52:05,payer_00246,payee_03167,82.26,send,22,1.0,0.0,0.0,11,1864.15,0.044,12987,-3.1091,A,1,0.9986,0.0365,0,2437,none,0,-0.2218,-0.6284253083985545,0,4.126353717612429e-06,pass,"[{'id': 'odd_hour', 'label': 'Transaction at an unusual hour', 'detail': 'This transaction is happening between 21:00 and 08:00 local time — scammers often call late at night when the victim is tired or distracted.'}]"
txn_008953,2025-02-14T23:55:38,payer_01183,payee_04170,2095.99,qr,23,1.0,0.0,0.0,2,1358.95,1.542,25515,0.4331,A,1,0.5549,0.9163,1,1279,none,0,0.4866,-0.3169199043703817,0,0.0001684240946101399,pass,"[{'id': 'odd_hour', 'label': 'Transaction at an unusual hour', 'detail': 'This transaction is happening between 21:00 and 08:00 local time — scammers often call late at night when the victim is tired or distracted.'}]"
txn_001766,2025-01-09T16:11:30,payer_00367,payee_01836,10.0,send,16,0.0,0.0,0.0,8,1011.04,0.01,5985,-4.5218,A,1,1.0,0.0011,0,603,none,0,-0.9044,-1.216882023540654,1,6.551375088440723e-07,pass,"[{'id': 'fast_approval', 'label': 'Approval given suspiciously fast', 'detail': 'The user approved this in under 2 seconds — too fast to read the amount, the payee name, or the direction of the request.'}]"
txn_005513,2025-01-28T19:34:32,payer_00788,payee_04083,638.04,send,19,0.0,1.0,0.0,0,439.09,1.453,19687,0.373,B,0,0.6522,0.8805,0,29452,timeout,0,0.4746,1.0716858039535293,0,2.4398730021692463e-06,pass,[]
txn_004024,2025-01-21T17:20:36,payer_00940,payee_02248,1385.46,send,17,0.0,0.0,0.0,8,1821.17,0.761,33946,-0.2733,A,1,0.9522,0.4907,1,851,none,0,-0.0547,1.6557758084308825,0,7.866737070293228e-06,pass,[]
txn_006827,2025-02-04T23:23:17,payer_00717,payee_01840,4752.97,send,23,1.0,1.0,0.0,0,230.41,20.628,22374,3.0225,B,1,0.0035,0.9995,0,2325,none,0,1.0,-0.961443460603927,0,0.0024565008851436766,pass,"[{'id': 'amount_spike', 'label': 'Amount is unusually high for this payer', 'detail': ""This transaction is more than 3x this payer's typical amount. Common in refund scams where the scammer asks for a 'verification' transfer.""}, {'id': 'odd_hour', 'label': 'Transaction at an unusual hour', 'detail': 'This transaction is happening between 21:00 and 08:00 local time — scammers often call late at night when the victim is tired or distracted.'}]"
txn_007448,2025-02-07T19:30:23,payer_01183,payee_00643,1000.66,send,19,0.0,0.0,0.0,12,1358.95,0.736,19674,-0.3058,A,1,0.9548,0.4777,1,1093,none,0,-0.0612,-0.7875409769676804,0,5.049336574956297e-06,pass,[]
txn_006911,2025-02-04T12:04:40,payer_01781,payee_04826,421.98,send,12,0.0,0.0,0.0,1,661.52,0.638,6510,-0.4487,A,1,0.9647,0.4212,0,458,none,0,-0.0897,-1.5375569197438783,1,3.807801078206047e-05,pass,"[{'id': 'fast_approval', 'label': 'Approval given suspiciously fast', 'detail': 'The user approved this in under 2 seconds — too fast to read the amount, the payee name, or the direction of the request.'}]"
txn_001904,2025-01-10T12:57:29,payer_00550,payee_00815,2485.92,collect,12,0.0,0.0,0.0,5,1261.12,1.971,30486,0.6783,B,1,0.7823,0.8154,0,1825,none,0,0.1357,0.0781239267203566,0,0.6773112301266523,pass,[]
txn_007116,2025-02-05T12:14:31,payer_00381,payee_04691,562.58,send,12,0.0,1.0,0.0,0,639.57,0.88,33815,-0.1281,A,1,0.8221,0.7677,0,1226,none,0,0.3744,0.2754537195240969,0,2.0742766196653187e-06,pass,[]
txn_009367,2025-02-16T11:40:12,payer_01389,payee_02766,734.19,qr,11,0.0,1.0,0.0,0,862.53,0.851,16314,-0.1609,B,1,0.8306,0.7581,1,757,none,0,0.3678,-0.8550471361258226,0,2.743218014801839e-06,pass,[]
txn_006883,2025-02-04T20:47:13,payer_00722,payee_04491,121.46,send,20,0.0,0.0,0.0,7,143.79,0.845,39873,-0.1675,B,1,0.9428,0.533,1,1953,none,0,-0.0335,1.0880808936462754,0,6.226049583737157e-07,pass,[]
txn_006961,2025-02-04T19:34:12,payer_01267,payee_01073,327.19,collect,19,0.0,1.0,0.0,0,202.26,1.618,22444,0.4791,B,1,0.6077,0.8972,1,1386,none,0,0.4958,0.1401205132045107,0,0.13250181514745735,pass,"[{'id': 'collect_first_time', 'label': 'Collect request from a first-time payee', 'detail': ""This transaction is a UPI collect request (the payee is asking you to pay them, not the other way round) AND you've never paid this account before. Refund scammers use this exact pattern.""}]"
txn_009443,2025-02-17T07:55:45,payer_01359,payee_03496,10.0,send,7,1.0,1.0,0.0,0,252.36,0.04,19851,-3.1369,A,1,0.9957,0.0896,0,1362,none,0,0.1726,0.0299946506550411,0,3.5477967849673586e-07,pass,"[{'id': 'odd_hour', 'label': 'Transaction at an unusual hour', 'detail': 'This transaction is happening between 21:00 and 08:00 local time — scammers often call late at night when the victim is tired or distracted.'}]"
txn_002929,2025-01-15T10:38:17,payer_01927,payee_02038,635.3,qr,10,0.0,1.0,0.0,0,408.03,1.557,14131,0.4419,B,1,0.6235,0.8916,0,1557,none,0,0.4884,-1.0318617850112672,0,2.4418518645749344e-06,pass,[]
txn_009669,2025-02-18T09:14:40,payer_01754,payee_03229,643.36,send,9,0.0,0.0,1.0,9,518.51,1.241,23298,0.2154,A,1,0.8194,0.6094,0,1425,none,0,0.0431,0.2620109013042,0,3.5497498960492675e-06,pass,"[{'id': 'high_risk_merchant', 'label': 'Payee flagged as high-risk merchant', 'detail': 'This payee account has prior complaints or is on a high-risk watchlist.'}]"
txn_002174,2025-01-11T12:48:42,payer_01326,payee_00313,1887.95,qr,12,0.0,0.0,0.0,8,2045.56,0.923,20905,-0.0801,A,1,0.9337,0.5675,1,1315,none,0,-0.016,-0.176050036924092,0,1.100029913951166e-05,pass,[]
txn_007826,2025-02-09T17:10:05,payer_01345,payee_00656,1934.63,collect,17,0.0,0.0,0.0,1,2226.73,0.869,35607,-0.1405,B,1,0.9401,0.5437,1,1709,none,0,-0.0281,1.2328306453205982,0,0.6267290602737886,pass,[]
txn_003997,2025-01-20T05:30:18,payer_00656,payee_01613,1132.72,send,5,1.0,0.0,0.0,11,1170.57,0.968,14463,-0.0328,A,1,0.7425,0.8385,1,1151,none,0,0.3934,0.3002706816157872,0,6.840396688575099e-05,pass,"[{'id': 'odd_hour', 'label': 'Transaction at an unusual hour', 'detail': 'This transaction is happening between 21:00 and 08:00 local time — scammers often call late at night when the victim is tired or distracted.'}]"
txn_005076,2025-01-26T17:31:22,payer_00682,payee_00182,2803.66,send,17,0.0,0.0,0.0,2,1472.75,1.904,5581,0.6435,B,1,0.7928,0.8068,1,2268,none,0,0.1287,-1.4922841101682665,1,0.00029288327519187674,pass,"[{'id': 'fast_approval', 'label': 'Approval given suspiciously fast', 'detail': 'The user approved this in under 2 seconds — too fast to read the amount, the payee name, or the direction of the request.'}]"
txn_000900,2025-01-05T17:38:07,payer_00357,payee_01540,335.29,send,17,0.0,1.0,0.0,0,705.61,0.475,30797,-0.7425,A,1,0.9332,0.5528,0,658,none,0,0.2515,0.2072054629535183,0,1.1769427073334804e-06,pass,[]
txn_008305,2025-02-11T14:35:44,payer_01654,payee_04334,825.12,send,14,0.0,1.0,0.0,0,341.19,2.418,3767,0.8814,B,1,0.4289,0.9432,1,615,none,0,0.5763,-1.1621726539928208,0,3.3637807768113572e-06,pass,[]
txn_006874,2025-02-04T16:04:30,payer_01216,payee_03775,318.51,send,16,0.0,1.0,0.0,0,704.78,0.452,19826,-0.7925,B,0,0.9386,0.5329,1,26581,timeout,0,0.2415,-0.4988015207309716,0,1.1136306364308676e-06,pass,[]
txn_010640,2025-02-23T16:32:41,payer_00012,payee_01765,1703.96,send,16,0.0,0.0,0.0,2,996.49,1.71,4995,0.5361,A,1,0.8228,0.7786,1,338,none,0,0.1072,-1.2085395439142366,1,0.000171352160889251,pass,"[{'id': 'fast_approval', 'label': 'Approval given suspiciously fast', 'detail': 'The user approved this in under 2 seconds — too fast to read the amount, the payee name, or the direction of the request.'}]"
txn_009188,2025-02-15T17:14:07,payer_00728,payee_04060,1034.57,qr,17,0.0,0.0,0.0,4,619.69,1.669,18844,0.5119,A,1,0.829,0.7719,0,1984,none,0,0.1024,-1.0160823878571206,0,6.6814105796854305e-06,pass,[]
txn_009453,2025-02-17T15:15:13,payer_00615,payee_01249,1349.53,send,15,0.0,0.0,0.0,7,1094.6,1.233,10486,0.2092,A,1,0.8932,0.6758,1,455,none,0,0.0418,-0.785768669446056,0,8.034846348492474e-06,pass,[]
txn_003470,2025-01-18T14:09:38,payer_00791,payee_01238,1194.02,send,14,0.0,1.0,1.0,0,1499.71,0.796,37813,-0.2278,A,1,0.7521,0.676,1,1262,none,0,0.3544,1.0580282543950987,0,4.636820111295847e-06,pass,"[{'id': 'high_risk_merchant', 'label': 'Payee flagged as high-risk merchant', 'detail': 'This payee account has prior complaints or is on a high-risk watchlist.'}]"
txn_004879,2025-01-25T13:26:10,payer_01448,payee_04642,469.36,qr,13,0.0,0.0,0.0,11,522.4,0.898,26053,-0.1069,A,1,0.9366,0.557,1,2228,none,0,-0.0214,0.3175994162443549,0,2.3468757001459233e-06,pass,[]
txn_001006,2025-01-06T10:48:36,payer_00486,payee_01453,453.1,send,10,0.0,1.0,0.0,0,422.01,1.074,42061,0.0709,B,1,0.7636,0.8196,1,1505,none,0,0.4142,1.105813130160821,0,1.6673938047981838e-06,pass,[]
txn_007054,2025-02-05T17:43:16,payer_00084,payee_03366,759.44,send,17,0.0,1.0,0.0,0,568.6,1.336,11482,0.289,B,0,0.6857,0.8656,0,13756,timeout,0,0.4578,-1.2866986336517967,1,4.192580294594224e-05,pass,"[{'id': 'fast_approval', 'label': 'Approval given suspiciously fast', 'detail': 'The user approved this in under 2 seconds — too fast to read the amount, the payee name, or the direction of the request.'}]"
txn_005805,2025-01-30T18:45:53,payer_00842,payee_03012,1177.7,send,18,0.0,0.0,0.0,11,1128.65,1.043,31799,0.0425,A,1,0.9186,0.6149,1,931,none,0,0.0085,0.5911568479463283,0,6.244619911164061e-06,pass,[]
txn_004498,2025-01-23T12:38:08,payer_01355,payee_00132,1549.46,send,12,0.0,1.0,0.0,0,1484.74,1.044,12213,0.0426,B,1,0.7726,0.8128,0,1210,none,0,0.4085,-0.6323540845079475,0,6.097558554593146e-06,pass,[]
txn_003883,2025-01-20T17:49:58,payer_00093,payee_00959,249.65,send,17,0.0,0.0,0.0,9,626.07,0.399,3304,-0.917,B,0,0.9845,0.2559,1,17158,declined,0,-0.1834,-1.0553589207108636,0,1.2351565179667758e-06,pass,[]
txn_000092,2025-01-01T15:38:05,payer_00309,payee_02685,248.15,qr,15,0.0,1.0,0.0,0,200.72,1.236,43213,0.2112,B,1,0.715,0.8504,1,999,none,0,0.4422,1.1999320605782622,0,8.91393713097698e-07,pass,[]
txn_005523,2025-01-28T18:33:05,payer_00825,payee_01297,660.35,send,18,0.0,0.0,1.0,10,506.81,1.303,41539,0.2642,A,1,0.806,0.6278,1,862,none,0,0.0528,1.0431421885663357,0,3.571461674367415e-06,pass,"[{'id': 'high_risk_merchant', 'label': 'Payee flagged as high-risk merchant', 'detail': 'This payee account has prior complaints or is on a high-risk watchlist.'}]"
txn_010993,2025-02-24T15:33:35,payer_00749,payee_02248,393.17,send,15,0.0,0.0,0.0,7,229.56,1.713,15787,0.5363,B,1,0.8227,0.7787,1,351,none,0,0.1073,-0.4423882766221914,0,2.2403811622109856e-06,pass,[]
txn_002157,2025-01-11T22:12:30,payer_00123,payee_02319,1761.79,qr,22,1.0,1.0,0.0,0,738.41,2.386,8403,0.8688,A,0,0.1463,0.9835,1,11391,declined,0,0.9738,-1.4659678943828685,1,0.001231923058946917,pass,"[{'id': 'fast_approval', 'label': 'Approval given suspiciously fast', 'detail': 'The user approved this in under 2 seconds — too fast to read the amount, the payee name, or the direction of the request.'}, {'id': 'odd_hour', 'label': 'Transaction at an unusual hour', 'detail': 'This transaction is happening between 21:00 and 08:00 local time — scammers often call late at night when the victim is tired or distracted.'}]"
txn_006232,2025-02-01T20:33:43,payer_01827,payee_02610,226.55,qr,20,0.0,0.0,0.0,9,241.34,0.939,29396,-0.063,A,1,0.9317,0.5743,1,2102,none,0,-0.0126,0.5770420965809557,0,1.1465754063571172e-06,pass,[]
txn_008249,2025-02-11T20:29:31,payer_00529,payee_02645,998.71,send,20,0.0,0.0,0.0,4,749.52,1.332,5438,0.2867,A,1,0.8791,0.7024,1,1480,none,0,0.0573,-0.6825727961798622,0,6.326370626373059e-06,pass,[]
txn_009434,2025-02-17T15:51:05,payer_00946,payee_03697,163.33,send,15,0.0,0.0,0.0,5,956.81,0.171,17465,-1.7628,A,1,0.9966,0.0816,0,1823,none,0,-0.3526,0.9987609765175286,0,8.620672806101596e-07,pass,[]
txn_006075,2025-01-31T13:34:09,payer_00840,payee_00830,2506.5,send,13,0.0,0.0,0.0,7,1036.35,2.419,38022,0.8826,B,1,0.7133,0.8596,0,1807,none,0,0.1765,1.2316988878481818,0,1.6427926992417157e-05,pass,[]
txn_001418,2025-01-08T17:18:54,payer_00237,payee_03712,220.81,send,17,0.0,1.0,1.0,0,503.83,0.438,12794,-0.8224,A,1,0.8985,0.4462,1,960,none,0,0.2355,-0.2053947412565138,0,7.67400557439468e-07,pass,"[{'id': 'high_risk_merchant', 'label': 'Payee flagged as high-risk merchant', 'detail': 'This payee account has prior complaints or is on a high-risk watchlist.'}]"
txn_003233,2025-01-17T12:48:11,payer_01844,payee_00294,888.57,send,12,0.0,1.0,0.0,0,1150.96,0.772,20757,-0.2585,B,1,0.8539,0.7284,1,600,none,0,0.3483,-0.9999999997867576,0,3.341995929497236e-06,pass,[]
txn_010672,2025-02-23T14:10:17,payer_01930,payee_03793,31.91,send,14,0.0,1.0,0.0,0,451.35,0.071,9670,-2.6206,A,1,0.9976,0.0577,0,858,none,0,-0.1241,-0.3304580194308229,0,9.877499250566835e-08,pass,[]
txn_003006,2025-01-16T01:09:12,payer_00031,payee_02164,6988.21,collect,1,1.0,1.0,0.0,0,1568.66,4.455,3434,1.4935,B,1,0.0527,0.9939,0,1209,none,1,1.0,-1.022746001736258,0,0.995076956672961,hard_block,"[{'id': 'collect_first_time', 'label': 'Collect request from a first-time payee', 'detail': ""This transaction is a UPI collect request (the payee is asking you to pay them, not the other way round) AND you've never paid this account before. Refund scammers use this exact pattern.""}, {'id': 'amount_spike', 'label': 'Amount is unusually high for this payer', 'detail': ""This transaction is more than 3x this payer's typical amount. Common in refund scams where the scammer asks for a 'verification' transfer.""}, {'id': 'odd_hour', 'label': 'Transaction at an unusual hour', 'detail': 'This transaction is happening between 21:00 and 08:00 local time — scammers often call late at night when the victim is tired or distracted.'}, {'id': 'high_amount_first_time', 'label': 'High amount + first-time payee combination', 'detail': 'First-time payee + unusually high amount + (collect or QR direction) is the strongest single signal in our historical scam data.'}]"
txn_007213,2025-02-06T15:34:41,payer_00559,payee_02493,838.63,send,15,0.0,1.0,0.0,0,840.16,0.998,14137,-0.0018,A,0,0.7864,0.8017,1,14526,declined,0,0.3996,-1.4604252533138884,1,4.575155611196105e-05,pass,"[{'id': 'fast_approval', 'label': 'Approval given suspiciously fast', 'detail': 'The user approved this in under 2 seconds — too fast to read the amount, the payee name, or the direction of the request.'}]"
txn_001655,2025-01-09T12:58:38,payer_00618,payee_00978,985.29,qr,12,0.0,1.0,0.0,0,1102.54,0.894,41556,-0.1123,B,1,0.8179,0.7721,1,1756,none,0,0.3775,1.6000682596254712,0,3.7507614084725113e-06,pass,[]
txn_007932,2025-02-09T21:29:51,payer_01354,payee_02905,1103.24,send,21,1.0,0.0,0.0,3,1294.66,0.852,23877,-0.1599,B,1,0.7838,0.8091,1,2170,none,0,0.368,-0.1022510326052151,0,8.051537335525478e-05,pass,"[{'id': 'odd_hour', 'label': 'Transaction at an unusual hour', 'detail': 'This transaction is happening between 21:00 and 08:00 local time — scammers often call late at night when the victim is tired or distracted.'}]"
txn_009612,2025-02-18T02:17:34,payer_00817,payee_03499,1716.01,collect,2,1.0,0.0,1.0,2,1252.74,1.37,3781,0.3145,A,0,0.4586,0.8702,1,8608,timeout,1,0.4629,-1.3259756033967676,1,0.995977332981839,hard_block,"[{'id': 'fast_approval', 'label': 'Approval given suspiciously fast', 'detail': 'The user approved this in under 2 seconds — too fast to read the amount, the payee name, or the direction of the request.'}, {'id': 'odd_hour', 'label': 'Transaction at an unusual hour', 'detail': 'This transaction is happening between 21:00 and 08:00 local time — scammers often call late at night when the victim is tired or distracted.'}, {'id': 'high_risk_merchant', 'label': 'Payee flagged as high-risk merchant', 'detail': 'This payee account has prior complaints or is on a high-risk watchlist.'}]"
txn_010536,2025-02-22T17:42:32,payer_00441,payee_00496,1474.56,send,17,0.0,1.0,0.0,0,1246.93,1.183,16859,0.1676,B,0,0.7307,0.8413,0,9627,network_error,0,0.4335,-0.6724315935216629,0,5.828148912268243e-06,pass,[]
txn_006964,2025-02-04T15:27:41,payer_01941,payee_02795,414.65,send,15,0.0,1.0,0.0,0,373.46,1.11,8712,0.1044,B,1,0.7525,0.8274,0,599,none,0,0.4209,-1.2930395861256978,1,2.188300271919998e-05,pass,"[{'id': 'fast_approval', 'label': 'Approval given suspiciously fast', 'detail': 'The user approved this in under 2 seconds — too fast to read the amount, the payee name, or the direction of the request.'}]"
txn_002928,2025-01-15T07:52:27,payer_01969,payee_01662,1190.21,qr,7,1.0,0.0,0.0,8,1247.0,0.954,38361,-0.0466,A,1,0.7472,0.8355,1,1192,none,0,0.3907,1.2973578445673943,0,7.754151792521097e-05,pass,"[{'id': 'odd_hour', 'label': 'Transaction at an unusual hour', 'detail': 'This transaction is happening between 21:00 and 08:00 local time — scammers often call late at night when the victim is tired or distracted.'}]"
txn_001501,2025-01-08T11:20:14,payer_00438,payee_03980,605.28,collect,11,0.0,1.0,0.0,0,854.84,0.708,17727,-0.3447,A,1,0.8722,0.7002,1,1259,none,0,0.3311,-0.4902701431792111,0,0.21805627025745136,pass,"[{'id': 'collect_first_time', 'label': 'Collect request from a first-time payee', 'detail': ""This transaction is a UPI collect request (the payee is asking you to pay them, not the other way round) AND you've never paid this account before. Refund scammers use this exact pattern.""}]"
txn_007303,2025-02-06T19:12:42,payer_01042,payee_02794,282.23,qr,19,0.0,0.0,0.0,1,440.2,0.641,5408,-0.4432,A,1,0.9644,0.4233,0,1953,none,0,-0.0886,-0.8031543806970771,0,1.732721055312935e-06,pass,[]
txn_007840,2025-02-09T15:10:53,payer_01486,payee_01674,497.72,collect,15,0.0,0.0,0.0,1,1001.09,0.497,23959,-0.6978,A,1,0.9772,0.3282,0,403,none,0,-0.1396,0.5653891482316583,0,0.28199403399348455,pass,[]
txn_007720,2025-02-08T23:58:38,payer_00520,payee_04114,343.99,send,23,1.0,0.0,0.0,6,238.39,1.443,31801,0.3654,B,1,0.5847,0.9076,0,560,none,0,0.4731,0.6691559790058363,0,2.2538291549739588e-05,pass,"[{'id': 'odd_hour', 'label': 'Transaction at an unusual hour', 'detail': 'This transaction is happening between 21:00 and 08:00 local time — scammers often call late at night when the victim is tired or distracted.'}]"
txn_009647,2025-02-18T11:47:13,payer_00695,payee_02892,586.62,collect,11,0.0,0.0,0.0,3,317.16,1.85,42343,0.6135,A,1,0.8015,0.7993,1,1974,none,0,0.1227,1.305724270369861,0,0.32283997226833716,pass,[]
txn_001427,2025-01-08T15:52:26,payer_01234,payee_03305,1348.38,send,15,0.0,1.0,0.0,0,711.91,1.894,14633,0.638,B,1,0.5378,0.9184,0,1277,none,0,0.5276,-0.5480482951019613,0,5.5002615628198625e-06,pass,[]
txn_006596,2025-02-02T13:18:45,payer_01299,payee_01507,3876.32,collect,13,0.0,0.0,1.0,10,3484.47,1.112,3899,0.1065,B,0,0.8466,0.5672,1,15371,declined,1,0.0213,-1.1256331620022115,0,0.7422796743055148,pass,"[{'id': 'high_risk_merchant', 'label': 'Payee flagged as high-risk merchant', 'detail': 'This payee account has prior complaints or is on a high-risk watchlist.'}]"
txn_007740,2025-02-08T14:18:32,payer_01942,payee_01549,103.42,send,14,0.0,1.0,0.0,0,311.06,0.332,32358,-1.0948,B,1,0.9634,0.413,1,553,none,0,0.181,0.4050162277181658,0,3.3931101483094807e-07,pass,[]
txn_008510,2025-02-12T19:54:15,payer_01587,payee_00215,474.31,qr,19,0.0,1.0,0.0,0,631.69,0.751,40673,-0.286,A,1,0.8599,0.7196,1,1780,none,0,0.3428,1.0944075506073987,0,1.7209815721137377e-06,pass,[]
txn_007584,2025-02-07T08:23:45,payer_01771,payee_02520,686.58,collect,8,0.0,0.0,0.0,5,435.47,1.577,24754,0.4545,A,1,0.8432,0.7553,0,1227,none,0,0.0909,1.3295356983814317,0,0.345712420204798,pass,[]
txn_002777,2025-01-14T07:30:33,payer_00116,payee_00124,2021.77,qr,7,1.0,1.0,0.0,0,677.08,2.986,30031,1.093,B,1,0.1027,0.9884,0,2007,none,0,1.0,0.8734985041732044,0,0.00010227167413574743,pass,"[{'id': 'odd_hour', 'label': 'Transaction at an unusual hour', 'detail': 'This transaction is happening between 21:00 and 08:00 local time — scammers often call late at night when the victim is tired or distracted.'}]"
txn_010841,2025-02-24T15:36:08,payer_00345,payee_04206,651.93,qr,15,0.0,1.0,0.0,0,414.96,1.571,33961,0.4509,A,0,0.6197,0.893,1,15809,network_error,0,0.4902,1.1245183990834384,0,2.511177158039588e-06,pass,[]
txn_009308,2025-02-16T00:06:03,payer_00359,payee_01720,599.21,collect,0,1.0,1.0,0.0,0,354.76,1.689,29666,0.523,A,0,0.2421,0.9717,1,10204,timeout,0,0.9046,0.5151424321708289,0,0.7688080468793387,pass,"[{'id': 'collect_first_time', 'label': 'Collect request from a first-time payee', 'detail': ""This transaction is a UPI collect request (the payee is asking you to pay them, not the other way round) AND you've never paid this account before. Refund scammers use this exact pattern.""}, {'id': 'odd_hour', 'label': 'Transaction at an unusual hour', 'detail': 'This transaction is happening between 21:00 and 08:00 local time — scammers often call late at night when the victim is tired or distracted.'}]"
txn_010068,2025-02-20T19:02:36,payer_00639,payee_03054,909.34,send,19,0.0,1.0,0.0,0,1517.51,0.599,32099,-0.5117,A,1,0.9021,0.6414,0,650,none,0,0.2977,1.0976695591864158,0,3.3941806304697423e-06,pass,[]
txn_007510,2025-02-07T15:45:46,payer_01254,payee_00978,2151.51,send,15,0.0,1.0,0.0,0,1343.15,1.602,11755,0.4709,A,1,0.6112,0.896,1,1800,none,0,0.4942,-0.7839930589704626,0,8.876809988664341e-06,pass,[]
txn_000408,2025-01-03T10:18:54,payer_00563,payee_03208,278.79,send,10,0.0,1.0,0.0,0,214.72,1.298,27585,0.2601,B,1,0.6968,0.8601,0,542,none,0,0.452,0.691042134487644,0,1.0108943405280238e-06,pass,[]
txn_001470,2025-01-08T00:25:58,payer_00695,payee_00397,7405.52,send,0,1.0,1.0,0.0,0,317.16,23.35,5648,3.1476,B,1,0.0028,0.9996,0,667,none,0,1.0,-1.4156006855402214,1,0.06113544010793371,pass,"[{'id': 'amount_spike', 'label': 'Amount is unusually high for this payer', 'detail': ""This transaction is more than 3x this payer's typical amount. Common in refund scams where the scammer asks for a 'verification' transfer.""}, {'id': 'fast_approval', 'label': 'Approval given suspiciously fast', 'detail': 'The user approved this in under 2 seconds — too fast to read the amount, the payee name, or the direction of the request.'}, {'id': 'odd_hour', 'label': 'Transaction at an unusual hour', 'detail': 'This transaction is happening between 21:00 and 08:00 local time — scammers often call late at night when the victim is tired or distracted.'}]"
txn_007347,2025-02-06T15:59:55,payer_00111,payee_01802,476.37,send,15,0.0,0.0,0.0,1,845.43,0.563,44567,-0.5727,A,1,0.9716,0.3737,0,662,none,0,-0.1145,1.706140621241213,0,2.996803526771426e-06,pass,[]
txn_010031,2025-02-20T23:53:03,payer_01509,payee_00287,4211.1,qr,23,1.0,1.0,0.0,0,400.99,10.502,11601,2.3493,A,0,0.0118,0.9984,1,29198,declined,0,1.0,-1.3819125610833258,1,0.018171451387817412,pass,"[{'id': 'amount_spike', 'label': 'Amount is unusually high for this payer', 'detail': ""This transaction is more than 3x this payer's typical amount. Common in refund scams where the scammer asks for a 'verification' transfer.""}, {'id': 'fast_approval', 'label': 'Approval given suspiciously fast', 'detail': 'The user approved this in under 2 seconds — too fast to read the amount, the payee name, or the direction of the request.'}, {'id': 'odd_hour', 'label': 'Transaction at an unusual hour', 'detail': 'This transaction is happening between 21:00 and 08:00 local time — scammers often call late at night when the victim is tired or distracted.'}]"
txn_010809,2025-02-24T20:27:28,payer_01670,payee_04726,1636.8,send,20,0.0,0.0,0.0,4,861.12,1.901,10550,0.6417,A,0,0.7933,0.8064,1,19766,timeout,0,0.1283,-0.4358751741991439,0,1.0977727707036841e-05,pass,[]
txn_001740,2025-01-09T17:13:40,payer_00156,payee_01952,235.53,send,17,0.0,1.0,0.0,0,191.52,1.23,35846,0.2059,B,1,0.717,0.8493,1,1945,none,0,0.4412,0.7964313091360964,0,8.434717575875262e-07,pass,[]
txn_005121,2025-01-26T12:28:32,payer_00234,payee_02895,463.43,send,12,0.0,1.0,0.0,0,913.47,0.507,16601,-0.6775,A,1,0.9255,0.5783,1,1870,none,0,0.2645,0.2980330218025562,0,1.6584037273078458e-06,pass,[]
txn_004083,2025-01-21T13:41:53,payer_01211,payee_00478,224.73,send,13,0.0,1.0,0.0,0,634.78,0.354,39115,-1.0355,A,1,0.9595,0.4361,0,1943,none,0,0.1929,0.635507461289642,0,7.674162403115831e-07,pass,[]
txn_006734,2025-02-03T17:27:34,payer_01712,payee_01996,549.37,send,17,0.0,0.0,0.0,7,553.53,0.992,4658,-0.0075,A,1,0.9251,0.5958,0,1067,none,0,-0.0015,-1.0846736607576914,0,3.0722811091765164e-06,pass,[]
txn_007553,2025-02-07T07:26:16,payer_00806,payee_04658,47.43,collect,7,1.0,0.0,0.0,9,470.01,0.101,9641,-2.2747,A,1,0.9939,0.1257,1,2230,none,0,-0.0549,-0.4770191758739596,0,0.23536335327732524,pass,"[{'id': 'odd_hour', 'label': 'Transaction at an unusual hour', 'detail': 'This transaction is happening between 21:00 and 08:00 local time — scammers often call late at night when the victim is tired or distracted.'}]"
txn_008248,2025-02-11T10:56:21,payer_00080,payee_03039,404.44,qr,10,0.0,0.0,0.0,8,1123.01,0.36,6632,-1.0197,A,1,0.9871,0.2259,0,2403,none,0,-0.2039,-0.907816602341228,0,2.10054765576578e-06,pass,[]
txn_006620,2025-02-03T12:40:17,payer_00293,payee_03615,239.91,send,12,0.0,1.0,0.0,0,310.77,0.772,16056,-0.2579,B,1,0.8537,0.7286,1,1129,none,0,0.3484,-1.8961464130221983,1,1.208214108427521e-05,pass,"[{'id': 'fast_approval', 'label': 'Approval given suspiciously fast', 'detail': 'The user approved this in under 2 seconds — too fast to read the amount, the payee name, or the direction of the request.'}]"
txn_003035,2025-01-16T13:55:23,payer_00919,payee_04828,1340.07,send,13,0.0,1.0,0.0,0,581.01,2.306,14982,0.8347,A,1,0.4495,0.9391,1,1040,none,0,0.5669,-1.207998189773847,1,8.028184518453916e-05,pass,"[{'id': 'fast_approval', 'label': 'Approval given suspiciously fast', 'detail': 'The user approved this in under 2 seconds — too fast to read the amount, the payee name, or the direction of the request.'}]"
txn_010815,2025-02-24T00:09:21,payer_00002,payee_04587,4837.8,send,0,1.0,1.0,0.0,0,682.84,7.085,6630,1.9567,B,1,0.0236,0.9971,0,521,none,0,1.0,-0.8046134602875862,0,0.0012480028382130903,pass,"[{'id': 'amount_spike', 'label': 'Amount is unusually high for this payer', 'detail': ""This transaction is more than 3x this payer's typical amount. Common in refund scams where the scammer asks for a 'verification' transfer.""}, {'id': 'odd_hour', 'label': 'Transaction at an unusual hour', 'detail': 'This transaction is happening between 21:00 and 08:00 local time — scammers often call late at night when the victim is tired or distracted.'}]"
txn_003973,2025-01-20T21:33:09,payer_00848,payee_03348,1020.8,send,21,1.0,1.0,0.0,0,1164.51,0.877,33593,-0.1316,B,1,0.5092,0.9234,0,2399,none,0,0.7737,0.5656458092990923,0,4.457619958902463e-05,pass,"[{'id': 'odd_hour', 'label': 'Transaction at an unusual hour', 'detail': 'This transaction is happening between 21:00 and 08:00 local time — scammers often call late at night when the victim is tired or distracted.'}]"
txn_001602,2025-01-09T13:56:20,payer_01132,payee_03386,427.72,send,13,0.0,1.0,0.0,0,444.54,0.962,30959,-0.0385,B,1,0.7973,0.7922,1,1755,none,0,0.3923,-0.2795647299516762,0,1.5600163872012975e-06,pass,[]
txn_010116,2025-02-20T15:21:34,payer_00481,payee_04859,314.51,send,15,0.0,1.0,0.0,0,1371.0,0.229,14721,-1.4698,A,1,0.981,0.2785,1,1871,none,0,0.106,-0.212088636175698,0,1.0863557837664093e-06,pass,[]
txn_003692,2025-01-19T12:47:03,payer_01797,payee_00941,10.0,send,12,0.0,1.0,1.0,0,216.06,0.046,6698,-2.9823,B,0,0.9977,0.0248,1,15074,declined,0,-0.1965,-0.8854686429759965,0,3.141284242516701e-08,pass,"[{'id': 'high_risk_merchant', 'label': 'Payee flagged as high-risk merchant', 'detail': 'This payee account has prior complaints or is on a high-risk watchlist.'}]"
txn_007496,2025-02-07T15:06:17,payer_01597,payee_04681,116.27,send,15,0.0,0.0,0.0,9,157.5,0.738,10076,-0.3013,A,1,0.9545,0.4795,0,656,none,0,-0.0603,-0.9940676208267468,0,5.630738330196314e-07,pass,[]
txn_002464,2025-01-13T11:02:59,payer_00850,payee_00479,352.3,send,11,0.0,1.0,0.0,0,429.98,0.819,10819,-0.1987,A,1,0.8399,0.7469,1,2442,none,0,0.3603,-1.0288386173870896,0,1.2621173663247735e-06,pass,[]
txn_011436,2025-02-27T10:47:40,payer_01388,payee_03979,618.67,send,10,0.0,0.0,0.0,6,1119.23,0.553,5039,-0.5921,A,1,0.9725,0.3665,1,998,none,0,-0.1184,-1.496431462402229,1,5.019442407349218e-05,pass,"[{'id': 'fast_approval', 'label': 'Approval given suspiciously fast', 'detail': 'The user approved this in under 2 seconds — too fast to read the amount, the payee name, or the direction of the request.'}]"
txn_002417,2025-01-13T17:32:04,payer_01179,payee_02685,604.57,qr,17,0.0,0.0,0.0,12,951.85,0.635,7465,-0.4533,A,1,0.965,0.4194,1,733,none,0,-0.0907,-0.960250630395601,0,2.95073272547119e-06,pass,[]
txn_004215,2025-01-22T13:31:28,payer_01813,payee_03326,327.73,send,13,0.0,0.0,0.0,12,416.64,0.787,5932,-0.2394,A,1,0.9494,0.5043,1,2182,none,0,-0.0479,-1.2119748014858809,1,2.2424471077040183e-05,pass,"[{'id': 'fast_approval', 'label': 'Approval given suspiciously fast', 'detail': 'The user approved this in under 2 seconds — too fast to read the amount, the payee name, or the direction of the request.'}]"
txn_003413,2025-01-18T21:35:01,payer_00802,payee_01255,222.38,qr,21,1.0,0.0,0.0,6,198.36,1.121,21654,0.1138,B,0,0.6889,0.8678,1,10589,declined,0,0.4228,-0.4264710841356798,0,1.400153375855588e-05,pass,"[{'id': 'odd_hour', 'label': 'Transaction at an unusual hour', 'detail': 'This transaction is happening between 21:00 and 08:00 local time — scammers often call late at night when the victim is tired or distracted.'}]"
txn_009384,2025-02-16T08:42:58,payer_01672,payee_04340,686.57,qr,8,0.0,1.0,0.0,0,878.6,0.781,11093,-0.2463,A,1,0.8511,0.7322,0,2497,none,0,0.3507,-0.4899334163407158,0,2.5465411576664165e-06,pass,[]
txn_011060,2025-02-25T09:40:28,payer_00781,payee_00930,142.36,qr,9,0.0,0.0,0.0,6,336.91,0.423,34514,-0.8574,B,0,0.9828,0.2745,1,20434,timeout,0,-0.1715,1.5204985292127204,0,7.375823407051388e-07,pass,[]
txn_008548,2025-02-12T13:49:19,payer_00676,payee_02388,877.76,send,13,0.0,0.0,0.0,2,691.61,1.269,18712,0.2381,A,1,0.8881,0.6859,1,1339,none,0,0.0476,-0.2768791619071566,0,5.7798283144690395e-06,pass,[]
txn_008337,2025-02-11T05:17:12,payer_00223,payee_03201,459.35,collect,5,1.0,1.0,0.0,0,554.57,0.828,7573,-0.188,B,1,0.5346,0.9168,1,1141,none,0,0.7624,-0.7611067490977841,0,0.7061626547087464,pass,"[{'id': 'collect_first_time', 'label': 'Collect request from a first-time payee', 'detail': ""This transaction is a UPI collect request (the payee is asking you to pay them, not the other way round) AND you've never paid this account before. Refund scammers use this exact pattern.""}, {'id': 'odd_hour', 'label': 'Transaction at an unusual hour', 'detail': 'This transaction is happening between 21:00 and 08:00 local time — scammers often call late at night when the victim is tired or distracted.'}]"
txn_006571,2025-02-02T13:18:08,payer_00771,payee_01045,594.4,qr,13,0.0,1.0,1.0,0,535.08,1.111,15943,0.105,B,0,0.6251,0.7804,1,26720,timeout,0,0.421,-0.3897124344822153,0,2.256334216491611e-06,pass,"[{'id': 'high_risk_merchant', 'label': 'Payee flagged as high-risk merchant', 'detail': 'This payee account has prior complaints or is on a high-risk watchlist.'}]"
txn_003379,2025-01-17T15:13:04,payer_01110,payee_01311,1295.24,send,15,0.0,1.0,0.0,0,1520.04,0.852,16519,-0.1599,B,1,0.8303,0.7584,1,1348,none,0,0.368,-0.7516168296200432,0,4.996248144157282e-06,pass,[]
txn_005771,2025-01-29T09:10:36,payer_00351,payee_03561,3935.85,send,9,0.0,1.0,0.0,0,3247.85,1.212,14407,0.1921,B,1,0.722,0.8465,0,1858,none,0,0.4384,-0.2630248217116554,0,1.647120247366696e-05,pass,[]
txn_009906,2025-02-19T00:16:11,payer_01763,payee_00621,4596.35,collect,0,1.0,1.0,0.0,0,279.02,16.473,5074,2.7984,B,1,0.0053,0.9992,0,1844,none,1,1.0,-1.2850651691899908,1,0.9997115831908296,hard_block,"[{'id': 'collect_first_time', 'label': 'Collect request from a first-time payee', 'detail': ""This transaction is a UPI collect request (the payee is asking you to pay them, not the other way round) AND you've never paid this account before. Refund scammers use this exact pattern.""}, {'id': 'amount_spike', 'label': 'Amount is unusually high for this payer', 'detail': ""This transaction is more than 3x this payer's typical amount. Common in refund scams where the scammer asks for a 'verification' transfer.""}, {'id': 'fast_approval', 'label': 'Approval given suspiciously fast', 'detail': 'The user approved this in under 2 seconds — too fast to read the amount, the payee name, or the direction of the request.'}, {'id': 'odd_hour', 'label': 'Transaction at an unusual hour', 'detail': 'This transaction is happening between 21:00 and 08:00 local time — scammers often call late at night when the victim is tired or distracted.'}, {'id': 'high_amount_first_time', 'label': 'High amount + first-time payee combination', 'detail': 'First-time payee + unusually high amount + (collect or QR direction) is the strongest single signal in our historical scam data.'}]"
txn_003954,2025-01-20T14:44:26,payer_01380,payee_04770,764.84,send,14,0.0,0.0,0.0,9,399.5,1.915,40118,0.6483,B,1,0.7914,0.808,1,1006,none,0,0.1297,1.1773861748704446,0,4.349152692306609e-06,pass,[]
txn_002751,2025-01-14T19:49:12,payer_00061,payee_01364,140.13,send,19,0.0,1.0,0.0,0,144.73,0.968,33427,-0.0321,A,0,0.7954,0.7939,1,28976,declined,0,0.3936,0.9999999998297436,0,4.820909132344017e-07,pass,[]
txn_001432,2025-01-08T12:15:24,payer_00600,payee_02146,297.74,send,12,0.0,0.0,0.0,6,677.74,0.439,19549,-0.8207,B,0,0.9816,0.2864,1,24194,timeout,0,-0.1641,0.075159017789791,0,1.6041979197174998e-06,pass,[]
txn_003105,2025-01-16T11:23:13,payer_01481,payee_01127,200.24,send,11,0.0,1.0,0.0,0,424.8,0.471,24443,-0.7495,B,0,0.934,0.55,0,26835,timeout,0,0.2501,-0.1732336458727257,0,6.837871326633383e-07,pass,[]
txn_007467,2025-02-07T09:41:13,payer_01120,payee_01423,2011.35,collect,9,0.0,1.0,0.0,0,1365.32,1.473,20523,0.3872,A,1,0.6464,0.8828,1,1119,none,0,0.4774,-0.9005224879550013,0,0.5076578383080741,pass,"[{'id': 'collect_first_time', 'label': 'Collect request from a first-time payee', 'detail': ""This transaction is a UPI collect request (the payee is asking you to pay them, not the other way round) AND you've never paid this account before. Refund scammers use this exact pattern.""}]"
txn_010782,2025-02-23T09:29:40,payer_00219,payee_01240,9755.07,collect,9,0.0,0.0,0.0,4,1068.39,9.131,15039,2.2108,A,0,0.1855,0.9809,1,21121,network_error,1,0.2,0.0418454723311831,0,0.9295347245937959,hard_block,"[{'id': 'amount_spike', 'label': 'Amount is unusually high for this payer', 'detail': ""This transaction is more than 3x this payer's typical amount. Common in refund scams where the scammer asks for a 'verification' transfer.""}]"
txn_001068,2025-01-06T06:14:01,payer_01372,payee_03589,394.09,send,6,1.0,1.0,0.0,0,327.37,1.204,17339,0.185,B,1,0.3698,0.9524,0,1460,none,0,0.837,-0.0906860786638751,0,1.660233239677457e-05,pass,"[{'id': 'odd_hour', 'label': 'Transaction at an unusual hour', 'detail': 'This transaction is happening between 21:00 and 08:00 local time — scammers often call late at night when the victim is tired or distracted.'}]"
txn_004317,2025-01-22T15:06:13,payer_01572,payee_00392,599.91,collect,15,0.0,1.0,0.0,0,503.79,1.191,29695,0.1743,B,1,0.7283,0.8428,1,2353,none,0,0.4349,-0.4089772020295903,0,0.22070317344533774,pass,"[{'id': 'collect_first_time', 'label': 'Collect request from a first-time payee', 'detail': ""This transaction is a UPI collect request (the payee is asking you to pay them, not the other way round) AND you've never paid this account before. Refund scammers use this exact pattern.""}]"
txn_003955,2025-01-20T10:32:12,payer_00415,payee_03433,1702.3,send,10,0.0,1.0,0.0,0,1311.77,1.298,26687,0.2604,B,1,0.6966,0.8602,0,1441,none,0,0.4521,-0.2234955858098412,0,6.823355017458185e-06,pass,[]
txn_001844,2025-01-10T22:19:54,payer_01905,payee_03437,67.48,collect,22,1.0,1.0,0.0,0,170.25,0.396,35133,-0.9165,B,1,0.81,0.7744,0,2026,none,0,0.6167,1.3603896666010775,0,0.2387093882841517,pass,"[{'id': 'collect_first_time', 'label': 'Collect request from a first-time payee', 'detail': ""This transaction is a UPI collect request (the payee is asking you to pay them, not the other way round) AND you've never paid this account before. Refund scammers use this exact pattern.""}, {'id': 'odd_hour', 'label': 'Transaction at an unusual hour', 'detail': 'This transaction is happening between 21:00 and 08:00 local time — scammers often call late at night when the victim is tired or distracted.'}]"
txn_011595,2025-02-27T12:38:18,payer_00936,payee_04498,39.96,qr,12,0.0,0.0,0.0,3,321.63,0.124,20804,-2.0639,A,1,0.998,0.052,0,1185,none,0,-0.4128,-0.5081261262522838,0,2.079802306886761e-07,pass,[]
txn_005025,2025-01-26T14:01:33,payer_00093,payee_00959,524.96,send,14,0.0,0.0,0.0,10,626.07,0.838,40341,-0.1758,B,0,0.9436,0.5296,1,12030,timeout,0,-0.0352,1.7527732944121015,0,2.698552193881986e-06,pass,[]
txn_009000,2025-02-15T18:04:18,payer_01818,payee_04075,328.94,qr,18,0.0,1.0,0.0,0,329.38,0.999,44627,-0.0014,B,1,0.7862,0.8018,0,2234,none,0,0.3997,1.4990056280108717,0,1.184996110489006e-06,pass,[]
txn_005503,2025-01-28T15:20:03,payer_01803,payee_04652,10.0,send,15,0.0,1.0,0.0,0,677.2,0.015,39370,-4.1215,A,1,0.9998,0.0055,0,2044,none,0,-0.4243,1.1268254378688702,0,3.092131088489463e-08,pass,[]
txn_007252,2025-02-06T10:40:09,payer_01063,payee_02366,257.43,send,10,0.0,0.0,0.0,6,276.78,0.93,43168,-0.0722,A,1,0.9328,0.5707,1,2381,none,0,-0.0144,1.4952550358385792,0,1.4115157364993995e-06,pass,[]
txn_000330,2025-01-02T07:57:15,payer_00279,payee_02458,2095.55,send,7,1.0,1.0,1.0,0,1370.22,1.529,37659,0.4246,A,0,0.173,0.956,1,28073,declined,0,0.8849,0.9747007548820708,0,9.995169132034002e-05,pass,"[{'id': 'odd_hour', 'label': 'Transaction at an unusual hour', 'detail': 'This transaction is happening between 21:00 and 08:00 local time — scammers often call late at night when the victim is tired or distracted.'}, {'id': 'high_risk_merchant', 'label': 'Payee flagged as high-risk merchant', 'detail': 'This payee account has prior complaints or is on a high-risk watchlist.'}]"
txn_003082,2025-01-16T12:07:07,payer_01439,payee_00936,63.06,send,12,0.0,0.0,0.0,4,338.54,0.186,13521,-1.6677,A,1,0.9959,0.0938,0,2378,none,0,-0.3335,-0.4177096653520307,0,3.266250509491322e-07,pass,[]
txn_005508,2025-01-28T08:01:57,payer_00489,payee_04606,1015.17,send,8,0.0,0.0,0.0,9,752.56,1.349,25828,0.299,A,1,0.8767,0.7065,1,1365,none,0,0.0598,0.1570938377811971,0,5.696393524407214e-06,pass,[]
txn_002675,2025-01-14T13:07:19,payer_00834,payee_04706,387.52,send,13,0.0,0.0,0.0,7,384.73,1.007,9313,0.0072,A,1,0.9232,0.6015,1,1906,none,0,0.0014,-0.8864257142942102,0,2.1277034693307322e-06,pass,[]
txn_002910,2025-01-15T18:29:30,payer_01868,payee_04829,5209.49,send,18,0.0,0.0,0.0,3,2119.53,2.458,4655,0.899,B,1,0.7072,0.8628,1,2113,none,0,0.1798,-1.6318101097757454,1,0.0005657790199093481,pass,"[{'id': 'fast_approval', 'label': 'Approval given suspiciously fast', 'detail': 'The user approved this in under 2 seconds — too fast to read the amount, the payee name, or the direction of the request.'}]"
txn_008495,2025-02-12T11:35:18,payer_00696,payee_03990,465.21,send,11,0.0,1.0,0.0,0,824.55,0.564,3124,-0.5714,B,0,0.9112,0.6191,1,17516,network_error,0,0.2857,-1.2894181458521905,1,2.4021692645989768e-05,pass,"[{'id': 'fast_approval', 'label': 'Approval given suspiciously fast', 'detail': 'The user approved this in under 2 seconds — too fast to read the amount, the payee name, or the direction of the request.'}]"
txn_003116,2025-01-16T12:55:56,payer_00945,payee_04751,1005.92,qr,12,0.0,0.0,0.0,11,1199.13,0.839,7964,-0.1755,B,0,0.9435,0.5298,1,17289,timeout,0,-0.0351,-1.6310317534283574,1,7.524715662177673e-05,pass,"[{'id': 'fast_approval', 'label': 'Approval given suspiciously fast', 'detail': 'The user approved this in under 2 seconds — too fast to read the amount, the payee name, or the direction of the request.'}]"
txn_007023,2025-02-05T22:28:46,payer_01288,payee_02212,272.15,send,22,1.0,1.0,0.0,0,1403.31,0.194,3271,-1.6373,B,1,0.9398,0.5201,1,1269,none,0,0.4725,-1.4754499217716848,1,0.00015345027651150994,pass,"[{'id': 'fast_approval', 'label': 'Approval given suspiciously fast', 'detail': 'The user approved this in under 2 seconds — too fast to read the amount, the payee name, or the direction of the request.'}, {'id': 'odd_hour', 'label': 'Transaction at an unusual hour', 'detail': 'This transaction is happening between 21:00 and 08:00 local time — scammers often call late at night when the victim is tired or distracted.'}]"
txn_006832,2025-02-04T16:07:23,payer_00325,payee_02387,456.76,send,16,0.0,0.0,0.0,6,636.92,0.717,42812,-0.3319,A,1,0.9568,0.4673,0,1162,none,0,-0.0664,1.8383917116426085,0,2.555111910840445e-06,pass,[]
txn_011677,2025-02-28T11:36:47,payer_01758,payee_01295,118.04,send,11,0.0,0.0,0.0,8,230.36,0.512,43512,-0.6645,A,1,0.9758,0.34,1,1785,none,0,-0.1329,1.5082942769788843,0,5.795322195335974e-07,pass,[]
txn_010037,2025-02-20T16:27:44,payer_01109,payee_04118,10.0,collect,16,0.0,0.0,0.0,3,526.11,0.019,27126,-3.8695,A,1,0.9999,0.003,0,1906,none,0,-0.7739,0.1294559211080794,0,0.006428551167157364,pass,[]
txn_006271,2025-02-01T16:53:58,payer_00369,payee_04149,141.26,send,16,0.0,0.0,0.0,12,113.19,1.248,28869,0.2198,A,1,0.8913,0.6795,1,383,none,0,0.044,0.3986280762053514,0,6.5856323093791e-07,pass,[]
txn_009924,2025-02-19T05:41:46,payer_00789,payee_04247,1996.78,send,5,1.0,0.0,0.0,8,952.82,2.096,31398,0.7393,A,1,0.4181,0.947,1,580,none,0,0.5479,0.8628697529234242,0,0.00014204605633010942,pass,"[{'id': 'odd_hour', 'label': 'Transaction at an unusual hour', 'detail': 'This transaction is happening between 21:00 and 08:00 local time — scammers often call late at night when the victim is tired or distracted.'}]"
txn_001669,2025-01-09T11:32:30,payer_00546,payee_03158,552.8,send,11,0.0,0.0,0.0,5,577.19,0.958,20907,-0.0431,A,1,0.9294,0.582,1,2022,none,0,-0.0086,0.1145836992716151,0,3.242845766083344e-06,pass,[]
txn_010467,2025-02-22T11:03:02,payer_01668,payee_03291,469.76,send,11,0.0,0.0,0.0,1,619.0,0.759,33971,-0.2754,B,1,0.9524,0.4898,1,1871,none,0,-0.0551,0.7772556676201651,0,2.9828958566442563e-06,pass,[]
txn_008138,2025-02-10T16:08:58,payer_01658,payee_02721,324.33,send,16,0.0,1.0,0.0,0,327.72,0.99,41636,-0.0104,B,0,0.789,0.7995,0,14257,declined,0,0.3979,1.0465484042904218,0,1.1669590566481396e-06,pass,[]
txn_010127,2025-02-20T12:54:41,payer_00919,payee_01227,536.64,send,12,0.0,0.0,0.0,6,581.01,0.924,17377,-0.0793,A,1,0.9336,0.5679,1,1466,none,0,-0.0159,-0.926229985926076,0,3.0611408883838324e-06,pass,[]
txn_000041,2025-01-01T15:33:45,payer_01132,payee_03422,721.57,send,15,0.0,1.0,0.0,0,444.54,1.623,31353,0.4835,A,1,0.6058,0.8979,1,1936,none,0,0.4967,-0.1871841007084887,0,2.8026479344049716e-06,pass,[]
txn_003204,2025-01-17T07:37:51,payer_01046,payee_04192,949.46,collect,7,1.0,1.0,0.0,0,625.26,1.519,26062,0.4172,A,0,0.2787,0.9667,1,9149,timeout,0,0.8834,0.592945350993529,0,0.842743084920446,pass,"[{'id': 'collect_first_time', 'label': 'Collect request from a first-time payee', 'detail': ""This transaction is a UPI collect request (the payee is asking you to pay them, not the other way round) AND you've never paid this account before. Refund scammers use this exact pattern.""}, {'id': 'odd_hour', 'label': 'Transaction at an unusual hour', 'detail': 'This transaction is happening between 21:00 and 08:00 local time — scammers often call late at night when the victim is tired or distracted.'}]"
txn_010986,2025-02-24T10:05:43,payer_00148,payee_01349,179.62,send,10,0.0,0.0,0.0,3,531.19,0.338,27549,-1.0806,A,1,0.9884,0.2093,0,1832,none,0,-0.2161,1.1940477078839742,0,1.0093516569073845e-06,pass,[]
txn_005070,2025-01-26T15:09:49,payer_00073,payee_02610,10.0,send,15,0.0,1.0,0.0,0,2101.89,0.005,26019,-5.2532,A,1,1.0,0.0009,0,1882,none,0,-0.6506,0.6904933954474114,0,3.0905398789049637e-08,pass,[]
txn_000318,2025-01-02T16:38:25,payer_00848,payee_00372,469.52,qr,16,0.0,1.0,0.0,0,1164.51,0.403,29876,-0.9071,A,1,0.9494,0.4872,1,956,none,0,0.2186,0.0341396541667593,0,1.672424741353045e-06,pass,[]
txn_002252,2025-01-12T20:56:40,payer_01103,payee_00631,64.85,qr,20,0.0,1.0,0.0,0,49.18,1.319,36360,0.2717,B,1,0.6923,0.8623,1,862,none,0,0.4543,0.711153463045248,0,2.192754409814815e-07,pass,[]
txn_007284,2025-02-06T13:40:29,payer_00781,payee_03324,506.92,send,13,0.0,0.0,0.0,3,336.91,1.505,21728,0.4075,B,1,0.854,0.7412,1,1695,none,0,0.0815,0.4073525690344299,0,3.197592042778468e-06,pass,[]
txn_006861,2025-02-04T12:29:21,payer_00070,payee_01519,2063.03,send,12,0.0,1.0,0.0,0,2204.18,0.936,11616,-0.0661,A,1,0.8052,0.7849,1,571,none,0,0.3868,-0.4252588292251618,0,8.205367481023306e-06,pass,[]
txn_011828,2025-03-01T19:14:34,payer_00604,payee_00136,975.59,send,19,0.0,0.0,0.0,2,963.42,1.013,30154,0.0125,A,1,0.9225,0.6035,0,1281,none,0,0.0025,1.2993924144508595,0,6.3775520430348575e-06,pass,[]
txn_010071,2025-02-20T23:58:54,payer_01516,payee_04617,2438.26,qr,23,1.0,1.0,0.0,0,1014.58,2.403,3772,0.8762,B,1,0.1446,0.9837,0,878,none,0,0.9752,-1.4119850413696615,1,0.0017372546538124336,pass,"[{'id': 'fast_approval', 'label': 'Approval given suspiciously fast', 'detail': 'The user approved this in under 2 seconds — too fast to read the amount, the payee name, or the direction of the request.'}, {'id': 'odd_hour', 'label': 'Transaction at an unusual hour', 'detail': 'This transaction is happening between 21:00 and 08:00 local time — scammers often call late at night when the victim is tired or distracted.'}]"
txn_002474,2025-01-13T09:14:11,payer_01360,payee_00630,226.03,qr,9,0.0,0.0,0.0,2,609.26,0.371,42810,-0.9888,A,1,0.9863,0.2347,0,1941,none,0,-0.1978,1.1241888610593445,0,1.3196552617842672e-06,pass,[]
txn_006145,2025-01-31T19:11:58,payer_01405,payee_01293,4190.84,send,19,0.0,0.0,0.0,9,2421.94,1.73,36098,0.5482,B,0,0.8196,0.7819,1,17019,bank_down,0,0.1096,0.890149111491294,0,2.5984954993712156e-05,pass,[]
txn_006107,2025-01-31T16:21:18,payer_01463,payee_00566,936.14,send,16,0.0,0.0,0.0,12,572.27,1.636,26894,0.4915,A,1,0.8342,0.7661,0,595,none,0,0.0983,0.6564760105920381,0,4.929296127919162e-06,pass,[]
txn_007309,2025-02-06T03:50:10,payer_00381,payee_02289,833.84,send,3,1.0,1.0,0.0,0,639.57,1.304,5191,0.2649,B,0,0.337,0.9579,0,13110,declined,0,0.853,-2.094425230778804,1,0.0005291170768282081,pass,"[{'id': 'fast_approval', 'label': 'Approval given suspiciously fast', 'detail': 'The user approved this in under 2 seconds — too fast to read the amount, the payee name, or the direction of the request.'}, {'id': 'odd_hour', 'label': 'Transaction at an unusual hour', 'detail': 'This transaction is happening between 21:00 and 08:00 local time — scammers often call late at night when the victim is tired or distracted.'}]"
txn_008358,2025-02-11T10:48:13,payer_00783,payee_00319,61.9,qr,10,0.0,0.0,0.0,12,470.29,0.132,10212,-2.0139,A,1,0.9978,0.0561,1,1548,none,0,-0.4028,-1.4527805503800968,1,3.7744293832212605e-06,pass,"[{'id': 'fast_approval', 'label': 'Approval given suspiciously fast', 'detail': 'The user approved this in under 2 seconds — too fast to read the amount, the payee name, or the direction of the request.'}]"
txn_006536,2025-02-02T21:13:38,payer_00888,payee_04253,109.54,qr,21,1.0,1.0,0.0,0,165.26,0.663,20908,-0.4081,A,1,0.6306,0.8856,1,1736,none,0,0.7184,-0.3501856655922652,0,4.20036752631138e-06,pass,"[{'id': 'odd_hour', 'label': 'Transaction at an unusual hour', 'detail': 'This transaction is happening between 21:00 and 08:00 local time — scammers often call late at night when the victim is tired or distracted.'}]"
txn_000085,2025-01-01T10:24:53,payer_01916,payee_04299,428.78,send,10,0.0,1.0,0.0,0,844.91,0.507,27911,-0.6771,A,1,0.9255,0.5785,1,1623,none,0,0.2646,0.531447568644833,0,1.5278883384682098e-06,pass,[]
txn_006440,2025-02-02T22:59:35,payer_01141,payee_04932,3374.66,send,22,1.0,1.0,0.0,0,617.27,5.467,7279,1.6974,B,1,0.0371,0.9956,0,830,none,0,1.0,-0.8037677169706104,0,0.0007851097281308667,pass,"[{'id': 'amount_spike', 'label': 'Amount is unusually high for this payer', 'detail': ""This transaction is more than 3x this payer's typical amount. Common in refund scams where the scammer asks for a 'verification' transfer.""}, {'id': 'odd_hour', 'label': 'Transaction at an unusual hour', 'detail': 'This transaction is happening between 21:00 and 08:00 local time — scammers often call late at night when the victim is tired or distracted.'}]"
txn_001210,2025-01-07T10:46:51,payer_00288,payee_02632,414.8,send,10,0.0,1.0,0.0,0,227.44,1.824,41742,0.5989,A,1,0.5553,0.9136,1,1578,none,0,0.5198,1.554757192706952,0,1.578883011566734e-06,pass,[]
txn_001035,2025-01-06T14:44:07,payer_01142,payee_02312,10.0,send,14,0.0,1.0,0.0,0,1432.16,0.007,28503,-4.8697,A,1,1.0,0.0017,0,1507,none,0,-0.5739,0.297413030420724,0,3.0908580553015034e-08,pass,[]
txn_005821,2025-01-30T17:34:07,payer_00129,payee_04730,1369.82,qr,17,0.0,0.0,0.0,10,834.56,1.641,36929,0.4951,A,1,0.8333,0.7671,1,720,none,0,0.099,0.8570539623510516,0,7.74256944941768e-06,pass,[]
txn_005024,2025-01-26T12:07:45,payer_01048,payee_04772,10.0,send,12,0.0,0.0,0.0,2,245.55,0.041,39190,-3.1097,A,1,0.9997,0.0102,0,2077,none,0,-0.6219,0.8273589589951568,0,5.287523566737971e-08,pass,[]
txn_002807,2025-01-15T17:44:16,payer_01907,payee_04755,681.55,send,17,0.0,0.0,0.0,6,473.44,1.44,23036,0.3637,A,1,0.8636,0.7275,0,442,none,0,0.0727,-0.141172766088314,0,4.045613967642877e-06,pass,[]
txn_011081,2025-02-25T19:51:49,payer_01732,payee_03530,175.94,send,19,0.0,0.0,0.0,12,131.12,1.342,8900,0.2921,A,1,0.8781,0.7042,1,2336,none,0,0.0584,-0.8580382984137952,0,8.334067216123e-07,pass,[]
txn_003412,2025-01-18T10:00:17,payer_00025,payee_02493,346.24,collect,10,0.0,1.0,0.0,0,208.4,1.661,14621,0.5058,B,1,0.5962,0.9011,0,1801,none,0,0.5012,-1.59830333971545,1,0.7003553989946829,pass,"[{'id': 'collect_first_time', 'label': 'Collect request from a first-time payee', 'detail': ""This transaction is a UPI collect request (the payee is asking you to pay them, not the other way round) AND you've never paid this account before. Refund scammers use this exact pattern.""}, {'id': 'fast_approval', 'label': 'Approval given suspiciously fast', 'detail': 'The user approved this in under 2 seconds — too fast to read the amount, the payee name, or the direction of the request.'}]"
txn_007711,2025-02-08T14:47:22,payer_00848,payee_03348,1347.48,send,14,0.0,0.0,0.0,6,1164.51,1.157,36790,0.1458,B,0,0.9036,0.6532,1,19509,declined,0,0.0292,1.0227954401729338,0,8.189693718509561e-06,pass,[]
txn_010018,2025-02-20T18:22:24,payer_01581,payee_01660,233.02,send,18,0.0,0.0,0.0,10,256.29,0.909,18877,-0.0948,B,1,0.9353,0.5618,1,1080,none,0,-0.019,0.982044103518508,0,1.1505818480985045e-06,pass,[]
txn_003958,2025-01-20T19:34:14,payer_00134,payee_00260,329.51,send,19,0.0,0.0,0.0,8,280.79,1.174,24510,0.1595,A,1,0.9014,0.6582,0,1940,none,0,0.0319,0.1977732981307716,0,1.76488021430302e-06,pass,[]
txn_008573,2025-02-12T07:38:40,payer_01160,payee_03303,852.92,send,7,1.0,0.0,0.0,12,1035.35,0.824,7769,-0.1936,A,1,0.7939,0.8006,1,2003,none,0,0.3613,-0.9399309687955864,0,4.9097608254904846e-05,pass,"[{'id': 'odd_hour', 'label': 'Transaction at an unusual hour', 'detail': 'This transaction is happening between 21:00 and 08:00 local time — scammers often call late at night when the victim is tired or distracted.'}]"
txn_003065,2025-01-16T12:10:56,payer_01240,payee_04076,4192.17,collect,12,0.0,1.0,0.0,0,1656.36,2.531,6767,0.9282,A,1,0.4083,0.9471,1,1067,none,0,0.5856,-1.5220201820083883,1,0.9714561042364405,hard_block,"[{'id': 'collect_first_time', 'label': 'Collect request from a first-time payee', 'detail': ""This transaction is a UPI collect request (the payee is asking you to pay them, not the other way round) AND you've never paid this account before. Refund scammers use this exact pattern.""}, {'id': 'fast_approval', 'label': 'Approval given suspiciously fast', 'detail': 'The user approved this in under 2 seconds — too fast to read the amount, the payee name, or the direction of the request.'}]"
txn_011536,2025-02-27T19:07:20,payer_00027,payee_04922,167.67,send,19,0.0,1.0,0.0,0,106.63,1.572,23872,0.4493,B,1,0.6204,0.8927,1,1771,none,0,0.4899,-0.0976259024033039,0,6.004466017603356e-07,pass,[]
txn_005344,2025-01-27T08:18:15,payer_01767,payee_02810,2119.07,qr,8,0.0,1.0,0.0,0,1326.6,1.597,20819,0.4681,B,1,0.6124,0.8956,1,464,none,0,0.4936,-0.7832174822074481,0,8.733197871477781e-06,pass,[]
txn_011805,2025-03-01T16:02:36,payer_00365,payee_00147,411.0,collect,16,0.0,1.0,0.0,0,354.5,1.159,22151,0.1475,A,0,0.7378,0.837,1,28952,bank_down,0,0.4295,0.2441381727143836,0,0.1594650396639304,pass,"[{'id': 'collect_first_time', 'label': 'Collect request from a first-time payee', 'detail': ""This transaction is a UPI collect request (the payee is asking you to pay them, not the other way round) AND you've never paid this account before. Refund scammers use this exact pattern.""}]"
txn_010036,2025-02-20T10:09:42,payer_01449,payee_02769,770.19,send,10,0.0,0.0,0.0,11,1089.2,0.707,14288,-0.3462,A,1,0.9578,0.4616,0,2346,none,0,-0.0692,-0.8043742277334154,0,3.919436682664501e-06,pass,[]
txn_009052,2025-02-15T09:53:58,payer_00195,payee_00332,6442.96,send,9,0.0,0.0,0.0,10,3466.97,1.858,14756,0.6196,A,1,0.7998,0.8008,1,1962,none,0,0.1239,-0.7444193325615227,0,4.0207991145956544e-05,pass,[]
txn_004622,2025-01-24T02:17:43,payer_00450,payee_01304,16927.56,collect,2,1.0,1.0,0.0,0,411.22,41.164,3358,3.7152,B,1,0.001,0.9998,0,1323,none,1,1.0,-0.6227453689579762,0,0.9997065821024856,hard_block,"[{'id': 'collect_first_time', 'label': 'Collect request from a first-time payee', 'detail': ""This transaction is a UPI collect request (the payee is asking you to pay them, not the other way round) AND you've never paid this account before. Refund scammers use this exact pattern.""}, {'id': 'amount_spike', 'label': 'Amount is unusually high for this payer', 'detail': ""This transaction is more than 3x this payer's typical amount. Common in refund scams where the scammer asks for a 'verification' transfer.""}, {'id': 'odd_hour', 'label': 'Transaction at an unusual hour', 'detail': 'This transaction is happening between 21:00 and 08:00 local time — scammers often call late at night when the victim is tired or distracted.'}, {'id': 'high_amount_first_time', 'label': 'High amount + first-time payee combination', 'detail': 'First-time payee + unusually high amount + (collect or QR direction) is the strongest single signal in our historical scam data.'}]"
txn_004055,2025-01-21T18:48:25,payer_01194,payee_04233,198.16,send,18,0.0,0.0,0.0,7,293.75,0.675,12462,-0.392,A,1,0.961,0.4434,0,842,none,0,-0.0784,-1.5602003511038114,1,1.4844929969628007e-05,pass,"[{'id': 'fast_approval', 'label': 'Approval given suspiciously fast', 'detail': 'The user approved this in under 2 seconds — too fast to read the amount, the payee name, or the direction of the request.'}]"
txn_001166,2025-01-06T15:05:18,payer_01765,payee_02337,564.12,send,15,0.0,1.0,1.0,0,924.32,0.61,30945,-0.4931,B,1,0.8303,0.5771,1,850,none,0,0.3014,0.132062388451835,0,2.080846927441733e-06,pass,"[{'id': 'high_risk_merchant', 'label': 'Payee flagged as high-risk merchant', 'detail': 'This payee account has prior complaints or is on a high-risk watchlist.'}]"
txn_011430,2025-02-27T16:13:15,payer_00768,payee_02490,554.85,qr,16,0.0,1.0,0.0,0,318.69,1.741,19643,0.5532,A,1,0.5755,0.9076,1,1652,none,0,0.5106,-0.99999999935959,0,2.1368454904272287e-06,pass,[]
txn_000958,2025-01-05T11:11:19,payer_01457,payee_01635,717.52,send,11,0.0,1.0,0.0,0,1364.48,0.526,23573,-0.6421,A,1,0.921,0.5921,1,2022,none,0,0.2716,0.1018653844596775,0,2.6330864209560144e-06,pass,[]
txn_010359,2025-02-21T18:09:50,payer_01740,payee_02423,10.0,send,18,0.0,0.0,0.0,10,398.92,0.025,42343,-3.5934,A,1,0.9999,0.0047,0,2333,none,0,-0.7187,1.5520199513361397,0,4.339127571216767e-08,pass,[]
txn_002864,2025-01-15T15:32:12,payer_01370,payee_02674,261.45,qr,15,0.0,1.0,0.0,0,299.59,0.873,43710,-0.1357,B,1,0.8241,0.7655,1,1339,none,0,0.3729,0.999999999953343,0,9.243393213102245e-07,pass,[]
txn_000465,2025-01-03T09:46:08,payer_00170,payee_03910,271.75,send,9,0.0,1.0,0.0,0,345.96,0.785,8365,-0.2407,A,1,0.8498,0.734,1,2041,none,0,0.3519,-0.6950365389152928,0,9.583804035358544e-07,pass,[]
txn_009455,2025-02-17T10:05:34,payer_01100,payee_01709,1483.67,send,10,0.0,0.0,0.0,11,2281.36,0.65,10831,-0.43,A,1,0.9635,0.4285,1,1369,none,0,-0.086,-0.4244543865591293,0,7.810432874563454e-06,pass,[]
txn_005382,2025-01-27T09:45:42,payer_00914,payee_03738,224.18,collect,9,0.0,0.0,0.0,10,488.63,0.459,2973,-0.7768,A,1,0.9801,0.3009,0,1653,none,0,-0.1554,-1.3090623076042949,1,0.6609537210095257,pass,"[{'id': 'fast_approval', 'label': 'Approval given suspiciously fast', 'detail': 'The user approved this in under 2 seconds — too fast to read the amount, the payee name, or the direction of the request.'}]"
txn_007645,2025-02-08T15:54:51,payer_01600,payee_03222,65.07,qr,15,0.0,1.0,0.0,0,747.36,0.087,36188,-2.4272,A,1,0.9966,0.077,0,1944,none,0,-0.0854,0.8286710116035059,0,2.0652875802010266e-07,pass,[]
txn_008432,2025-02-12T18:42:35,payer_00183,payee_04338,1781.11,send,18,0.0,1.0,0.0,0,1764.2,1.01,40937,0.0095,A,1,0.7829,0.8046,1,1710,none,0,0.4019,0.4883210183355316,0,7.052219820603857e-06,pass,[]
txn_000868,2025-01-05T16:52:59,payer_01052,payee_04246,738.6,collect,16,0.0,1.0,0.0,0,301.66,2.448,17251,0.8935,B,0,0.4235,0.9443,0,16671,declined,0,0.5787,-0.9999999999272198,0,0.27342028136065427,pass,"[{'id': 'collect_first_time', 'label': 'Collect request from a first-time payee', 'detail': ""This transaction is a UPI collect request (the payee is asking you to pay them, not the other way round) AND you've never paid this account before. Refund scammers use this exact pattern.""}]"
txn_006818,2025-02-04T23:48:02,payer_01955,payee_02586,607.66,collect,23,1.0,1.0,0.0,0,781.98,0.777,21170,-0.2518,B,1,0.563,0.9086,1,494,none,0,0.7496,-0.3006364869547512,0,0.763041733108882,pass,"[{'id': 'collect_first_time', 'label': 'Collect request from a first-time payee', 'detail': ""This transaction is a UPI collect request (the payee is asking you to pay them, not the other way round) AND you've never paid this account before. Refund scammers use this exact pattern.""}, {'id': 'odd_hour', 'label': 'Transaction at an unusual hour', 'detail': 'This transaction is happening between 21:00 and 08:00 local time — scammers often call late at night when the victim is tired or distracted.'}]"
txn_011942,2025-03-01T12:29:13,payer_01098,payee_03252,3435.45,send,12,0.0,1.0,0.0,0,2160.81,1.59,20135,0.4635,B,1,0.6144,0.8949,0,624,none,0,0.4927,-0.2152168193316797,0,1.4546648678344122e-05,pass,[]
txn_010974,2025-02-24T06:14:37,payer_00985,payee_00484,4009.69,qr,6,1.0,0.0,0.0,4,4365.53,0.918,44349,-0.085,A,1,0.7601,0.8269,1,1159,none,0,0.383,0.8086251103557192,0,0.000308134364741925,pass,"[{'id': 'odd_hour', 'label': 'Transaction at an unusual hour', 'detail': 'This transaction is happening between 21:00 and 08:00 local time — scammers often call late at night when the victim is tired or distracted.'}]"
txn_003107,2025-01-16T10:17:37,payer_00504,payee_00365,300.38,qr,10,0.0,0.0,0.0,8,335.45,0.895,34684,-0.1101,B,1,0.9369,0.5557,1,2376,none,0,-0.022,1.1861127587324432,0,1.5780400226338143e-06,pass,[]
txn_004691,2025-01-24T14:51:50,payer_01899,payee_02577,1175.06,send,14,0.0,0.0,0.0,7,931.31,1.262,27068,0.2323,A,1,0.8891,0.6839,1,1702,none,0,0.0465,1.3762464233732938,0,6.952131799294556e-06,pass,[]
txn_011667,2025-02-28T18:04:58,payer_00552,payee_02822,457.06,collect,18,0.0,0.0,0.0,6,700.3,0.653,7096,-0.4259,A,1,0.9633,0.4301,0,2249,none,0,-0.0852,-1.0594505922160422,0,0.24241204226436608,pass,[]
txn_006472,2025-02-02T23:57:03,payer_00862,payee_02316,890.14,collect,23,1.0,1.0,0.0,0,495.76,1.796,3010,0.5844,B,1,0.2224,0.9743,0,1084,none,1,0.9169,-1.2680123914173993,1,0.9864944591092394,hard_block,"[{'id': 'collect_first_time', 'label': 'Collect request from a first-time payee', 'detail': ""This transaction is a UPI collect request (the payee is asking you to pay them, not the other way round) AND you've never paid this account before. Refund scammers use this exact pattern.""}, {'id': 'fast_approval', 'label': 'Approval given suspiciously fast', 'detail': 'The user approved this in under 2 seconds — too fast to read the amount, the payee name, or the direction of the request.'}, {'id': 'odd_hour', 'label': 'Transaction at an unusual hour', 'detail': 'This transaction is happening between 21:00 and 08:00 local time — scammers often call late at night when the victim is tired or distracted.'}]"
txn_010849,2025-02-24T08:46:13,payer_00735,payee_03867,1155.02,send,8,0.0,0.0,0.0,5,1330.92,0.868,2692,-0.1416,A,1,0.9402,0.5432,0,2424,none,0,-0.0283,-1.2793525866199744,1,0.00010107513221774149,pass,"[{'id': 'fast_approval', 'label': 'Approval given suspiciously fast', 'detail': 'The user approved this in under 2 seconds — too fast to read the amount, the payee name, or the direction of the request.'}]"
txn_005022,2025-01-26T19:29:51,payer_01419,payee_04813,2677.87,send,19,0.0,0.0,0.0,8,2031.8,1.318,37419,0.276,B,1,0.8811,0.6988,1,1789,none,0,0.0552,1.1758303152827687,0,1.6241855193898545e-05,pass,[]
txn_008977,2025-02-14T19:51:13,payer_00747,payee_02921,1220.45,collect,19,0.0,0.0,0.0,5,3560.66,0.343,43089,-1.0702,A,1,0.9882,0.2121,0,439,none,0,-0.214,1.5966365911280431,0,0.4765173629636331,pass,[]
txn_010520,2025-02-22T18:03:38,payer_01124,payee_03797,375.79,send,18,0.0,0.0,0.0,7,322.43,1.166,6954,0.1527,B,0,0.9025,0.6557,0,18435,timeout,0,0.0305,-0.683955774796996,0,2.0767801293776827e-06,pass,[]
txn_007850,2025-02-09T15:35:44,payer_00961,payee_04391,10.0,qr,15,0.0,0.0,0.0,8,898.92,0.011,38461,-4.4044,A,1,1.0,0.0013,0,1614,none,0,-0.8809,0.8475331976905791,0,4.554728678707458e-08,pass,[]
txn_004609,2025-01-24T09:35:59,payer_00117,payee_01883,390.94,send,9,0.0,1.0,0.0,0,471.89,0.828,15311,-0.1878,B,1,0.8373,0.7502,0,1709,none,0,0.3624,0.0604867652341323,0,1.4091367367811779e-06,pass,[]
txn_007603,2025-02-08T15:36:50,payer_01484,payee_03325,1266.68,qr,15,0.0,1.0,0.0,0,1234.39,1.026,22309,0.0258,A,1,0.7779,0.8087,1,735,none,0,0.4052,-0.1998908450348388,0,4.923851201459236e-06,pass,[]
txn_007199,2025-02-05T05:42:32,payer_01096,payee_02404,416.43,send,5,1.0,0.0,0.0,10,514.8,0.809,29409,-0.2116,A,0,0.7991,0.796,0,12309,network_error,0,0.3577,-0.0890913720424716,0,2.418297192029157e-05,pass,"[{'id': 'odd_hour', 'label': 'Transaction at an unusual hour', 'detail': 'This transaction is happening between 21:00 and 08:00 local time — scammers often call late at night when the victim is tired or distracted.'}]"
txn_004672,2025-01-24T20:45:24,payer_00974,payee_02093,628.19,send,20,0.0,1.0,0.0,0,873.67,0.719,36038,-0.3294,B,1,0.8691,0.7054,1,2037,none,0,0.3341,0.9999999999363444,0,2.3111452369930284e-06,pass,[]
txn_005328,2025-01-27T08:27:16,payer_01335,payee_01155,3259.42,send,8,0.0,1.0,0.0,0,2459.71,1.325,13309,0.2814,A,1,0.6886,0.8642,1,1450,none,0,0.4563,-0.3882719400972865,0,1.3573683590138056e-05,pass,[]
txn_010441,2025-02-22T02:56:25,payer_01957,payee_04116,499.19,qr,2,1.0,1.0,0.0,0,720.46,0.693,13251,-0.3663,B,1,0.6129,0.8922,1,2431,none,0,0.7267,-0.9601439849906552,0,2.075095104776242e-05,pass,"[{'id': 'odd_hour', 'label': 'Transaction at an unusual hour', 'detail': 'This transaction is happening between 21:00 and 08:00 local time — scammers often call late at night when the victim is tired or distracted.'}]"
txn_011056,2025-02-25T14:11:23,payer_00854,payee_03660,1243.84,send,14,0.0,1.0,0.0,0,954.91,1.303,4679,0.2641,B,1,0.6952,0.8609,1,511,none,0,0.4528,-1.6343399497722195,1,7.047155010665779e-05,pass,"[{'id': 'fast_approval', 'label': 'Approval given suspiciously fast', 'detail': 'The user approved this in under 2 seconds — too fast to read the amount, the payee name, or the direction of the request.'}]"
txn_011907,2025-03-01T11:41:05,payer_01983,payee_01661,509.35,send,11,0.0,0.0,0.0,2,582.51,0.874,15263,-0.134,A,1,0.9394,0.5463,1,451,none,0,-0.0268,-0.3938767441117138,0,3.188564111556486e-06,pass,[]
txn_005113,2025-01-26T10:01:15,payer_00626,payee_00748,160.89,qr,10,0.0,0.0,0.0,10,364.54,0.441,31929,-0.8144,A,1,0.9814,0.2884,0,799,none,0,-0.1629,1.5853535805925676,0,7.608098517400319e-07,pass,[]
txn_006831,2025-02-04T17:15:41,payer_00222,payee_02909,442.05,qr,17,0.0,0.0,0.0,1,558.03,0.792,22226,-0.2325,B,1,0.9488,0.507,1,1740,none,0,-0.0465,-0.4578174999102781,0,2.802355337903978e-06,pass,[]
txn_002955,2025-01-15T05:37:03,payer_01099,payee_03928,1821.01,collect,5,1.0,0.0,0.0,8,2318.92,0.785,1687,-0.2416,B,1,0.8077,0.7881,0,1300,none,1,0.3517,-1.1320144069486784,0,0.9379906252977168,hard_block,"[{'id': 'odd_hour', 'label': 'Transaction at an unusual hour', 'detail': 'This transaction is happening between 21:00 and 08:00 local time — scammers often call late at night when the victim is tired or distracted.'}]"
txn_004847,2025-01-25T23:27:49,payer_00537,payee_03703,319.97,send,23,1.0,0.0,0.0,4,686.73,0.466,40673,-0.7621,A,1,0.9146,0.6179,1,1803,none,0,0.2476,1.407444275430002,0,2.086032065919124e-05,pass,"[{'id': 'odd_hour', 'label': 'Transaction at an unusual hour', 'detail': 'This transaction is happening between 21:00 and 08:00 local time — scammers often call late at night when the victim is tired or distracted.'}]"
txn_007234,2025-02-06T17:05:38,payer_01410,payee_03718,5089.63,qr,17,0.0,0.0,0.0,8,5243.89,0.971,4557,-0.0299,A,1,0.9278,0.5872,1,621,none,0,-0.006,-1.4980026140134954,1,0.0004522073881558054,pass,"[{'id': 'fast_approval', 'label': 'Approval given suspiciously fast', 'detail': 'The user approved this in under 2 seconds — too fast to read the amount, the payee name, or the direction of the request.'}]"
txn_009626,2025-02-18T15:27:00,payer_01947,payee_02313,1683.3,qr,15,0.0,1.0,0.0,0,1386.71,1.214,40224,0.1937,A,0,0.7214,0.8468,1,8826,timeout,0,0.4387,1.3081777073193963,0,6.713826210693365e-06,pass,[]
txn_011178,2025-02-25T08:36:34,payer_00333,payee_03613,261.4,send,8,0.0,1.0,1.0,0,226.18,1.156,4938,0.1441,A,1,0.6084,0.7909,1,441,none,0,0.4288,-1.4731630293609184,1,1.3680868419337356e-05,pass,"[{'id': 'fast_approval', 'label': 'Approval given suspiciously fast', 'detail': 'The user approved this in under 2 seconds — too fast to read the amount, the payee name, or the direction of the request.'}, {'id': 'high_risk_merchant', 'label': 'Payee flagged as high-risk merchant', 'detail': 'This payee account has prior complaints or is on a high-risk watchlist.'}]"
txn_001662,2025-01-09T04:36:55,payer_00049,payee_03733,68.18,send,4,1.0,1.0,0.0,0,437.17,0.156,38609,-1.8458,A,1,0.9578,0.437,0,2272,none,0,0.4308,0.8529169424498766,0,2.493343493266118e-06,pass,"[{'id': 'odd_hour', 'label': 'Transaction at an unusual hour', 'detail': 'This transaction is happening between 21:00 and 08:00 local time — scammers often call late at night when the victim is tired or distracted.'}]"
txn_009629,2025-02-18T16:11:54,payer_01008,payee_04606,1143.15,qr,16,0.0,0.0,0.0,1,935.79,1.222,3943,0.2,B,0,0.8947,0.6726,1,27597,declined,0,0.04,-1.2124016739739385,1,0.00011234673813865106,pass,"[{'id': 'fast_approval', 'label': 'Approval given suspiciously fast', 'detail': 'The user approved this in under 2 seconds — too fast to read the amount, the payee name, or the direction of the request.'}]"
txn_001142,2025-01-06T12:57:14,payer_01809,payee_04495,183.31,send,12,0.0,1.0,0.0,0,378.31,0.485,31520,-0.7217,A,1,0.9308,0.561,1,1491,none,0,0.2557,0.4976695040130086,0,6.235727944774412e-07,pass,[]
txn_006032,2025-01-31T10:41:40,payer_00076,payee_00900,872.04,qr,10,0.0,0.0,1.0,10,867.47,1.005,37655,0.0052,A,0,0.8688,0.5271,1,11852,declined,0,0.001,1.2028229882119608,0,4.717149984044646e-06,pass,"[{'id': 'high_risk_merchant', 'label': 'Payee flagged as high-risk merchant', 'detail': 'This payee account has prior complaints or is on a high-risk watchlist.'}]"
txn_004584,2025-01-23T19:56:09,payer_00989,payee_03230,23.39,send,19,0.0,0.0,0.0,5,183.06,0.128,42756,-2.0209,A,1,0.9978,0.0555,0,1028,none,0,-0.4042,1.569505549795768,0,1.1447798118416263e-07,pass,[]
txn_011277,2025-02-26T10:30:36,payer_00164,payee_02811,525.48,qr,10,0.0,0.0,0.0,7,973.67,0.54,12859,-0.6159,A,1,0.9736,0.3577,1,1875,none,0,-0.1232,-0.9551420701230277,0,2.864061739351104e-06,pass,[]
txn_011780,2025-02-28T13:19:48,payer_01230,payee_01139,875.28,send,13,0.0,1.0,0.0,0,1306.2,0.67,33968,-0.4,B,1,0.8829,0.6814,1,2440,none,0,0.32,0.7952034207943108,0,3.272012247264209e-06,pass,[]
txn_004743,2025-01-24T19:44:32,payer_01736,payee_03773,93.42,send,19,0.0,1.0,0.0,0,73.54,1.27,42083,0.2365,A,1,0.7057,0.8555,0,1733,none,0,0.4473,1.5049381427987365,0,3.201459591731779e-07,pass,[]
txn_005030,2025-01-26T22:49:14,payer_00921,payee_00558,5605.47,send,22,1.0,1.0,0.0,0,3001.72,1.867,40887,0.6244,B,0,0.2102,0.9759,1,29147,declined,0,0.9249,1.2074044606888743,0,0.00028360237427877246,pass,"[{'id': 'odd_hour', 'label': 'Transaction at an unusual hour', 'detail': 'This transaction is happening between 21:00 and 08:00 local time — scammers often call late at night when the victim is tired or distracted.'}]"
txn_006719,2025-02-03T11:43:57,payer_00185,payee_04914,180.2,send,11,0.0,0.0,0.0,2,150.95,1.194,41877,0.1761,B,0,0.8987,0.6641,1,24455,declined,0,0.0352,1.040448955601313,0,1.0847668653252028e-06,pass,[]
txn_002742,2025-01-14T12:11:18,payer_01701,payee_03904,949.85,send,12,0.0,1.0,1.0,0,853.11,1.113,4506,0.1073,B,1,0.6241,0.781,1,1593,none,0,0.4215,-0.9359649324202252,0,3.7014380842885413e-06,pass,"[{'id': 'high_risk_merchant', 'label': 'Payee flagged as high-risk merchant', 'detail': 'This payee account has prior complaints or is on a high-risk watchlist.'}]"
txn_010399,2025-02-21T15:52:31,payer_01797,payee_01767,138.51,send,15,0.0,1.0,0.0,0,216.06,0.641,11605,-0.442,B,1,0.8905,0.6666,1,389,none,0,0.3116,-0.5324954079594474,0,4.682938361413521e-07,pass,[]
txn_004139,2025-01-21T17:43:47,payer_01481,payee_01127,295.25,send,17,0.0,0.0,0.0,11,424.8,0.695,11762,-0.3628,A,1,0.959,0.455,0,1406,none,0,-0.0726,-1.2287959085844389,1,2.049225060687057e-05,pass,"[{'id': 'fast_approval', 'label': 'Approval given suspiciously fast', 'detail': 'The user approved this in under 2 seconds — too fast to read the amount, the payee name, or the direction of the request.'}]"
txn_009234,2025-02-16T20:38:51,payer_01682,payee_00000,415.15,send,20,0.0,0.0,0.0,10,409.01,1.015,38705,0.0149,A,1,0.9222,0.6044,1,1877,none,0,0.003,1.3203906553532054,0,2.1260436588410616e-06,pass,[]
txn_006834,2025-02-04T09:21:13,payer_01320,payee_03129,111.59,send,9,0.0,1.0,0.0,0,325.85,0.342,17984,-1.0658,B,0,0.9615,0.4243,1,23082,timeout,0,0.1868,1.2446704153951975,0,3.676270950678828e-07,pass,[]
txn_010833,2025-02-24T18:13:27,payer_00851,payee_03835,518.47,send,18,0.0,0.0,0.0,5,818.27,0.634,26038,-0.4556,A,1,0.9651,0.4185,1,627,none,0,-0.0911,-0.1340998290566934,0,2.9805923296774187e-06,pass,[]
txn_002487,2025-01-13T08:17:54,payer_00177,payee_01085,1331.01,qr,8,0.0,1.0,0.0,0,1041.71,1.278,29330,0.2449,B,1,0.7025,0.8571,1,1093,none,0,0.449,0.1861303395908231,0,5.256112770230056e-06,pass,[]
txn_006872,2025-02-04T02:06:10,payer_00404,payee_01763,1624.6,qr,2,1.0,0.0,0.0,1,743.32,2.186,13035,0.7812,B,1,0.3999,0.9503,1,328,none,0,0.5562,-0.3739939594123015,0,0.00013633205604607348,pass,"[{'id': 'odd_hour', 'label': 'Transaction at an unusual hour', 'detail': 'This transaction is happening between 21:00 and 08:00 local time — scammers often call late at night when the victim is tired or distracted.'}]"
txn_002389,2025-01-12T06:56:26,payer_00250,payee_03536,1173.47,send,6,1.0,1.0,0.0,0,581.98,2.016,42677,0.7004,B,1,0.1884,0.9786,0,320,none,0,0.9401,1.2587956066589263,0,5.476372298035775e-05,pass,"[{'id': 'odd_hour', 'label': 'Transaction at an unusual hour', 'detail': 'This transaction is happening between 21:00 and 08:00 local time — scammers often call late at night when the victim is tired or distracted.'}]"
txn_008847,2025-02-14T18:31:42,payer_01432,payee_01682,181.62,send,18,0.0,0.0,0.0,5,197.29,0.921,12358,-0.0823,B,0,0.9339,0.5667,1,23536,timeout,0,-0.0165,-0.8736192154062059,0,1.0017468440557233e-06,pass,[]
txn_000543,2025-01-03T11:16:28,payer_00738,payee_00990,776.17,send,11,0.0,1.0,0.0,0,1240.05,0.626,5855,-0.4681,A,0,0.895,0.6573,0,24639,declined,0,0.3064,-1.7035293395539135,1,4.1361965399406086e-05,pass,"[{'id': 'fast_approval', 'label': 'Approval given suspiciously fast', 'detail': 'The user approved this in under 2 seconds — too fast to read the amount, the payee name, or the direction of the request.'}]"
txn_009288,2025-02-16T15:48:37,payer_00285,payee_03869,256.42,send,15,0.0,0.0,0.0,8,619.4,0.414,34543,-0.8796,A,1,0.9834,0.2675,0,658,none,0,-0.1759,0.8938751278078428,0,1.3031065682373977e-06,pass,[]
txn_003328,2025-01-17T17:33:10,payer_00280,payee_02451,109.98,send,17,0.0,0.0,0.0,2,415.63,0.265,31038,-1.3228,A,0,0.9925,0.1523,1,25175,declined,0,-0.2646,0.5635865254684347,0,6.15866678702509e-07,pass,[]
txn_010082,2025-02-20T21:01:31,payer_01262,payee_00765,967.36,send,21,1.0,0.0,0.0,8,748.7,1.292,6256,0.2559,A,1,0.6317,0.8918,1,368,none,0,0.4512,-1.2646970466194722,1,0.0009110199355601896,pass,"[{'id': 'fast_approval', 'label': 'Approval given suspiciously fast', 'detail': 'The user approved this in under 2 seconds — too fast to read the amount, the payee name, or the direction of the request.'}, {'id': 'odd_hour', 'label': 'Transaction at an unusual hour', 'detail': 'This transaction is happening between 21:00 and 08:00 local time — scammers often call late at night when the victim is tired or distracted.'}]"
txn_002992,2025-01-15T16:38:45,payer_00260,payee_04103,1760.11,send,16,0.0,0.0,1.0,2,1800.31,0.978,17439,-0.0226,A,1,0.8744,0.516,0,547,none,0,-0.0045,-0.2162335366870599,0,1.2043026106484594e-05,pass,"[{'id': 'high_risk_merchant', 'label': 'Payee flagged as high-risk merchant', 'detail': 'This payee account has prior complaints or is on a high-risk watchlist.'}]"
txn_005636,2025-01-29T17:49:56,payer_01085,payee_01261,825.37,send,17,0.0,1.0,0.0,0,637.4,1.295,26926,0.2581,A,1,0.6975,0.8597,1,1724,none,0,0.4516,-0.8752982327826615,0,3.1758687299376273e-06,pass,[]
txn_006884,2025-02-04T07:05:59,payer_01405,payee_03645,1967.9,send,7,1.0,0.0,0.0,7,2421.94,0.813,27055,-0.2075,A,1,0.7979,0.7971,1,937,none,0,0.3585,0.1081392591363348,0,0.0001342000885128511,pass,"[{'id': 'odd_hour', 'label': 'Transaction at an unusual hour', 'detail': 'This transaction is happening between 21:00 and 08:00 local time — scammers often call late at night when the victim is tired or distracted.'}]"
txn_002344,2025-01-12T22:21:48,payer_01692,payee_03422,10.0,send,22,1.0,1.0,0.0,0,1496.16,0.007,13485,-4.9134,A,1,0.9998,0.0057,0,1768,none,0,-0.1827,-1.7907026966600694,1,5.09461711793348e-06,pass,"[{'id': 'fast_approval', 'label': 'Approval given suspiciously fast', 'detail': 'The user approved this in under 2 seconds — too fast to read the amount, the payee name, or the direction of the request.'}, {'id': 'odd_hour', 'label': 'Transaction at an unusual hour', 'detail': 'This transaction is happening between 21:00 and 08:00 local time — scammers often call late at night when the victim is tired or distracted.'}]"
txn_001839,2025-01-10T15:40:25,payer_01503,payee_02800,730.69,qr,15,0.0,1.0,1.0,0,706.74,1.034,44294,0.0333,A,1,0.6548,0.7601,1,395,none,0,0.4067,1.506883909683414,0,2.79458038034552e-06,pass,"[{'id': 'high_risk_merchant', 'label': 'Payee flagged as high-risk merchant', 'detail': 'This payee account has prior complaints or is on a high-risk watchlist.'}]"
txn_007844,2025-02-09T13:38:56,payer_00352,payee_02466,593.79,send,13,0.0,1.0,0.0,0,565.2,1.051,9564,0.0493,A,1,0.7705,0.8144,1,2457,none,0,0.4099,-0.6176033444468039,0,2.2153135868881036e-06,pass,[]
txn_002616,2025-01-14T15:32:54,payer_01670,payee_04726,585.52,send,15,0.0,1.0,0.0,0,861.12,0.68,40161,-0.3852,B,0,0.8801,0.6865,1,8867,bank_down,0,0.323,1.482562386476865,0,2.141476580947521e-06,pass,[]
txn_008695,2025-02-13T08:06:21,payer_01253,payee_00728,1538.44,qr,8,0.0,0.0,0.0,3,1000.61,1.538,4383,0.4298,A,1,0.8489,0.7479,1,1066,none,0,0.086,-1.3681994476345345,1,0.0001487584199885639,pass,"[{'id': 'fast_approval', 'label': 'Approval given suspiciously fast', 'detail': 'The user approved this in under 2 seconds — too fast to read the amount, the payee name, or the direction of the request.'}]"
txn_006998,2025-02-04T15:40:09,payer_00397,payee_01477,691.94,send,15,0.0,0.0,0.0,3,984.23,0.703,42840,-0.3519,B,1,0.9583,0.4593,1,1816,none,0,-0.0704,1.9525383890275811,0,4.260933991735731e-06,pass,[]
txn_001498,2025-01-08T06:16:06,payer_01151,payee_00987,612.02,qr,6,1.0,0.0,0.0,9,611.66,1.001,9820,0.0006,B,1,0.7309,0.8457,1,317,none,0,0.4001,-0.7681540765363739,0,3.757613413645743e-05,pass,"[{'id': 'odd_hour', 'label': 'Transaction at an unusual hour', 'detail': 'This transaction is happening between 21:00 and 08:00 local time — scammers often call late at night when the victim is tired or distracted.'}]"
txn_008343,2025-02-11T12:27:39,payer_01734,payee_04706,1374.55,collect,12,0.0,0.0,0.0,9,817.48,1.681,34745,0.5192,A,1,0.8271,0.7739,1,1342,none,0,0.1038,1.0546076101939543,0,0.5005126838103953,pass,[]
txn_000733,2025-01-04T10:48:26,payer_01185,payee_03047,2027.42,send,10,0.0,0.0,1.0,10,1729.14,1.173,3177,0.1591,A,1,0.8339,0.5877,0,1601,none,0,0.0318,-2.0740844992496004,1,0.00016684260238913556,pass,"[{'id': 'fast_approval', 'label': 'Approval given suspiciously fast', 'detail': 'The user approved this in under 2 seconds — too fast to read the amount, the payee name, or the direction of the request.'}, {'id': 'high_risk_merchant', 'label': 'Payee flagged as high-risk merchant', 'detail': 'This payee account has prior complaints or is on a high-risk watchlist.'}]"
txn_004096,2025-01-21T14:57:42,payer_00314,payee_04156,439.77,send,14,0.0,1.0,0.0,0,333.19,1.32,19655,0.2768,B,1,0.6904,0.8633,1,1172,none,0,0.4554,-1.6073064812779736,1,2.3536476245013206e-05,pass,"[{'id': 'fast_approval', 'label': 'Approval given suspiciously fast', 'detail': 'The user approved this in under 2 seconds — too fast to read the amount, the payee name, or the direction of the request.'}]"
txn_005561,2025-01-28T13:58:57,payer_01649,payee_00535,11097.0,send,13,0.0,1.0,0.0,0,1068.1,10.389,4629,2.3399,A,1,0.0516,0.9942,1,768,none,0,0.6,-1.6930693828680887,1,0.004451863534758556,pass,"[{'id': 'amount_spike', 'label': 'Amount is unusually high for this payer', 'detail': ""This transaction is more than 3x this payer's typical amount. Common in refund scams where the scammer asks for a 'verification' transfer.""}, {'id': 'fast_approval', 'label': 'Approval given suspiciously fast', 'detail': 'The user approved this in under 2 seconds — too fast to read the amount, the payee name, or the direction of the request.'}]"
txn_010299,2025-02-21T05:20:37,payer_01862,payee_02207,8562.86,collect,5,1.0,1.0,0.0,0,972.14,8.808,1827,2.1748,A,0,0.0161,0.9979,1,20907,network_error,1,1.0,-1.4229450035741182,1,0.9997782855871793,hard_block,"[{'id': 'collect_first_time', 'label': 'Collect request from a first-time payee', 'detail': ""This transaction is a UPI collect request (the payee is asking you to pay them, not the other way round) AND you've never paid this account before. Refund scammers use this exact pattern.""}, {'id': 'amount_spike', 'label': 'Amount is unusually high for this payer', 'detail': ""This transaction is more than 3x this payer's typical amount. Common in refund scams where the scammer asks for a 'verification' transfer.""}, {'id': 'fast_approval', 'label': 'Approval given suspiciously fast', 'detail': 'The user approved this in under 2 seconds — too fast to read the amount, the payee name, or the direction of the request.'}, {'id': 'odd_hour', 'label': 'Transaction at an unusual hour', 'detail': 'This transaction is happening between 21:00 and 08:00 local time — scammers often call late at night when the victim is tired or distracted.'}, {'id': 'high_amount_first_time', 'label': 'High amount + first-time payee combination', 'detail': 'First-time payee + unusually high amount + (collect or QR direction) is the strongest single signal in our historical scam data.'}]"
txn_002301,2025-01-12T15:44:04,payer_01874,payee_02975,590.27,send,15,0.0,0.0,0.0,7,391.16,1.509,27459,0.4106,A,1,0.8533,0.7421,1,1808,none,0,0.0821,0.4895944379009891,0,3.4035214270014523e-06,pass,[]
txn_011102,2025-02-25T12:50:54,payer_01431,payee_00309,3908.3,send,12,0.0,1.0,0.0,0,5237.32,0.746,22663,-0.2926,A,0,0.8614,0.7174,1,20187,timeout,0,0.3415,0.1279385438781473,0,1.5961883308699146e-05,pass,[]
txn_002613,2025-01-14T18:25:50,payer_00118,payee_01934,854.31,collect,18,0.0,0.0,0.0,3,396.04,2.157,38286,0.7674,B,1,0.7537,0.8359,1,1938,none,0,0.1535,1.3577969649541626,0,0.4187005504219259,pass,[]
txn_010303,2025-02-21T18:04:43,payer_00369,payee_04149,203.63,send,18,0.0,0.0,0.0,1,113.19,1.799,36577,0.5833,A,1,0.81,0.7914,1,2254,none,0,0.1167,0.9814376795247062,0,1.3042981168875903e-06,pass,[]
txn_005065,2025-01-26T15:04:28,payer_00102,payee_01195,2291.25,qr,15,0.0,0.0,0.0,4,909.81,2.518,13421,0.923,A,1,0.6982,0.8672,1,2108,none,0,0.1846,-1.0243658024583309,0,1.6167719210420416e-05,pass,[]
txn_006558,2025-02-02T19:49:53,payer_00991,payee_01845,372.66,qr,19,0.0,0.0,0.0,9,470.54,0.792,39724,-0.2327,B,0,0.9488,0.5069,1,10298,declined,0,-0.0465,1.1053215476243707,0,1.9223263419709216e-06,pass,[]
txn_011963,2025-03-01T15:34:33,payer_01743,payee_02541,324.57,qr,15,0.0,0.0,0.0,8,681.43,0.476,13218,-0.7401,A,1,0.9788,0.3134,0,699,none,0,-0.148,-0.485961420529833,0,1.6757058216307583e-06,pass,[]
txn_006462,2025-02-02T09:09:34,payer_01762,payee_02657,573.23,send,9,0.0,1.0,0.0,0,707.31,0.81,27411,-0.2098,A,1,0.8426,0.7435,1,1316,none,0,0.358,-0.0642618349057163,0,2.10812730457133e-06,pass,[]
txn_004233,2025-01-22T14:24:24,payer_00300,payee_02954,1476.14,collect,14,0.0,1.0,0.0,0,865.93,1.705,41309,0.5329,A,1,0.5844,0.9049,1,1338,none,0,0.5066,0.7676630342138655,0,0.4294018643774157,pass,"[{'id': 'collect_first_time', 'label': 'Collect request from a first-time payee', 'detail': ""This transaction is a UPI collect request (the payee is asking you to pay them, not the other way round) AND you've never paid this account before. Refund scammers use this exact pattern.""}]"
txn_005733,2025-01-29T20:06:32,payer_01017,payee_00689,316.41,collect,20,0.0,1.0,0.0,0,138.73,2.281,40939,0.8205,A,1,0.4559,0.9378,1,1298,none,0,0.5641,1.1953957575517822,0,0.13236617653085647,pass,"[{'id': 'collect_first_time', 'label': 'Collect request from a first-time payee', 'detail': ""This transaction is a UPI collect request (the payee is asking you to pay them, not the other way round) AND you've never paid this account before. Refund scammers use this exact pattern.""}]"
txn_010431,2025-02-22T06:10:05,payer_00438,payee_00971,1106.87,send,6,1.0,0.0,0.0,9,854.84,1.295,8974,0.2581,B,1,0.6307,0.8922,1,1403,none,0,0.4516,-1.2325229431874505,1,0.0010248297504245316,pass,"[{'id': 'fast_approval', 'label': 'Approval given suspiciously fast', 'detail': 'The user approved this in under 2 seconds — too fast to read the amount, the payee name, or the direction of the request.'}, {'id': 'odd_hour', 'label': 'Transaction at an unusual hour', 'detail': 'This transaction is happening between 21:00 and 08:00 local time — scammers often call late at night when the victim is tired or distracted.'}]"
txn_010170,2025-02-20T07:09:00,payer_01505,payee_03638,396.8,qr,7,1.0,0.0,0.0,7,295.88,1.341,28186,0.2926,B,1,0.6162,0.8974,0,656,none,0,0.4585,0.2428910707686722,0,2.5430027439763842e-05,pass,"[{'id': 'odd_hour', 'label': 'Transaction at an unusual hour', 'detail': 'This transaction is happening between 21:00 and 08:00 local time — scammers often call late at night when the victim is tired or distracted.'}]"
txn_011808,2025-03-01T07:57:20,payer_00794,payee_00883,498.13,qr,7,1.0,1.0,0.0,0,510.93,0.975,27037,-0.0253,B,1,0.4615,0.9346,0,1479,none,0,0.7949,-0.1604013960233135,0,2.100718609719553e-05,pass,"[{'id': 'odd_hour', 'label': 'Transaction at an unusual hour', 'detail': 'This transaction is happening between 21:00 and 08:00 local time — scammers often call late at night when the victim is tired or distracted.'}]"
txn_006856,2025-02-04T14:51:40,payer_00151,payee_00631,222.51,send,14,0.0,0.0,0.0,7,158.39,1.405,30807,0.3381,A,1,0.8689,0.7193,1,1899,none,0,0.0676,0.1096439448936127,0,1.2105098366213402e-06,pass,[]
txn_004959,2025-01-25T17:50:11,payer_01720,payee_03603,370.5,qr,17,0.0,0.0,0.0,8,333.25,1.112,41023,0.1057,A,1,0.9097,0.6385,1,393,none,0,0.0211,1.0084365158626922,0,1.9906979561713853e-06,pass,[]
txn_006072,2025-01-31T21:06:41,payer_01655,payee_03509,2043.02,send,21,1.0,0.0,0.0,9,798.14,2.56,15754,0.9391,B,1,0.3339,0.9609,1,2413,none,0,0.5878,-0.1969833480576869,0,0.00014541832802111474,pass,"[{'id': 'odd_hour', 'label': 'Transaction at an unusual hour', 'detail': 'This transaction is happening between 21:00 and 08:00 local time — scammers often call late at night when the victim is tired or distracted.'}]"
txn_009395,2025-02-16T14:18:53,payer_00263,payee_02126,1788.2,send,14,0.0,1.0,0.0,0,899.33,1.988,35599,0.6868,B,1,0.5159,0.9241,1,1338,none,0,0.5374,1.3298656290889146,0,7.4475142179689986e-06,pass,[]
txn_004184,2025-01-21T21:03:22,payer_00129,payee_04730,505.34,send,21,1.0,0.0,0.0,10,834.56,0.606,43091,-0.5009,B,1,0.8701,0.7107,0,377,none,0,0.2998,1.4260751052529457,0,2.935086977427491e-05,pass,"[{'id': 'odd_hour', 'label': 'Transaction at an unusual hour', 'detail': 'This transaction is happening between 21:00 and 08:00 local time — scammers often call late at night when the victim is tired or distracted.'}]"
txn_011495,2025-02-27T21:10:36,payer_00173,payee_01470,1150.02,send,21,1.0,0.0,0.0,12,1426.95,0.806,43552,-0.2156,B,1,0.8003,0.795,0,1157,none,0,0.3569,1.282915053737695,0,6.72553439570585e-05,pass,"[{'id': 'odd_hour', 'label': 'Transaction at an unusual hour', 'detail': 'This transaction is happening between 21:00 and 08:00 local time — scammers often call late at night when the victim is tired or distracted.'}]"
txn_000902,2025-01-05T19:29:48,payer_00174,payee_01234,578.68,send,19,0.0,1.0,0.0,0,313.49,1.846,19455,0.6115,B,1,0.5497,0.9152,0,300,none,0,0.5223,-0.1398586799469477,0,2.24591327554594e-06,pass,[]
txn_007879,2025-02-09T12:49:32,payer_01877,payee_02098,370.7,collect,12,0.0,0.0,0.0,1,165.65,2.238,11334,0.8022,A,1,0.7419,0.8434,1,828,none,0,0.1604,-0.3048890485767223,0,0.23944293912651163,pass,[]
txn_005833,2025-01-30T20:46:17,payer_00369,payee_04149,194.79,send,20,0.0,0.0,0.0,11,113.19,1.721,3498,0.5392,B,1,0.8219,0.7795,1,1811,none,0,0.1078,-1.5196986552185392,1,1.3943764795619579e-05,pass,"[{'id': 'fast_approval', 'label': 'Approval given suspiciously fast', 'detail': 'The user approved this in under 2 seconds — too fast to read the amount, the payee name, or the direction of the request.'}]"
txn_010544,2025-02-22T17:09:14,payer_00955,payee_02771,545.81,send,17,0.0,0.0,0.0,2,453.03,1.205,32054,0.1859,A,1,0.8971,0.6676,0,1787,none,0,0.0372,1.1849743036704763,0,3.4887957373984164e-06,pass,[]
txn_011438,2025-02-27T14:48:05,payer_01274,payee_00293,695.02,send,14,0.0,0.0,0.0,3,484.29,1.435,20791,0.3606,B,1,0.8642,0.7265,0,1529,none,0,0.0721,0.8507016539853572,0,4.445334199146004e-06,pass,[]
txn_007946,2025-02-09T23:37:26,payer_01873,payee_02522,3045.17,send,23,1.0,1.0,0.0,0,179.81,16.936,6054,2.8242,B,1,0.005,0.9993,0,430,none,0,1.0,-1.053758549949999,0,0.0012704265547373974,pass,"[{'id': 'amount_spike', 'label': 'Amount is unusually high for this payer', 'detail': ""This transaction is more than 3x this payer's typical amount. Common in refund scams where the scammer asks for a 'verification' transfer.""}, {'id': 'odd_hour', 'label': 'Transaction at an unusual hour', 'detail': 'This transaction is happening between 21:00 and 08:00 local time — scammers often call late at night when the victim is tired or distracted.'}]"
txn_003187,2025-01-16T14:44:04,payer_00297,payee_03381,636.91,send,14,0.0,1.0,0.0,0,669.64,0.951,23267,-0.05,B,0,0.8006,0.7892,1,14712,timeout,0,0.39,0.9557237835403704,0,2.3731911015301603e-06,pass,[]
txn_010792,2025-02-23T18:24:19,payer_00932,payee_01777,1118.57,send,18,0.0,1.0,0.0,0,598.46,1.869,30887,0.6247,B,1,0.5438,0.9168,0,1396,none,0,0.5249,0.4948371769999705,0,4.509284034359961e-06,pass,[]
txn_004209,2025-01-22T17:13:00,payer_01004,payee_01616,394.75,send,17,0.0,0.0,0.0,9,1213.58,0.325,10566,-1.1214,B,0,0.9892,0.1987,1,14955,declined,0,-0.2243,-1.414043644038125,1,2.8683920344550915e-05,pass,"[{'id': 'fast_approval', 'label': 'Approval given suspiciously fast', 'detail': 'The user approved this in under 2 seconds — too fast to read the amount, the payee name, or the direction of the request.'}]"
txn_008912,2025-02-14T09:31:02,payer_00353,payee_00827,44.59,send,9,0.0,0.0,0.0,12,106.36,0.419,16635,-0.8565,A,1,0.9827,0.2748,1,1539,none,0,-0.1713,-0.2168556729316858,0,1.8949850885152154e-07,pass,[]
txn_005501,2025-01-28T16:23:24,payer_00344,payee_00246,316.49,send,16,0.0,0.0,0.0,2,270.7,1.169,23212,0.1557,A,1,0.902,0.6568,1,2023,none,0,0.0311,0.2703345145144237,0,1.960064576885259e-06,pass,[]
txn_009967,2025-02-19T05:03:23,payer_00279,payee_02458,2064.5,send,5,1.0,0.0,1.0,2,1370.22,1.507,3700,0.4097,B,1,0.4164,0.8865,0,345,none,0,0.4819,-1.5819731838266151,1,0.002408517925785861,pass,"[{'id': 'fast_approval', 'label': 'Approval given suspiciously fast', 'detail': 'The user approved this in under 2 seconds — too fast to read the amount, the payee name, or the direction of the request.'}, {'id': 'odd_hour', 'label': 'Transaction at an unusual hour', 'detail': 'This transaction is happening between 21:00 and 08:00 local time — scammers often call late at night when the victim is tired or distracted.'}, {'id': 'high_risk_merchant', 'label': 'Payee flagged as high-risk merchant', 'detail': 'This payee account has prior complaints or is on a high-risk watchlist.'}]"
txn_009430,2025-02-17T09:57:52,payer_00112,payee_04134,846.52,send,9,0.0,1.0,0.0,0,1548.06,0.547,44369,-0.6031,B,1,0.9157,0.6071,1,1958,none,0,0.2794,1.0601166696364326,0,3.1386586260993614e-06,pass,[]
txn_000150,2025-01-01T08:40:58,payer_00303,payee_02474,1056.27,send,8,0.0,1.0,1.0,0,817.6,1.292,26459,0.2558,A,1,0.5596,0.819,1,1887,none,0,0.4512,0.7180774755185816,0,4.17906374885165e-06,pass,"[{'id': 'high_risk_merchant', 'label': 'Payee flagged as high-risk merchant', 'detail': 'This payee account has prior complaints or is on a high-risk watchlist.'}]"
txn_003685,2025-01-19T18:45:25,payer_00246,payee_03464,1854.88,send,18,0.0,1.0,0.0,0,1864.15,0.995,6435,-0.005,A,1,0.7873,0.8009,0,2242,none,0,0.399,-1.1752885369789254,0,7.355506496303261e-06,pass,[]
txn_006669,2025-02-03T16:39:06,payer_01736,payee_03773,60.29,send,16,0.0,0.0,0.0,8,73.54,0.82,5879,-0.1956,A,1,0.9454,0.5217,1,1381,none,0,-0.0391,-1.2515866802859157,1,4.19829067856153e-06,pass,"[{'id': 'fast_approval', 'label': 'Approval given suspiciously fast', 'detail': 'The user approved this in under 2 seconds — too fast to read the amount, the payee name, or the direction of the request.'}]"
txn_003458,2025-01-18T16:47:50,payer_01647,payee_03765,482.63,send,16,0.0,1.0,1.0,0,353.13,1.367,12968,0.3117,A,0,0.5347,0.8318,1,24823,timeout,0,0.4623,-0.9688179846799622,0,1.835143069739509e-06,pass,"[{'id': 'high_risk_merchant', 'label': 'Payee flagged as high-risk merchant', 'detail': 'This payee account has prior complaints or is on a high-risk watchlist.'}]"
txn_003094,2025-01-16T09:27:32,payer_00626,payee_00748,577.59,qr,9,0.0,1.0,0.0,0,364.54,1.584,9350,0.4592,A,0,0.6162,0.8942,1,17451,declined,0,0.4918,-0.5147783385719479,0,2.2114238969384024e-06,pass,[]
txn_005199,2025-01-26T11:42:00,payer_01355,payee_03548,2964.39,send,11,0.0,1.0,0.0,0,1484.74,1.997,11562,0.6911,B,0,0.514,0.9245,0,27715,network_error,0,0.5382,-0.6740933559791843,0,1.2710841331342098e-05,pass,[]
txn_010115,2025-02-20T23:54:09,payer_01655,payee_01099,546.15,send,23,1.0,0.0,0.0,3,798.14,0.684,29011,-0.3788,B,1,0.8431,0.7491,1,1993,none,0,0.3242,1.8061423833670796,0,3.799748187812534e-05,pass,"[{'id': 'odd_hour', 'label': 'Transaction at an unusual hour', 'detail': 'This transaction is happening between 21:00 and 08:00 local time — scammers often call late at night when the victim is tired or distracted.'}]"
txn_010939,2025-02-24T19:50:49,payer_00171,payee_00478,280.07,send,19,0.0,1.0,0.0,0,775.76,0.361,30091,-1.0165,A,1,0.9581,0.4436,0,531,none,0,0.1967,0.4678567680816452,0,9.679550533516654e-07,pass,[]
txn_003721,2025-01-19T18:52:36,payer_01214,payee_01267,8433.92,collect,18,0.0,0.0,0.0,4,1577.3,5.347,41429,1.676,B,1,0.3736,0.9561,0,2123,none,1,0.2,1.1895220755521492,0,0.9029957864735972,hard_block,"[{'id': 'amount_spike', 'label': 'Amount is unusually high for this payer', 'detail': ""This transaction is more than 3x this payer's typical amount. Common in refund scams where the scammer asks for a 'verification' transfer.""}]"
txn_003952,2025-01-20T15:16:17,payer_01268,payee_00274,352.91,send,15,0.0,1.0,1.0,0,441.28,0.8,40928,-0.2229,B,1,0.7505,0.6777,1,1089,none,0,0.3554,1.05261157221965,0,1.281218979381129e-06,pass,"[{'id': 'high_risk_merchant', 'label': 'Payee flagged as high-risk merchant', 'detail': 'This payee account has prior complaints or is on a high-risk watchlist.'}]"
txn_010766,2025-02-23T11:53:33,payer_00077,payee_00266,1987.07,send,11,0.0,1.0,0.0,0,1197.54,1.659,44151,0.5061,A,1,0.5961,0.9011,1,1584,none,0,0.5012,1.3647073543793544,0,8.185501759894852e-06,pass,[]
txn_008102,2025-02-10T11:20:28,payer_00463,payee_01988,374.43,send,11,0.0,1.0,0.0,0,312.89,1.197,36997,0.179,B,1,0.7267,0.8438,1,1757,none,0,0.4358,1.0269034435458293,0,1.3722811513558594e-06,pass,[]
txn_000708,2025-01-04T20:42:54,payer_01363,payee_01121,269.0,qr,20,0.0,1.0,0.0,0,182.97,1.47,40128,0.3836,A,1,0.6478,0.8822,1,1715,none,0,0.4767,1.913726477973258,0,9.821961667983232e-07,pass,[]
txn_004064,2025-01-21T13:38:20,payer_00489,payee_02754,6999.38,send,13,0.0,1.0,0.0,0,752.56,9.301,10309,2.2289,A,0,0.0623,0.9931,1,24124,network_error,0,0.6,-1.47965625857758,1,0.0025910153094900494,pass,"[{'id': 'amount_spike', 'label': 'Amount is unusually high for this payer', 'detail': ""This transaction is more than 3x this payer's typical amount. Common in refund scams where the scammer asks for a 'verification' transfer.""}, {'id': 'fast_approval', 'label': 'Approval given suspiciously fast', 'detail': 'The user approved this in under 2 seconds — too fast to read the amount, the payee name, or the direction of the request.'}]"
txn_002996,2025-01-15T09:09:56,payer_00655,payee_02225,956.59,qr,9,0.0,1.0,0.0,0,721.64,1.326,8061,0.2815,A,0,0.6885,0.8642,1,22694,network_error,0,0.4563,-1.8127525845574808,1,5.346745772164928e-05,pass,"[{'id': 'fast_approval', 'label': 'Approval given suspiciously fast', 'detail': 'The user approved this in under 2 seconds — too fast to read the amount, the payee name, or the direction of the request.'}]"
txn_010261,2025-02-21T17:49:19,payer_01247,payee_01299,222.23,send,17,0.0,1.0,0.0,0,452.8,0.491,28850,-0.7095,B,1,0.9294,0.5658,1,1346,none,0,0.2581,0.9519123549113212,0,7.638012992653953e-07,pass,[]
txn_004194,2025-01-21T15:27:16,payer_00132,payee_02827,648.13,send,15,0.0,0.0,0.0,8,438.44,1.478,24318,0.3901,B,1,0.8579,0.7358,1,988,none,0,0.078,0.3477284270900713,0,3.6594186205328416e-06,pass,[]
txn_001634,2025-01-09T21:01:33,payer_01375,payee_02774,724.04,send,21,1.0,1.0,0.0,0,374.84,1.932,12424,0.6571,B,1,0.2006,0.9771,1,1459,none,0,0.9314,-0.7954241508504032,0,3.274703271645961e-05,pass,"[{'id': 'odd_hour', 'label': 'Transaction at an unusual hour', 'detail': 'This transaction is happening between 21:00 and 08:00 local time — scammers often call late at night when the victim is tired or distracted.'}]"
txn_005646,2025-01-29T22:45:55,payer_01274,payee_00293,3220.11,send,22,1.0,1.0,0.0,0,484.29,6.649,11148,1.8927,B,1,0.0264,0.9968,0,1387,none,0,1.0,-0.6785694487663669,0,0.0007940230604867412,pass,"[{'id': 'amount_spike', 'label': 'Amount is unusually high for this payer', 'detail': ""This transaction is more than 3x this payer's typical amount. Common in refund scams where the scammer asks for a 'verification' transfer.""}, {'id': 'odd_hour', 'label': 'Transaction at an unusual hour', 'detail': 'This transaction is happening between 21:00 and 08:00 local time — scammers often call late at night when the victim is tired or distracted.'}]"
txn_007299,2025-02-06T06:55:53,payer_01502,payee_01529,238.88,send,6,1.0,1.0,0.0,0,202.42,1.18,33075,0.1649,A,0,0.3783,0.9509,1,8270,timeout,0,0.833,0.7834476520248069,0,9.78470985212347e-06,pass,"[{'id': 'odd_hour', 'label': 'Transaction at an unusual hour', 'detail': 'This transaction is happening between 21:00 and 08:00 local time — scammers often call late at night when the victim is tired or distracted.'}]"
txn_007375,2025-02-06T17:11:49,payer_01285,payee_00965,201.76,send,17,0.0,0.0,0.0,6,225.85,0.893,18370,-0.1123,A,1,0.9372,0.5549,0,1005,none,0,-0.0225,-0.1491863433148012,0,1.0901247782958136e-06,pass,[]
txn_000035,2025-01-01T19:14:10,payer_00192,payee_03262,10.0,send,19,0.0,1.0,0.0,0,1581.18,0.006,34447,-4.9687,A,1,1.0,0.0014,0,1847,none,0,-0.5937,0.9243332779032046,0,3.0906989630088433e-08,pass,[]
txn_002055,2025-01-11T14:47:26,payer_00800,payee_03721,519.01,send,14,0.0,1.0,0.0,0,718.4,0.722,7447,-0.3246,B,1,0.8681,0.707,1,942,none,0,0.3351,-1.254080718509868,1,2.718161327641354e-05,pass,"[{'id': 'fast_approval', 'label': 'Approval given suspiciously fast', 'detail': 'The user approved this in under 2 seconds — too fast to read the amount, the payee name, or the direction of the request.'}]"
txn_005006,2025-01-26T10:11:03,payer_01120,payee_04885,919.05,send,10,0.0,1.0,0.0,0,1365.32,0.673,24976,-0.3954,A,1,0.882,0.6829,0,1503,none,0,0.3209,-0.411941721721237,0,3.4455640438439046e-06,pass,[]
txn_003771,2025-01-19T09:07:50,payer_01217,payee_04146,177.32,send,9,0.0,1.0,1.0,0,201.3,0.881,16961,-0.1262,A,1,0.7165,0.7106,1,1877,none,0,0.3748,-0.4671601695903774,0,6.233428039993208e-07,pass,"[{'id': 'high_risk_merchant', 'label': 'Payee flagged as high-risk merchant', 'detail': 'This payee account has prior complaints or is on a high-risk watchlist.'}]"
txn_001744,2025-01-09T18:29:16,payer_00610,payee_00644,1155.52,send,18,0.0,0.0,0.0,10,797.72,1.449,14239,0.3702,A,1,0.8622,0.7295,1,1597,none,0,0.074,-0.7887451524753974,0,6.40540708108584e-06,pass,[]
txn_004077,2025-01-21T08:17:40,payer_01166,payee_03969,653.19,send,8,0.0,0.0,0.0,11,866.28,0.754,44138,-0.282,A,1,0.9529,0.4872,1,471,none,0,-0.0564,1.5167825953754928,0,3.301664511348952e-06,pass,[]
txn_004515,2025-01-23T16:10:12,payer_01989,payee_03242,34.5,send,16,0.0,0.0,0.0,9,186.84,0.185,6994,-1.6661,A,1,0.9959,0.094,0,1226,none,0,-0.3332,-1.1015334954913891,0,1.5473330640124116e-07,pass,[]
txn_006978,2025-02-04T15:52:49,payer_00650,payee_01675,10.0,qr,15,0.0,0.0,0.0,12,653.79,0.015,27657,-4.0864,A,1,0.9999,0.0022,0,1913,none,0,-0.8173,0.3191140650703504,0,4.128628602875422e-08,pass,[]
txn_000428,2025-01-03T21:24:13,payer_01683,payee_01051,1386.37,send,21,1.0,1.0,0.0,0,744.24,1.863,40295,0.6215,B,1,0.211,0.9757,0,1654,none,0,0.9243,1.5052165521003993,0,6.479685426107133e-05,pass,"[{'id': 'odd_hour', 'label': 'Transaction at an unusual hour', 'detail': 'This transaction is happening between 21:00 and 08:00 local time — scammers often call late at night when the victim is tired or distracted.'}]"
txn_011592,2025-02-27T06:41:12,payer_00561,payee_03128,190.88,send,6,1.0,0.0,0.0,10,390.42,0.489,42861,-0.7129,A,1,0.9075,0.6363,0,660,none,0,0.2574,1.6748311499358408,0,1.045960610784387e-05,pass,"[{'id': 'odd_hour', 'label': 'Transaction at an unusual hour', 'detail': 'This transaction is happening between 21:00 and 08:00 local time — scammers often call late at night when the victim is tired or distracted.'}]"
txn_003016,2025-01-16T08:04:38,payer_00203,payee_04955,52.84,qr,8,0.0,1.0,0.0,0,227.03,0.233,33867,-1.4435,A,1,0.9801,0.2871,1,2490,none,0,0.1113,0.6073420894968121,0,1.675961421245211e-07,pass,[]
txn_005545,2025-01-28T10:29:53,payer_00869,payee_00187,567.51,qr,10,0.0,1.0,0.0,0,1081.03,0.525,26661,-0.6436,A,1,0.9212,0.5915,0,2098,none,0,0.2713,0.7297595893462048,0,2.05555711256894e-06,pass,[]
txn_007636,2025-02-08T19:13:35,payer_00584,payee_03224,639.98,send,19,0.0,0.0,0.0,9,1829.05,0.35,42698,-1.0491,A,1,0.9877,0.2178,0,544,none,0,-0.2098,1.5981057368636302,0,3.32436709716812e-06,pass,[]
txn_010004,2025-02-20T16:42:01,payer_01919,payee_01777,673.56,send,16,0.0,0.0,0.0,3,390.49,1.725,9179,0.5441,B,1,0.8206,0.7808,1,1770,none,0,0.1088,-1.173476950789506,0,4.365246354349188e-06,pass,[]
txn_004129,2025-01-21T13:48:55,payer_01677,payee_01893,1736.05,send,13,0.0,0.0,0.0,9,1493.97,1.162,23436,0.1501,A,1,0.9029,0.6548,1,1007,none,0,0.03,-0.2431361953276193,0,9.944251682761886e-06,pass,[]
txn_004119,2025-01-21T12:41:59,payer_01503,payee_02800,212.18,send,12,0.0,0.0,1.0,6,706.74,0.3,18254,-1.1999,B,0,0.983,0.1394,1,20758,declined,0,-0.24,-0.4615847295771471,0,1.1307963854044535e-06,pass,"[{'id': 'high_risk_merchant', 'label': 'Payee flagged as high-risk merchant', 'detail': 'This payee account has prior complaints or is on a high-risk watchlist.'}]"
txn_002611,2025-01-14T11:33:33,payer_00762,payee_00891,540.93,collect,11,0.0,1.0,1.0,0,822.96,0.657,15656,-0.419,A,1,0.8106,0.6058,1,1247,none,0,0.3162,-0.7114188149227252,0,0.2003517427479078,pass,"[{'id': 'collect_first_time', 'label': 'Collect request from a first-time payee', 'detail': ""This transaction is a UPI collect request (the payee is asking you to pay them, not the other way round) AND you've never paid this account before. Refund scammers use this exact pattern.""}, {'id': 'high_risk_merchant', 'label': 'Payee flagged as high-risk merchant', 'detail': 'This payee account has prior complaints or is on a high-risk watchlist.'}]"
txn_004028,2025-01-21T16:40:31,payer_01736,payee_02748,149.66,send,16,0.0,0.0,0.0,3,73.54,2.035,33818,0.7037,B,1,0.7744,0.8214,0,869,none,0,0.1407,0.8756519406444263,0,9.093023845701493e-07,pass,[]
txn_001626,2025-01-09T10:03:10,payer_00316,payee_01245,4679.94,collect,10,0.0,0.0,0.0,8,6560.71,0.713,22961,-0.3378,A,1,0.9572,0.465,0,397,none,0,-0.0676,0.1075610748875427,0,0.7809944942662617,pass,[]
txn_008501,2025-02-12T12:52:13,payer_00713,payee_02745,4196.47,send,12,0.0,1.0,1.0,0,3757.16,1.117,23764,0.1106,B,1,0.6227,0.7819,1,1259,none,0,0.4221,0.383957982541381,0,1.779046325524808e-05,pass,"[{'id': 'high_risk_merchant', 'label': 'Payee flagged as high-risk merchant', 'detail': 'This payee account has prior complaints or is on a high-risk watchlist.'}]"
txn_001393,2025-01-07T14:11:13,payer_00285,payee_04787,524.04,send,14,0.0,1.0,0.0,0,619.4,0.846,34745,-0.1669,B,1,0.8321,0.7564,1,2062,none,0,0.3666,0.9119836614437676,0,1.9212559822439107e-06,pass,[]
txn_004463,2025-01-23T11:06:46,payer_00025,payee_02493,233.46,qr,11,0.0,0.0,0.0,12,208.4,1.12,38232,0.113,A,1,0.9086,0.6413,1,1384,none,0,0.0226,0.5742916328243312,0,1.1094907783958097e-06,pass,[]
txn_010754,2025-02-23T18:53:52,payer_01946,payee_03634,959.01,send,18,0.0,1.0,0.0,0,1274.97,0.752,26101,-0.2845,B,0,0.8596,0.7201,1,10100,bank_down,0,0.3431,0.2904955620114544,0,3.6186444687781826e-06,pass,[]
txn_002201,2025-01-12T20:08:20,payer_01647,payee_02889,737.92,qr,20,0.0,0.0,0.0,10,353.13,2.09,15128,0.7355,A,1,0.7642,0.8288,1,561,none,0,0.1471,-0.8002449560634621,0,4.122886878495367e-06,pass,[]
txn_004147,2025-01-21T15:32:47,payer_01194,payee_04233,159.96,send,15,0.0,0.0,0.0,2,293.75,0.545,31389,-0.605,A,1,0.9731,0.3617,0,1707,none,0,-0.121,0.0404608252737081,0,9.256527408710488e-07,pass,[]
txn_000704,2025-01-04T17:14:36,payer_01268,payee_00105,9044.25,collect,17,0.0,1.0,0.0,0,441.28,20.496,42146,3.0181,B,1,0.0158,0.998,0,1255,none,1,0.6,1.1437081978248222,0,0.981447446660773,hard_block,"[{'id': 'collect_first_time', 'label': 'Collect request from a first-time payee', 'detail': ""This transaction is a UPI collect request (the payee is asking you to pay them, not the other way round) AND you've never paid this account before. Refund scammers use this exact pattern.""}, {'id': 'amount_spike', 'label': 'Amount is unusually high for this payer', 'detail': ""This transaction is more than 3x this payer's typical amount. Common in refund scams where the scammer asks for a 'verification' transfer.""}, {'id': 'high_amount_first_time', 'label': 'High amount + first-time payee combination', 'detail': 'First-time payee + unusually high amount + (collect or QR direction) is the strongest single signal in our historical scam data.'}]"
txn_009010,2025-02-15T23:40:33,payer_01336,payee_03180,560.0,send,23,1.0,1.0,0.0,0,370.45,1.512,38660,0.4123,A,1,0.2805,0.9664,1,2359,none,0,0.8825,0.8696775716524913,0,2.443546094982574e-05,pass,"[{'id': 'odd_hour', 'label': 'Transaction at an unusual hour', 'detail': 'This transaction is happening between 21:00 and 08:00 local time — scammers often call late at night when the victim is tired or distracted.'}]"
txn_007678,2025-02-08T18:04:53,payer_00082,payee_04756,1022.69,send,18,0.0,1.0,0.0,0,927.42,1.103,41720,0.0977,B,1,0.7548,0.8258,1,422,none,0,0.4195,0.7617366047400135,0,3.9434753234930985e-06,pass,[]
txn_001355,2025-01-07T13:31:37,payer_01819,payee_04084,981.84,qr,13,0.0,1.0,0.0,0,673.19,1.458,37028,0.3769,A,1,0.6506,0.8811,1,1110,none,0,0.4754,1.2460185584771482,0,3.84696794621397e-06,pass,[]
txn_002685,2025-01-14T12:33:26,payer_00487,payee_01009,291.93,send,12,0.0,1.0,0.0,0,594.26,0.491,23814,-0.7091,A,1,0.9293,0.566,1,740,none,0,0.2582,-0.249692508080463,0,1.0179735943006607e-06,pass,[]
txn_009897,2025-02-19T11:39:11,payer_01256,payee_01979,1797.77,send,11,0.0,0.0,0.0,9,1370.63,1.312,12847,0.2711,A,1,0.8821,0.6971,0,2282,none,0,0.0542,-1.7803951100686193,1,0.0001495502698251504,pass,"[{'id': 'fast_approval', 'label': 'Approval given suspiciously fast', 'detail': 'The user approved this in under 2 seconds — too fast to read the amount, the payee name, or the direction of the request.'}]"
txn_000608,2025-01-04T17:48:05,payer_01736,payee_02748,124.4,send,17,0.0,1.0,0.0,0,73.54,1.692,8211,0.5202,B,1,0.5899,0.9031,0,1732,none,0,0.504,-1.074031275152963,0,4.416299725871856e-07,pass,[]
txn_011526,2025-02-27T11:56:26,payer_01455,payee_03852,277.98,send,11,0.0,1.0,1.0,0,430.38,0.646,17831,-0.4359,B,0,0.8153,0.5993,1,13598,declined,0,0.3128,-0.4997630419912617,0,9.884526841802666e-07,pass,"[{'id': 'high_risk_merchant', 'label': 'Payee flagged as high-risk merchant', 'detail': 'This payee account has prior complaints or is on a high-risk watchlist.'}]"
txn_010819,2025-02-24T14:17:13,payer_01922,payee_02335,101.23,send,14,0.0,1.0,0.0,0,60.76,1.666,8065,0.504,B,1,0.597,0.9008,0,416,none,0,0.5008,-1.0543158958303616,0,3.553754625264938e-07,pass,[]
txn_010517,2025-02-22T17:50:31,payer_00520,payee_04114,168.0,send,17,0.0,0.0,0.0,2,238.39,0.705,8644,-0.3482,B,1,0.958,0.4608,1,1760,none,0,-0.0696,-1.1974358029436585,0,9.826603502627794e-07,pass,[]
txn_010195,2025-02-20T05:18:46,payer_01614,payee_01289,7794.44,collect,5,1.0,1.0,0.0,0,319.87,24.368,1466,3.1903,B,1,0.0026,0.9996,0,2323,none,1,1.0,-1.057576519377165,0,0.9984208534766752,hard_block,"[{'id': 'collect_first_time', 'label': 'Collect request from a first-time payee', 'detail': ""This transaction is a UPI collect request (the payee is asking you to pay them, not the other way round) AND you've never paid this account before. Refund scammers use this exact pattern.""}, {'id': 'amount_spike', 'label': 'Amount is unusually high for this payer', 'detail': ""This transaction is more than 3x this payer's typical amount. Common in refund scams where the scammer asks for a 'verification' transfer.""}, {'id': 'odd_hour', 'label': 'Transaction at an unusual hour', 'detail': 'This transaction is happening between 21:00 and 08:00 local time — scammers often call late at night when the victim is tired or distracted.'}, {'id': 'high_amount_first_time', 'label': 'High amount + first-time payee combination', 'detail': 'First-time payee + unusually high amount + (collect or QR direction) is the strongest single signal in our historical scam data.'}]"
txn_007794,2025-02-08T02:01:45,payer_00030,payee_04423,18211.03,collect,2,1.0,1.0,0.0,0,367.22,49.592,3382,3.9012,B,1,0.0007,0.9999,0,445,none,1,1.0,-1.6072243183912147,1,0.9999877606086821,hard_block,"[{'id': 'collect_first_time', 'label': 'Collect request from a first-time payee', 'detail': ""This transaction is a UPI collect request (the payee is asking you to pay them, not the other way round) AND you've never paid this account before. Refund scammers use this exact pattern.""}, {'id': 'amount_spike', 'label': 'Amount is unusually high for this payer', 'detail': ""This transaction is more than 3x this payer's typical amount. Common in refund scams where the scammer asks for a 'verification' transfer.""}, {'id': 'fast_approval', 'label': 'Approval given suspiciously fast', 'detail': 'The user approved this in under 2 seconds — too fast to read the amount, the payee name, or the direction of the request.'}, {'id': 'odd_hour', 'label': 'Transaction at an unusual hour', 'detail': 'This transaction is happening between 21:00 and 08:00 local time — scammers often call late at night when the victim is tired or distracted.'}, {'id': 'high_amount_first_time', 'label': 'High amount + first-time payee combination', 'detail': 'First-time payee + unusually high amount + (collect or QR direction) is the strongest single signal in our historical scam data.'}]"
txn_001323,2025-01-07T13:19:20,payer_01074,payee_02045,1628.54,send,13,0.0,1.0,0.0,0,1691.32,0.963,25885,-0.0378,B,1,0.7971,0.7924,1,1004,none,0,0.3924,0.7820886303476865,0,6.40006512747667e-06,pass,[]
txn_009489,2025-02-17T11:34:11,payer_01601,payee_00469,1225.38,qr,11,0.0,0.0,0.0,11,883.96,1.386,6395,0.3263,B,1,0.8713,0.7155,1,2372,none,0,0.0653,-1.944761931696103,1,9.533087557109162e-05,pass,"[{'id': 'fast_approval', 'label': 'Approval given suspiciously fast', 'detail': 'The user approved this in under 2 seconds — too fast to read the amount, the payee name, or the direction of the request.'}]"
txn_001595,2025-01-08T23:33:23,payer_00086,payee_00309,159.78,collect,23,1.0,0.0,0.0,12,523.34,0.305,9459,-1.1821,B,1,0.958,0.4523,1,2201,none,0,0.1636,-0.9473406543409252,0,0.506726892123681,pass,"[{'id': 'odd_hour', 'label': 'Transaction at an unusual hour', 'detail': 'This transaction is happening between 21:00 and 08:00 local time — scammers often call late at night when the victim is tired or distracted.'}]"
txn_001516,2025-01-08T11:15:42,payer_01652,payee_01833,872.13,send,11,0.0,1.0,0.0,0,793.9,1.099,8796,0.0939,B,1,0.756,0.8249,1,889,none,0,0.4188,-1.752128819308422,1,4.793191853534177e-05,pass,"[{'id': 'fast_approval', 'label': 'Approval given suspiciously fast', 'detail': 'The user approved this in under 2 seconds — too fast to read the amount, the payee name, or the direction of the request.'}]"
txn_000758,2025-01-04T20:06:11,payer_01792,payee_02689,804.48,send,20,0.0,1.0,1.0,0,574.95,1.399,5786,0.3354,B,1,0.524,0.8371,0,914,none,0,0.4671,-1.0751042191819908,0,3.1520161989244396e-06,pass,"[{'id': 'high_risk_merchant', 'label': 'Payee flagged as high-risk merchant', 'detail': 'This payee account has prior complaints or is on a high-risk watchlist.'}]"
txn_010644,2025-02-23T09:25:19,payer_00430,payee_04177,463.89,send,9,0.0,1.0,0.0,0,374.76,1.238,2604,0.2128,B,1,0.7144,0.8508,1,458,none,0,0.4426,-1.1108589843378815,0,1.723796171665191e-06,pass,[]
txn_003902,2025-01-20T09:38:07,payer_00761,payee_04002,1187.46,send,9,0.0,0.0,0.0,1,1099.41,1.08,9037,0.077,A,1,0.9138,0.6279,0,1608,none,0,0.0154,-0.2608271504227586,0,8.072045364834517e-06,pass,[]
txn_008796,2025-02-13T14:03:47,payer_00505,payee_01611,1433.53,collect,14,0.0,1.0,0.0,0,990.85,1.447,23351,0.369,A,1,0.6538,0.8798,1,1085,none,0,0.4738,0.4483789899573381,0,0.41860186714616693,pass,"[{'id': 'collect_first_time', 'label': 'Collect request from a first-time payee', 'detail': ""This transaction is a UPI collect request (the payee is asking you to pay them, not the other way round) AND you've never paid this account before. Refund scammers use this exact pattern.""}]"
txn_011903,2025-03-01T15:53:42,payer_01225,payee_01208,231.62,send,15,0.0,1.0,0.0,0,579.15,0.4,11122,-0.9139,A,1,0.95,0.4844,1,982,none,0,0.2172,-1.1366251132859495,0,7.940783756406997e-07,pass,[]
txn_006018,2025-01-31T14:36:34,payer_00569,payee_00071,2337.41,collect,14,0.0,1.0,0.0,0,1081.89,2.16,26094,0.7698,B,1,0.4786,0.9329,0,688,none,0,0.554,-0.0017955062997508,0,0.5559513642306216,pass,"[{'id': 'collect_first_time', 'label': 'Collect request from a first-time payee', 'detail': ""This transaction is a UPI collect request (the payee is asking you to pay them, not the other way round) AND you've never paid this account before. Refund scammers use this exact pattern.""}]"
txn_004738,2025-01-24T20:35:39,payer_00523,payee_00886,10.0,qr,20,0.0,0.0,1.0,9,355.65,0.028,2612,-3.4788,A,1,0.9997,0.0042,0,342,none,0,-0.6958,-1.2532586039061362,1,6.489401859703888e-07,pass,"[{'id': 'fast_approval', 'label': 'Approval given suspiciously fast', 'detail': 'The user approved this in under 2 seconds — too fast to read the amount, the payee name, or the direction of the request.'}, {'id': 'high_risk_merchant', 'label': 'Payee flagged as high-risk merchant', 'detail': 'This payee account has prior complaints or is on a high-risk watchlist.'}]"
txn_004860,2025-01-25T06:59:12,payer_01786,payee_01815,941.85,send,6,1.0,0.0,1.0,8,875.48,1.076,17812,0.073,A,0,0.5668,0.8201,0,13714,bank_down,0,0.4146,-0.6082426996767731,0,6.181233615476155e-05,pass,"[{'id': 'odd_hour', 'label': 'Transaction at an unusual hour', 'detail': 'This transaction is happening between 21:00 and 08:00 local time — scammers often call late at night when the victim is tired or distracted.'}, {'id': 'high_risk_merchant', 'label': 'Payee flagged as high-risk merchant', 'detail': 'This payee account has prior complaints or is on a high-risk watchlist.'}]"
txn_000399,2025-01-02T21:56:53,payer_01385,payee_01687,248.62,send,21,1.0,0.0,0.0,11,127.82,1.945,13238,0.6615,A,1,0.4525,0.9404,1,372,none,0,0.5323,-1.4368987748538111,1,0.000208911808130589,pass,"[{'id': 'fast_approval', 'label': 'Approval given suspiciously fast', 'detail': 'The user approved this in under 2 seconds — too fast to read the amount, the payee name, or the direction of the request.'}, {'id': 'odd_hour', 'label': 'Transaction at an unusual hour', 'detail': 'This transaction is happening between 21:00 and 08:00 local time — scammers often call late at night when the victim is tired or distracted.'}]"
txn_000930,2025-01-05T11:32:13,payer_01336,payee_01411,321.47,qr,11,0.0,1.0,0.0,0,370.45,0.868,24285,-0.1414,B,1,0.8256,0.7638,1,2003,none,0,0.3717,-0.802299991349647,0,1.1488792889779738e-06,pass,[]
txn_004003,2025-01-21T09:54:53,payer_01575,payee_00901,30.33,send,9,0.0,1.0,0.0,0,376.21,0.081,15401,-2.4882,A,1,0.9969,0.0704,0,632,none,0,-0.0976,-0.1019379820793139,0,9.381705722664393e-08,pass,[]
txn_000542,2025-01-03T02:06:11,payer_00254,payee_00319,3770.52,collect,2,1.0,0.0,0.0,4,698.04,5.402,2777,1.6855,B,1,0.1157,0.9878,0,2102,none,1,0.6,-1.1668151187621674,0,0.9785773910544275,hard_block,"[{'id': 'amount_spike', 'label': 'Amount is unusually high for this payer', 'detail': ""This transaction is more than 3x this payer's typical amount. Common in refund scams where the scammer asks for a 'verification' transfer.""}, {'id': 'odd_hour', 'label': 'Transaction at an unusual hour', 'detail': 'This transaction is happening between 21:00 and 08:00 local time — scammers often call late at night when the victim is tired or distracted.'}]"
txn_011336,2025-02-26T09:48:24,payer_01723,payee_02040,59.77,qr,9,0.0,1.0,0.0,0,468.31,0.128,2576,-2.0442,A,1,0.9932,0.1335,1,900,none,0,-0.0088,-1.899129619088874,1,2.7251969169524983e-06,pass,"[{'id': 'fast_approval', 'label': 'Approval given suspiciously fast', 'detail': 'The user approved this in under 2 seconds — too fast to read the amount, the payee name, or the direction of the request.'}]"
txn_008637,2025-02-13T22:33:35,payer_00616,payee_03451,435.01,send,22,1.0,1.0,0.0,0,460.64,0.944,32848,-0.0571,A,1,0.4757,0.9314,1,1890,none,0,0.7886,0.9999999999116336,0,1.818037814057507e-05,pass,"[{'id': 'odd_hour', 'label': 'Transaction at an unusual hour', 'detail': 'This transaction is happening between 21:00 and 08:00 local time — scammers often call late at night when the victim is tired or distracted.'}]"
txn_011711,2025-02-28T21:39:47,payer_01438,payee_01683,572.4,send,21,1.0,0.0,0.0,10,214.54,2.668,36241,0.9784,A,0,0.3184,0.9632,1,21302,declined,0,0.5957,0.7318061518191477,0,3.72233372399501e-05,pass,"[{'id': 'odd_hour', 'label': 'Transaction at an unusual hour', 'detail': 'This transaction is happening between 21:00 and 08:00 local time — scammers often call late at night when the victim is tired or distracted.'}]"
txn_006131,2025-01-31T21:56:12,payer_00049,payee_02440,280.63,send,21,1.0,1.0,0.0,0,437.17,0.642,41183,-0.442,B,1,0.6447,0.88,0,1709,none,0,0.7116,1.06167290834825,0,1.127686240256961e-05,pass,"[{'id': 'odd_hour', 'label': 'Transaction at an unusual hour', 'detail': 'This transaction is happening between 21:00 and 08:00 local time — scammers often call late at night when the victim is tired or distracted.'}]"
txn_004035,2025-01-21T09:48:12,payer_00531,payee_02013,363.0,send,9,0.0,1.0,0.0,0,816.12,0.445,38278,-0.8086,A,1,0.9402,0.5265,1,2158,none,0,0.2383,1.1749765331966109,0,1.2777252794656383e-06,pass,[]
txn_001688,2025-01-09T10:00:42,payer_00045,payee_00511,61.91,send,10,0.0,1.0,0.0,0,157.2,0.394,43600,-0.9222,B,0,0.9507,0.4811,1,25624,declined,0,0.2156,1.9840093995854748,0,1.992242649835072e-07,pass,[]
txn_002128,2025-01-11T08:04:02,payer_01198,payee_01833,1138.21,send,8,0.0,1.0,0.0,0,3097.38,0.367,19261,-1.0005,B,0,0.9569,0.45,1,25767,bank_down,0,0.1999,-0.7403188306223901,0,4.25123779617816e-06,pass,[]
txn_002288,2025-01-12T07:35:57,payer_01403,payee_04754,1933.2,collect,7,1.0,1.0,0.0,0,1644.37,1.176,27576,0.1617,B,1,0.3796,0.9507,0,2293,none,0,0.8323,0.5296686815355361,0,0.9177557483662419,hard_block,"[{'id': 'collect_first_time', 'label': 'Collect request from a first-time payee', 'detail': ""This transaction is a UPI collect request (the payee is asking you to pay them, not the other way round) AND you've never paid this account before. Refund scammers use this exact pattern.""}, {'id': 'odd_hour', 'label': 'Transaction at an unusual hour', 'detail': 'This transaction is happening between 21:00 and 08:00 local time — scammers often call late at night when the victim is tired or distracted.'}]"
txn_004688,2025-01-24T12:59:41,payer_01762,payee_03489,209.91,send,12,0.0,1.0,0.0,0,707.31,0.297,43259,-1.2114,A,1,0.9701,0.3686,0,2286,none,0,0.1577,1.3348435922759634,0,7.121624470759473e-07,pass,[]
txn_001747,2025-01-09T19:19:24,payer_00523,payee_00886,451.92,send,19,0.0,1.0,1.0,0,355.65,1.271,31144,0.239,B,1,0.5671,0.8149,1,1697,none,0,0.4478,0.6926628412085652,0,1.7037417670921418e-06,pass,"[{'id': 'high_risk_merchant', 'label': 'Payee flagged as high-risk merchant', 'detail': 'This payee account has prior complaints or is on a high-risk watchlist.'}]"
txn_000367,2025-01-02T15:57:28,payer_00187,payee_00412,327.08,send,15,0.0,1.0,0.0,0,1193.83,0.274,13712,-1.2925,B,1,0.9741,0.3389,1,1402,none,0,0.1415,-0.5095251810908888,0,1.1347870457086937e-06,pass,[]
txn_009433,2025-02-17T11:19:16,payer_00287,payee_00731,239.26,send,11,0.0,0.0,0.0,4,275.56,0.868,19742,-0.1407,B,0,0.9401,0.5436,1,17873,bank_down,0,-0.0281,0.138187661885741,0,1.3683643573600749e-06,pass,[]
txn_011466,2025-02-27T15:57:14,payer_01126,payee_04499,241.18,qr,15,0.0,0.0,0.0,8,338.82,0.712,9417,-0.3387,A,1,0.9573,0.4646,1,521,none,0,-0.0677,-1.1262555702342507,0,1.2405742516353515e-06,pass,[]
txn_008481,2025-02-12T19:48:02,payer_01889,payee_03628,10.0,qr,19,0.0,1.0,0.0,0,1234.6,0.008,15264,-4.7214,A,1,0.9999,0.0021,0,983,none,0,-0.5443,1.4011771851432375,0,3.0910171557833646e-08,pass,[]
txn_003264,2025-01-17T21:43:23,payer_01622,payee_04624,169.82,send,21,1.0,0.0,0.0,9,310.83,0.546,20202,-0.6018,B,1,0.8893,0.6764,1,1655,none,0,0.2796,0.4850369003082212,0,9.508229901547735e-06,pass,"[{'id': 'odd_hour', 'label': 'Transaction at an unusual hour', 'detail': 'This transaction is happening between 21:00 and 08:00 local time — scammers often call late at night when the victim is tired or distracted.'}]"
txn_005950,2025-01-30T23:43:15,payer_01454,payee_02962,514.77,send,23,1.0,0.0,1.0,6,717.91,0.717,24255,-0.3321,B,1,0.7306,0.7045,1,1821,none,0,0.3336,-0.5145678216358942,0,3.368796516079546e-05,pass,"[{'id': 'odd_hour', 'label': 'Transaction at an unusual hour', 'detail': 'This transaction is happening between 21:00 and 08:00 local time — scammers often call late at night when the victim is tired or distracted.'}, {'id': 'high_risk_merchant', 'label': 'Payee flagged as high-risk merchant', 'detail': 'This payee account has prior complaints or is on a high-risk watchlist.'}]"
txn_002709,2025-01-14T10:33:55,payer_01356,payee_00231,507.71,collect,10,0.0,1.0,0.0,0,370.63,1.37,5113,0.314,B,1,0.6759,0.8702,0,1051,none,0,0.4628,-0.5839014058767993,0,0.19334080317602229,pass,"[{'id': 'collect_first_time', 'label': 'Collect request from a first-time payee', 'detail': ""This transaction is a UPI collect request (the payee is asking you to pay them, not the other way round) AND you've never paid this account before. Refund scammers use this exact pattern.""}]"
txn_009681,2025-02-18T07:54:49,payer_01407,payee_02485,2211.46,send,7,1.0,0.0,0.0,1,1288.13,1.717,26043,0.5401,A,0,0.5069,0.9285,1,26724,declined,0,0.508,0.2235958389114455,0,0.00018433400803558213,pass,"[{'id': 'odd_hour', 'label': 'Transaction at an unusual hour', 'detail': 'This transaction is happening between 21:00 and 08:00 local time — scammers often call late at night when the victim is tired or distracted.'}]"
txn_000063,2025-01-01T22:57:47,payer_01718,payee_03262,7515.09,qr,22,1.0,1.0,0.0,0,3696.48,2.033,32399,0.7094,B,1,0.1859,0.9789,0,616,none,0,0.9419,1.2262561031544277,0,0.0003898997703976688,pass,"[{'id': 'odd_hour', 'label': 'Transaction at an unusual hour', 'detail': 'This transaction is happening between 21:00 and 08:00 local time — scammers often call late at night when the victim is tired or distracted.'}]"
txn_002189,2025-01-11T12:32:35,payer_01490,payee_00532,271.06,qr,12,0.0,1.0,0.0,0,425.24,0.637,34356,-0.449,B,1,0.8917,0.6641,1,2186,none,0,0.3102,1.4404941172170689,0,9.48563738764181e-07,pass,[]
txn_010450,2025-02-22T21:18:54,payer_00325,payee_02387,1247.36,qr,21,1.0,0.0,0.0,3,636.92,1.958,25876,0.6714,A,1,0.4481,0.9413,1,859,none,0,0.5343,0.106761376641308,0,9.703247994904035e-05,pass,"[{'id': 'odd_hour', 'label': 'Transaction at an unusual hour', 'detail': 'This transaction is happening between 21:00 and 08:00 local time — scammers often call late at night when the victim is tired or distracted.'}]"
txn_004772,2025-01-24T14:08:06,payer_00756,payee_03126,549.67,qr,14,0.0,1.0,0.0,0,535.63,1.026,29073,0.0258,B,1,0.7779,0.8087,1,2003,none,0,0.4052,-0.6041372536388928,0,2.0393467561941915e-06,pass,[]
txn_004880,2025-01-25T14:58:16,payer_00731,payee_01982,157.16,send,14,0.0,1.0,0.0,0,132.73,1.184,38668,0.1678,A,0,0.7306,0.8414,1,28598,declined,0,0.4336,1.3572749211525064,0,5.49873369181429e-07,pass,[]
txn_010092,2025-02-20T17:53:36,payer_01919,payee_02815,161.82,send,17,0.0,0.0,0.0,12,390.49,0.414,15775,-0.8773,B,0,0.9834,0.2682,1,26907,declined,0,-0.1755,-0.6323820758239292,0,7.276615478176495e-07,pass,[]
txn_008059,2025-02-10T10:30:02,payer_00472,payee_03497,705.51,send,10,0.0,0.0,0.0,6,404.47,1.744,36906,0.5553,B,0,0.8176,0.7839,1,10810,timeout,0,0.1111,1.0201708504071,0,4.262067935215029e-06,pass,[]
txn_010236,2025-02-21T16:54:27,payer_00564,payee_01031,5646.94,send,16,0.0,0.0,0.0,8,4957.46,1.139,22613,0.1302,A,1,0.906,0.6476,1,1780,none,0,0.026,0.2157373526640742,0,3.540617356123359e-05,pass,[]
txn_007732,2025-02-08T07:19:26,payer_00018,payee_00760,1534.87,send,7,1.0,1.0,0.0,0,828.46,1.853,20591,0.6161,A,0,0.2127,0.9755,1,10273,declined,0,0.9232,-0.2768899448359181,0,7.211298067990178e-05,pass,"[{'id': 'odd_hour', 'label': 'Transaction at an unusual hour', 'detail': 'This transaction is happening between 21:00 and 08:00 local time — scammers often call late at night when the victim is tired or distracted.'}]"
txn_007664,2025-02-08T13:19:51,payer_00183,payee_03271,1553.17,collect,13,0.0,0.0,0.0,3,1764.2,0.88,3998,-0.1273,A,1,0.9387,0.5489,1,530,none,1,-0.0255,-1.727796691142471,1,0.9480276908453864,hard_block,"[{'id': 'fast_approval', 'label': 'Approval given suspiciously fast', 'detail': 'The user approved this in under 2 seconds — too fast to read the amount, the payee name, or the direction of the request.'}]"
txn_006248,2025-02-01T13:52:30,payer_01335,payee_01155,3679.93,send,13,0.0,0.0,0.0,5,2459.71,1.496,26311,0.4027,A,1,0.8551,0.7397,1,383,none,0,0.0805,0.9781061991516083,0,2.4692457098449e-05,pass,[]
txn_002818,2025-01-15T13:06:06,payer_01878,payee_04251,2982.74,qr,13,0.0,1.0,0.0,0,4407.37,0.677,29123,-0.3903,B,1,0.8811,0.6847,1,988,none,0,0.3219,0.8061999839277303,0,1.1953605786090159e-05,pass,[]
txn_003975,2025-01-20T14:38:08,payer_00022,payee_01318,1072.3,send,14,0.0,1.0,0.0,0,487.99,2.197,34701,0.7862,B,1,0.4713,0.9345,0,394,none,0,0.5572,1.936813889302272,0,4.385934585666114e-06,pass,[]
txn_000427,2025-01-03T11:30:31,payer_00209,payee_02809,349.41,qr,11,0.0,1.0,0.0,0,579.55,0.603,24315,-0.5049,B,0,0.901,0.6439,1,21358,declined,0,0.299,0.0371146653804386,0,1.2373716121921868e-06,pass,[]
txn_009246,2025-02-16T16:55:35,payer_01512,payee_02131,629.0,send,16,0.0,0.0,0.0,11,706.6,0.89,23938,-0.1162,A,1,0.9376,0.5533,0,654,none,0,-0.0232,-0.072559755124241,0,3.1950275317336363e-06,pass,[]
txn_009335,2025-02-16T12:19:42,payer_00144,payee_04815,286.66,send,12,0.0,1.0,0.0,0,245.96,1.165,14644,0.1525,B,1,0.736,0.8381,0,2460,none,0,0.4305,-0.5496042156724111,0,1.0338759985200479e-06,pass,[]
txn_006351,2025-02-01T15:25:28,payer_01746,payee_04327,622.74,send,15,0.0,0.0,0.0,6,481.14,1.294,3255,0.2575,A,1,0.8846,0.6925,1,1971,none,0,0.0515,-0.8389147749892454,0,3.650509213466031e-06,pass,[]
txn_009731,2025-02-18T14:42:36,payer_00384,payee_03673,144.06,send,14,0.0,1.0,0.0,0,56.49,2.55,12278,0.9256,A,1,0.4095,0.9469,1,400,none,0,0.5851,-0.6288700603653239,0,5.383985560278752e-07,pass,[]
txn_004707,2025-01-24T11:43:12,payer_00335,payee_04247,63.37,send,11,0.0,1.0,0.0,0,210.34,0.301,15676,-1.1888,A,1,0.9689,0.377,0,1994,none,0,0.1622,-0.5571806220495322,0,2.0314052315267168e-07,pass,[]
txn_005770,2025-01-29T13:18:44,payer_01414,payee_04210,732.82,send,13,0.0,0.0,0.0,5,631.44,1.161,9451,0.1487,A,1,0.9031,0.6543,0,1343,none,0,0.0297,-0.7984365831427037,0,4.412520981194866e-06,pass,[]
txn_004337,2025-01-22T17:28:56,payer_01787,payee_04150,315.0,qr,17,0.0,0.0,0.0,2,193.85,1.625,24102,0.4835,A,1,0.8361,0.7638,1,1446,none,0,0.0967,-0.4346761353131132,0,1.996660822705007e-06,pass,[]
txn_011609,2025-02-28T04:14:37,payer_00810,payee_00717,3497.45,collect,4,1.0,1.0,0.0,0,600.47,5.824,1669,1.7607,B,1,0.0333,0.996,0,1655,none,1,1.0,-0.7643850826945746,0,0.9905079049435143,hard_block,"[{'id': 'collect_first_time', 'label': 'Collect request from a first-time payee', 'detail': ""This transaction is a UPI collect request (the payee is asking you to pay them, not the other way round) AND you've never paid this account before. Refund scammers use this exact pattern.""}, {'id': 'amount_spike', 'label': 'Amount is unusually high for this payer', 'detail': ""This transaction is more than 3x this payer's typical amount. Common in refund scams where the scammer asks for a 'verification' transfer.""}, {'id': 'odd_hour', 'label': 'Transaction at an unusual hour', 'detail': 'This transaction is happening between 21:00 and 08:00 local time — scammers often call late at night when the victim is tired or distracted.'}, {'id': 'high_amount_first_time', 'label': 'High amount + first-time payee combination', 'detail': 'First-time payee + unusually high amount + (collect or QR direction) is the strongest single signal in our historical scam data.'}]"
txn_007677,2025-02-08T03:28:36,payer_00438,payee_01463,10.0,qr,3,1.0,1.0,0.0,0,854.84,0.012,34873,-4.3542,B,0,0.9995,0.0138,1,28748,timeout,0,-0.0708,0.9637075226429378,0,3.542687207857488e-07,pass,"[{'id': 'odd_hour', 'label': 'Transaction at an unusual hour', 'detail': 'This transaction is happening between 21:00 and 08:00 local time — scammers often call late at night when the victim is tired or distracted.'}]"
txn_000676,2025-01-04T12:18:42,payer_00299,payee_03915,274.23,send,12,0.0,1.0,0.0,0,410.75,0.668,40903,-0.4028,A,1,0.8834,0.6804,0,1838,none,0,0.3194,1.255590351440415,0,9.61785291310658e-07,pass,[]
txn_011884,2025-03-01T10:04:27,payer_00767,payee_01219,1452.36,qr,10,0.0,1.0,0.0,0,637.95,2.277,7354,0.8218,A,0,0.4553,0.9379,1,14712,timeout,0,0.5644,-2.057518010185505,1,8.727377004492019e-05,pass,"[{'id': 'fast_approval', 'label': 'Approval given suspiciously fast', 'detail': 'The user approved this in under 2 seconds — too fast to read the amount, the payee name, or the direction of the request.'}]"
txn_006866,2025-02-04T17:29:32,payer_00032,payee_04315,95.91,send,17,0.0,0.0,0.0,10,177.53,0.54,5778,-0.611,A,1,0.9734,0.3595,1,2498,none,0,-0.1222,-1.338566905384877,1,6.394268145248855e-06,pass,"[{'id': 'fast_approval', 'label': 'Approval given suspiciously fast', 'detail': 'The user approved this in under 2 seconds — too fast to read the amount, the payee name, or the direction of the request.'}]"
txn_011149,2025-02-25T15:48:39,payer_01552,payee_04326,418.07,send,15,0.0,0.0,0.0,7,364.57,1.147,14065,0.1366,A,1,0.905,0.6499,0,1715,none,0,0.0273,-0.3829479216863481,0,2.321628422655497e-06,pass,[]
txn_007075,2025-02-05T15:54:49,payer_01157,payee_03149,10.0,qr,15,0.0,1.0,0.0,0,193.27,0.052,9706,-2.8714,A,1,0.9985,0.0394,0,1822,none,0,-0.1743,-0.9235919713784806,0,3.0980256906973445e-08,pass,[]
txn_010477,2025-02-22T10:05:48,payer_01933,payee_03226,817.67,send,10,0.0,0.0,0.0,11,549.26,1.489,24906,0.3973,A,1,0.8563,0.738,0,795,none,0,0.0795,0.0788498221648586,0,4.346455396661647e-06,pass,[]
txn_010859,2025-02-24T18:14:15,payer_01425,payee_04564,2556.76,send,18,0.0,1.0,0.0,0,1720.83,1.486,6089,0.3957,B,1,0.6428,0.8842,1,1456,none,0,0.4791,-0.7919159787659158,0,1.0589108891478411e-05,pass,[]
txn_006175,2025-01-31T20:51:54,payer_00629,payee_03633,262.56,qr,20,0.0,1.0,0.0,0,2103.71,0.125,3255,-2.0776,B,0,0.9936,0.1274,1,12869,timeout,0,-0.0155,-1.3665445560638765,1,1.2850952367063354e-05,pass,"[{'id': 'fast_approval', 'label': 'Approval given suspiciously fast', 'detail': 'The user approved this in under 2 seconds — too fast to read the amount, the payee name, or the direction of the request.'}]"
txn_002002,2025-01-11T14:26:18,payer_00592,payee_03404,98.87,send,14,0.0,0.0,0.0,11,494.28,0.2,9510,-1.6012,A,1,0.9954,0.1032,0,685,none,0,-0.3202,-1.3095531950536128,1,6.328737366317289e-06,pass,"[{'id': 'fast_approval', 'label': 'Approval given suspiciously fast', 'detail': 'The user approved this in under 2 seconds — too fast to read the amount, the payee name, or the direction of the request.'}]"
txn_007127,2025-02-05T12:55:17,payer_00151,payee_00321,251.23,send,12,0.0,0.0,0.0,11,158.39,1.586,43416,0.459,B,1,0.8421,0.7566,1,2017,none,0,0.0918,1.367796987056724,0,1.258255291371499e-06,pass,[]
txn_006836,2025-02-04T16:47:58,payer_01564,payee_04985,946.36,send,16,0.0,0.0,0.0,7,726.71,1.302,8901,0.2638,A,1,0.8834,0.6947,1,919,none,0,0.0528,-0.9390961042597472,0,5.542818697718334e-06,pass,[]
txn_005568,2025-01-28T10:33:13,payer_01098,payee_02184,2071.34,send,10,0.0,1.0,1.0,0,2160.81,0.959,34764,-0.0423,B,1,0.6848,0.7374,0,335,none,0,0.3915,0.9601648970351662,0,8.36783692747024e-06,pass,"[{'id': 'high_risk_merchant', 'label': 'Payee flagged as high-risk merchant', 'detail': 'This payee account has prior complaints or is on a high-risk watchlist.'}]"
txn_009097,2025-02-15T16:28:23,payer_00522,payee_02483,575.0,send,16,0.0,0.0,0.0,7,365.8,1.572,24683,0.4513,B,1,0.8439,0.7544,1,1174,none,0,0.0903,-0.4711119616531566,0,3.321421757868415e-06,pass,[]
txn_008981,2025-02-14T15:26:21,payer_00105,payee_01028,861.3,collect,15,0.0,1.0,0.0,0,421.75,2.042,8468,0.7128,B,0,0.5042,0.9269,1,17586,declined,0,0.5426,-0.8776438221811557,0,0.30238432158346634,pass,"[{'id': 'collect_first_time', 'label': 'Collect request from a first-time payee', 'detail': ""This transaction is a UPI collect request (the payee is asking you to pay them, not the other way round) AND you've never paid this account before. Refund scammers use this exact pattern.""}]"
txn_008883,2025-02-14T12:44:55,payer_01765,payee_01340,1256.04,qr,12,0.0,1.0,0.0,0,924.32,1.359,34621,0.3064,A,0,0.6789,0.8688,1,8124,timeout,0,0.4613,0.5713276636280783,0,4.964542148634924e-06,pass,[]
txn_002290,2025-01-12T08:07:17,payer_00245,payee_04580,42.52,collect,8,0.0,1.0,0.0,0,260.26,0.163,36475,-1.7923,A,1,0.9893,0.1873,1,2061,none,0,0.0415,1.289091521161606,0,0.01646757812613888,pass,"[{'id': 'collect_first_time', 'label': 'Collect request from a first-time payee', 'detail': ""This transaction is a UPI collect request (the payee is asking you to pay them, not the other way round) AND you've never paid this account before. Refund scammers use this exact pattern.""}]"
txn_008444,2025-02-12T16:47:11,payer_01791,payee_00554,882.43,send,16,0.0,0.0,0.0,8,526.24,1.677,13883,0.5162,A,1,0.8279,0.7731,0,1956,none,0,0.1032,-1.1350294448255391,0,5.120945191427142e-06,pass,[]
txn_003013,2025-01-16T18:48:52,payer_01360,payee_00630,63.99,send,18,0.0,0.0,0.0,6,609.26,0.105,38010,-2.2396,A,1,0.9985,0.0398,0,990,none,0,-0.4479,0.7415073793620096,0,3.144004013833938e-07,pass,[]
txn_000740,2025-01-04T14:46:46,payer_00701,payee_02168,1268.93,qr,14,0.0,0.0,0.0,9,1012.93,1.253,18161,0.2251,A,0,0.8904,0.6814,0,21553,timeout,0,0.045,-0.1705042125620617,0,7.17463965096819e-06,pass,[]
txn_000000,2025-01-01T19:06:23,payer_00663,payee_01235,841.84,qr,19,0.0,1.0,0.0,0,881.82,0.955,33021,-0.0463,B,0,0.7995,0.7902,1,11661,timeout,0,0.3907,1.4436954798035464,0,3.186562538603941e-06,pass,[]
txn_004614,2025-01-24T18:43:26,payer_01318,payee_01175,282.88,send,18,0.0,0.0,0.0,5,218.11,1.297,43621,0.259,A,1,0.8843,0.693,0,2136,none,0,0.0518,0.8862340729609605,0,1.6281694484272359e-06,pass,[]
txn_002517,2025-01-13T10:07:44,payer_00358,payee_04273,732.81,send,10,0.0,0.0,0.0,9,566.73,1.293,9545,0.2566,B,1,0.8847,0.6922,1,324,none,0,0.0513,-1.2442171557790986,1,5.7910131199921634e-05,pass,"[{'id': 'fast_approval', 'label': 'Approval given suspiciously fast', 'detail': 'The user approved this in under 2 seconds — too fast to read the amount, the payee name, or the direction of the request.'}]"
txn_004329,2025-01-22T12:50:58,payer_00006,payee_03361,1340.27,send,12,0.0,1.0,0.0,0,664.67,2.016,19932,0.7006,B,1,0.5097,0.9256,0,2247,none,0,0.5401,-0.0654095087608552,0,5.499749420454238e-06,pass,[]
txn_010481,2025-02-22T15:46:39,payer_00051,payee_01810,1024.34,send,15,0.0,0.0,0.0,3,804.19,1.274,9124,0.2417,B,1,0.8875,0.6871,1,2338,none,0,0.0483,-1.074084155951671,0,6.6399785914050434e-06,pass,[]
txn_005761,2025-01-29T15:00:08,payer_00982,payee_00338,261.53,send,15,0.0,1.0,0.0,0,507.5,0.515,34313,-0.6611,A,1,0.9234,0.5847,1,981,none,0,0.2678,0.807924354538499,0,9.077545608323185e-07,pass,[]
txn_005380,2025-01-27T18:33:07,payer_01578,payee_04106,62.71,send,18,0.0,1.0,0.0,0,643.24,0.097,18102,-2.3138,A,1,0.9958,0.091,1,1947,none,0,-0.0628,-0.1463013557948089,0,1.9884035025486327e-07,pass,[]
txn_004685,2025-01-24T14:07:53,payer_00913,payee_01688,1390.91,send,14,0.0,0.0,0.0,1,1263.99,1.1,20903,0.0956,B,1,0.9112,0.6348,1,397,none,0,0.0191,1.4757347994214198,0,9.549463711454542e-06,pass,[]
txn_006532,2025-02-02T05:28:17,payer_00641,payee_00247,4971.64,collect,5,1.0,1.0,1.0,0,1349.41,3.684,3930,1.3035,B,1,0.0412,0.9889,1,1486,none,1,1.0,-1.6870820053405355,1,0.9994946005158687,hard_block,"[{'id': 'collect_first_time', 'label': 'Collect request from a first-time payee', 'detail': ""This transaction is a UPI collect request (the payee is asking you to pay them, not the other way round) AND you've never paid this account before. Refund scammers use this exact pattern.""}, {'id': 'amount_spike', 'label': 'Amount is unusually high for this payer', 'detail': ""This transaction is more than 3x this payer's typical amount. Common in refund scams where the scammer asks for a 'verification' transfer.""}, {'id': 'fast_approval', 'label': 'Approval given suspiciously fast', 'detail': 'The user approved this in under 2 seconds — too fast to read the amount, the payee name, or the direction of the request.'}, {'id': 'odd_hour', 'label': 'Transaction at an unusual hour', 'detail': 'This transaction is happening between 21:00 and 08:00 local time — scammers often call late at night when the victim is tired or distracted.'}, {'id': 'high_amount_first_time', 'label': 'High amount + first-time payee combination', 'detail': 'First-time payee + unusually high amount + (collect or QR direction) is the strongest single signal in our historical scam data.'}, {'id': 'high_risk_merchant', 'label': 'Payee flagged as high-risk merchant', 'detail': 'This payee account has prior complaints or is on a high-risk watchlist.'}]"
txn_008730,2025-02-13T18:25:18,payer_00604,payee_00136,1633.65,send,18,0.0,0.0,0.0,6,963.42,1.696,26615,0.5277,B,1,0.8249,0.7763,1,1771,none,0,0.1055,0.9615121973500812,0,1.0319843923390069e-05,pass,[]
txn_005058,2025-01-26T13:43:15,payer_00198,payee_02056,1200.88,send,13,0.0,0.0,0.0,12,1409.63,0.852,27015,-0.1602,A,1,0.942,0.5359,0,796,none,0,-0.032,0.0817385547403995,0,6.158728150158106e-06,pass,[]
txn_005125,2025-01-26T16:07:52,payer_01287,payee_00818,427.1,send,16,0.0,0.0,0.0,12,503.5,0.848,41626,-0.1642,B,1,0.9424,0.5343,1,2304,none,0,-0.0328,1.2748549229836208,0,2.0675880269740933e-06,pass,[]
txn_006101,2025-01-31T01:04:58,payer_00879,payee_01020,2094.37,send,1,1.0,1.0,1.0,0,345.57,6.061,26784,1.7994,B,1,0.0173,0.9949,0,762,none,0,1.0,-0.1571913706515214,0,0.0004960851602906502,pass,"[{'id': 'amount_spike', 'label': 'Amount is unusually high for this payer', 'detail': ""This transaction is more than 3x this payer's typical amount. Common in refund scams where the scammer asks for a 'verification' transfer.""}, {'id': 'odd_hour', 'label': 'Transaction at an unusual hour', 'detail': 'This transaction is happening between 21:00 and 08:00 local time — scammers often call late at night when the victim is tired or distracted.'}, {'id': 'high_risk_merchant', 'label': 'Payee flagged as high-risk merchant', 'detail': 'This payee account has prior complaints or is on a high-risk watchlist.'}]"
txn_008668,2025-02-13T20:31:19,payer_01726,payee_04861,619.67,send,20,0.0,0.0,0.0,7,864.88,0.716,15727,-0.333,B,0,0.9569,0.4669,1,14145,timeout,0,-0.0666,-0.0427641265097675,0,3.4393848720369576e-06,pass,[]
txn_004335,2025-01-22T21:45:16,payer_00010,payee_02820,353.55,collect,21,1.0,1.0,0.0,0,403.29,0.877,11375,-0.1313,A,0,0.5091,0.9234,1,13826,timeout,0,0.7737,-1.99199528684995,1,0.963364868747718,hard_block,"[{'id': 'collect_first_time', 'label': 'Collect request from a first-time payee', 'detail': ""This transaction is a UPI collect request (the payee is asking you to pay them, not the other way round) AND you've never paid this account before. Refund scammers use this exact pattern.""}, {'id': 'fast_approval', 'label': 'Approval given suspiciously fast', 'detail': 'The user approved this in under 2 seconds — too fast to read the amount, the payee name, or the direction of the request.'}, {'id': 'odd_hour', 'label': 'Transaction at an unusual hour', 'detail': 'This transaction is happening between 21:00 and 08:00 local time — scammers often call late at night when the victim is tired or distracted.'}]"
txn_005216,2025-01-27T21:55:22,payer_01280,payee_00557,2602.86,qr,21,1.0,1.0,0.0,0,1732.77,1.502,31845,0.4067,B,1,0.2825,0.9661,1,1173,none,0,0.8813,0.5507882472556581,0,0.00012374033766824005,pass,"[{'id': 'odd_hour', 'label': 'Transaction at an unusual hour', 'detail': 'This transaction is happening between 21:00 and 08:00 local time — scammers often call late at night when the victim is tired or distracted.'}]"
txn_006355,2025-02-01T10:12:54,payer_01668,payee_03291,877.79,qr,10,0.0,1.0,0.0,0,619.0,1.418,7020,0.3488,A,0,0.662,0.8763,1,16380,timeout,0,0.4698,-0.9466884607329118,0,3.410745032871783e-06,pass,[]
txn_005399,2025-01-27T00:31:39,payer_00245,payee_04580,5264.7,send,0,1.0,1.0,0.0,0,260.26,20.229,14741,3.0035,A,0,0.0037,0.9995,1,24219,declined,0,1.0,-0.8810115051291144,0,0.0026806321217891045,pass,"[{'id': 'amount_spike', 'label': 'Amount is unusually high for this payer', 'detail': ""This transaction is more than 3x this payer's typical amount. Common in refund scams where the scammer asks for a 'verification' transfer.""}, {'id': 'odd_hour', 'label': 'Transaction at an unusual hour', 'detail': 'This transaction is happening between 21:00 and 08:00 local time — scammers often call late at night when the victim is tired or distracted.'}]"
txn_003473,2025-01-18T13:12:03,payer_00893,payee_00556,659.31,send,13,0.0,0.0,0.0,1,1156.42,0.57,7357,-0.5612,A,1,0.971,0.378,0,2265,none,0,-0.1122,-1.8003332422527083,1,6.076139248635597e-05,pass,"[{'id': 'fast_approval', 'label': 'Approval given suspiciously fast', 'detail': 'The user approved this in under 2 seconds — too fast to read the amount, the payee name, or the direction of the request.'}]"
txn_009423,2025-02-17T13:24:08,payer_00723,payee_01856,1547.59,send,13,0.0,1.0,0.0,0,725.32,2.134,24441,0.7571,B,1,0.4843,0.9316,0,627,none,0,0.5514,-1.029967421141996,0,6.441220972048453e-06,pass,[]
txn_009584,2025-02-17T21:09:07,payer_00903,payee_04406,640.38,send,21,1.0,1.0,0.0,0,596.15,1.074,21807,0.0715,A,0,0.4186,0.9434,1,14647,declined,0,0.8143,0.0878828497798257,0,2.752353248075889e-05,pass,"[{'id': 'odd_hour', 'label': 'Transaction at an unusual hour', 'detail': 'This transaction is happening between 21:00 and 08:00 local time — scammers often call late at night when the victim is tired or distracted.'}]"
txn_002447,2025-01-13T13:19:10,payer_00054,payee_00630,529.29,qr,13,0.0,1.0,0.0,0,598.3,0.885,41232,-0.1223,A,1,0.8206,0.7693,1,485,none,0,0.3755,0.8547919236465739,0,1.9454723585695565e-06,pass,[]
txn_004605,2025-01-24T08:29:14,payer_00952,payee_01920,311.92,send,8,0.0,0.0,0.0,2,403.21,0.774,17662,-0.256,A,1,0.9508,0.4976,1,2364,none,0,-0.0512,-0.0257969518174199,0,1.8914015940254708e-06,pass,[]
txn_010346,2025-02-21T13:02:20,payer_01423,payee_04744,4309.01,collect,13,0.0,0.0,0.0,10,3322.0,1.297,1201,0.2601,A,1,0.8841,0.6934,1,1754,none,1,0.052,-1.1088480049350613,0,0.7622474724681055,pass,[]
txn_011237,2025-02-26T06:56:18,payer_00511,payee_01912,186.24,qr,6,1.0,0.0,0.0,11,160.22,1.162,44435,0.1496,B,0,0.6749,0.8743,1,22530,network_error,0,0.4299,1.4602914206282225,0,1.0295199718257607e-05,pass,"[{'id': 'odd_hour', 'label': 'Transaction at an unusual hour', 'detail': 'This transaction is happening between 21:00 and 08:00 local time — scammers often call late at night when the victim is tired or distracted.'}]"
txn_003206,2025-01-17T10:35:02,payer_00939,payee_00928,218.49,send,10,0.0,0.0,0.0,11,682.95,0.32,41335,-1.1366,A,1,0.9895,0.1949,1,1226,none,0,-0.2273,1.7364869675303118,0,1.017735436350172e-06,pass,[]
txn_001530,2025-01-08T18:33:44,payer_00714,payee_02516,1351.56,collect,18,0.0,1.0,1.0,0,1104.37,1.224,17370,0.2018,A,1,0.5834,0.8058,1,1268,none,0,0.4404,0.0890658216470904,0,0.40419413477911115,pass,"[{'id': 'collect_first_time', 'label': 'Collect request from a first-time payee', 'detail': ""This transaction is a UPI collect request (the payee is asking you to pay them, not the other way round) AND you've never paid this account before. Refund scammers use this exact pattern.""}, {'id': 'high_risk_merchant', 'label': 'Payee flagged as high-risk merchant', 'detail': 'This payee account has prior complaints or is on a high-risk watchlist.'}]"
txn_006375,2025-02-01T17:38:50,payer_01206,payee_03879,822.27,send,17,0.0,0.0,0.0,9,711.27,1.156,44142,0.1448,A,1,0.9037,0.6529,1,1234,none,0,0.029,1.3427902014842426,0,4.514780577258739e-06,pass,[]
txn_004026,2025-01-21T19:53:32,payer_01366,payee_04806,149.97,collect,19,0.0,0.0,0.0,5,295.69,0.507,17249,-0.6756,A,0,0.9762,0.336,0,20538,timeout,0,-0.1351,-0.2723095506484885,0,0.09147425596419469,pass,[]
txn_000216,2025-01-02T07:58:03,payer_00630,payee_01736,400.36,qr,7,1.0,0.0,0.0,9,549.98,0.728,36836,-0.3168,B,1,0.8278,0.7673,0,2251,none,0,0.3366,1.0082139852549574,0,2.367890764551212e-05,pass,"[{'id': 'odd_hour', 'label': 'Transaction at an unusual hour', 'detail': 'This transaction is happening between 21:00 and 08:00 local time — scammers often call late at night when the victim is tired or distracted.'}]"
txn_003620,2025-01-19T08:27:07,payer_01802,payee_00281,162.09,collect,8,0.0,1.0,0.0,0,216.46,0.749,10029,-0.2877,A,1,0.8603,0.719,1,1790,none,0,0.3425,-0.606192359730185,0,0.06519191616664226,pass,"[{'id': 'collect_first_time', 'label': 'Collect request from a first-time payee', 'detail': ""This transaction is a UPI collect request (the payee is asking you to pay them, not the other way round) AND you've never paid this account before. Refund scammers use this exact pattern.""}]"
txn_006423,2025-02-02T14:45:48,payer_01049,payee_01247,356.81,send,14,0.0,0.0,0.0,2,343.12,1.04,20920,0.039,A,1,0.9191,0.6136,0,1534,none,0,0.0078,-0.2445164001566076,0,2.2094113843374187e-06,pass,[]
txn_000921,2025-01-05T17:16:18,payer_01750,payee_02132,2655.84,collect,17,0.0,0.0,0.0,5,1936.79,1.371,34596,0.3156,A,1,0.8735,0.712,0,497,none,0,0.0631,0.6143708794009829,0,0.6857724854535178,pass,[]
txn_000866,2025-01-05T13:49:35,payer_01079,payee_02989,332.1,send,13,0.0,1.0,0.0,0,304.57,1.09,3686,0.0863,B,1,0.7585,0.8232,1,1317,none,0,0.4173,-1.1866335183577013,0,1.2026172937630607e-06,pass,[]
txn_006143,2025-01-31T16:18:26,payer_00539,payee_03506,626.71,qr,16,0.0,0.0,0.0,11,514.24,1.219,34055,0.1974,A,1,0.8952,0.6717,1,1402,none,0,0.0395,0.5042689824020627,0,3.2371090860844983e-06,pass,[]
txn_009562,2025-02-17T12:44:28,payer_01986,payee_02063,539.24,send,12,0.0,1.0,1.0,0,581.96,0.927,28334,-0.0761,A,1,0.6978,0.7268,1,585,none,0,0.3848,0.5585382734686475,0,2.0167636323044098e-06,pass,"[{'id': 'high_risk_merchant', 'label': 'Payee flagged as high-risk merchant', 'detail': 'This payee account has prior complaints or is on a high-risk watchlist.'}]"
txn_000017,2025-01-01T10:13:33,payer_00701,payee_02168,489.12,send,10,0.0,1.0,0.0,0,1012.93,0.483,10646,-0.7269,A,1,0.9314,0.559,0,971,none,0,0.2546,-0.9740531636494164,0,1.7533647957362782e-06,pass,[]
txn_004226,2025-01-22T12:47:22,payer_01802,payee_03210,182.8,collect,12,0.0,1.0,0.0,0,216.46,0.844,5249,-0.1682,A,1,0.8324,0.756,1,1191,none,0,0.3664,-1.3273919066184394,1,0.533551760500488,pass,"[{'id': 'collect_first_time', 'label': 'Collect request from a first-time payee', 'detail': ""This transaction is a UPI collect request (the payee is asking you to pay them, not the other way round) AND you've never paid this account before. Refund scammers use this exact pattern.""}, {'id': 'fast_approval', 'label': 'Approval given suspiciously fast', 'detail': 'The user approved this in under 2 seconds — too fast to read the amount, the payee name, or the direction of the request.'}]"
txn_011757,2025-02-28T20:38:53,payer_01928,payee_04204,1375.38,send,20,0.0,0.0,0.0,2,1248.57,1.102,30113,0.0967,A,1,0.911,0.6352,0,2283,none,0,0.0193,-0.200691651315345,0,9.208438766455508e-06,pass,[]
txn_011228,2025-02-26T14:23:57,payer_00971,payee_03345,317.76,send,14,0.0,1.0,0.0,0,358.17,0.887,33031,-0.1194,B,1,0.8198,0.7701,1,1782,none,0,0.3761,1.0728135470100155,0,1.1360211320736199e-06,pass,[]
txn_006464,2025-02-02T20:17:32,payer_01640,payee_03977,115.77,send,20,0.0,1.0,0.0,0,366.37,0.316,19543,-1.1462,A,1,0.9665,0.3932,0,1453,none,0,0.1708,0.2780992717307191,0,3.815597866004751e-07,pass,[]
txn_002507,2025-01-13T18:48:54,payer_00804,payee_01117,552.26,send,18,0.0,1.0,0.0,0,805.1,0.686,20350,-0.3764,A,1,0.8784,0.6895,1,2243,none,0,0.3247,0.2270909783409298,0,2.013932338141439e-06,pass,[]
txn_011479,2025-02-27T09:19:36,payer_00161,payee_02831,1251.45,send,9,0.0,0.0,0.0,12,924.67,1.353,19886,0.3023,A,0,0.8761,0.7076,0,15953,timeout,0,0.0605,0.0519549965501345,0,6.601046406615436e-06,pass,[]
txn_004808,2025-01-25T14:08:06,payer_00660,payee_00609,431.75,send,14,0.0,1.0,0.0,0,268.42,1.608,12188,0.4739,B,0,0.6099,0.8964,1,14129,declined,0,0.4948,-0.605525835284627,0,1.6287923863028313e-06,pass,[]
txn_009054,2025-02-15T14:04:21,payer_01557,payee_03578,312.94,collect,14,0.0,1.0,0.0,0,428.14,0.731,5848,-0.3126,B,1,0.8656,0.7109,1,2388,none,0,0.3375,-1.2482449749144269,1,0.6669770832322436,pass,"[{'id': 'collect_first_time', 'label': 'Collect request from a first-time payee', 'detail': ""This transaction is a UPI collect request (the payee is asking you to pay them, not the other way round) AND you've never paid this account before. Refund scammers use this exact pattern.""}, {'id': 'fast_approval', 'label': 'Approval given suspiciously fast', 'detail': 'The user approved this in under 2 seconds — too fast to read the amount, the payee name, or the direction of the request.'}]"
txn_010803,2025-02-24T07:46:53,payer_00829,payee_00220,99.68,send,7,1.0,0.0,0.0,9,212.42,0.469,37300,-0.7513,A,1,0.9131,0.622,1,2052,none,0,0.2497,1.1816154724254402,0,5.415793607575019e-06,pass,"[{'id': 'odd_hour', 'label': 'Transaction at an unusual hour', 'detail': 'This transaction is happening between 21:00 and 08:00 local time — scammers often call late at night when the victim is tired or distracted.'}]"
txn_006685,2025-02-03T18:11:56,payer_01563,payee_02946,2782.21,send,18,0.0,0.0,0.0,2,3676.49,0.757,25573,-0.2786,A,1,0.9526,0.4886,1,1249,none,0,-0.0557,0.2938933968121802,0,1.904388208344159e-05,pass,[]
txn_002168,2025-01-11T19:08:10,payer_00989,payee_03230,140.29,send,19,0.0,0.0,0.0,2,183.06,0.766,8797,-0.2644,B,0,0.9515,0.4942,1,27053,network_error,0,-0.0529,-0.6826690911589756,0,8.157303191916558e-07,pass,[]
txn_000795,2025-01-04T19:43:45,payer_00033,payee_03698,302.75,qr,19,0.0,1.0,0.0,0,1020.8,0.297,27022,-1.2131,B,1,0.9702,0.368,1,2461,none,0,0.1574,0.1503243184740831,0,1.0472551063724335e-06,pass,[]
txn_011290,2025-02-26T09:47:08,payer_01659,payee_02659,871.92,send,9,0.0,1.0,0.0,0,1100.73,0.792,18132,-0.2328,B,1,0.848,0.7364,1,1858,none,0,0.3534,-0.5836983288879638,0,3.2792788961787428e-06,pass,[]
txn_011153,2025-02-25T09:53:13,payer_00002,payee_00279,908.36,send,9,0.0,1.0,0.0,0,682.84,1.33,14453,0.285,A,1,0.6872,0.8648,1,2194,none,0,0.457,-0.2349040763086397,0,3.520315144742609e-06,pass,[]
txn_002316,2025-01-12T20:37:13,payer_01639,payee_00153,1440.62,collect,20,0.0,1.0,0.0,0,2534.83,0.568,38512,-0.5648,B,0,0.9102,0.6216,1,19822,timeout,0,0.287,0.5524162576589102,0,0.40889181097314736,pass,"[{'id': 'collect_first_time', 'label': 'Collect request from a first-time payee', 'detail': ""This transaction is a UPI collect request (the payee is asking you to pay them, not the other way round) AND you've never paid this account before. Refund scammers use this exact pattern.""}]"
txn_001562,2025-01-08T20:12:48,payer_00548,payee_04943,1549.54,send,20,0.0,1.0,0.0,0,949.22,1.632,20361,0.4897,A,1,0.6031,0.8988,1,1772,none,0,0.4979,0.0887833946862614,0,6.285271632804228e-06,pass,[]
txn_006761,2025-02-03T13:23:11,payer_00116,payee_00124,324.38,send,13,0.0,0.0,0.0,9,677.08,0.479,14962,-0.7343,A,1,0.9786,0.3154,1,1507,none,0,-0.1469,-0.7085151323624787,0,1.6342192298427552e-06,pass,[]
txn_010305,2025-02-21T18:19:33,payer_00136,payee_02131,97.78,collect,18,0.0,0.0,0.0,2,713.74,0.137,41630,-1.979,A,1,0.9977,0.0592,0,733,none,0,-0.3958,1.7168815535831865,0,0.06360048288815616,pass,[]
txn_002342,2025-01-12T11:42:26,payer_00925,payee_02123,284.18,send,11,0.0,1.0,0.0,0,394.6,0.72,19775,-0.3273,A,1,0.8687,0.7061,1,320,none,0,0.3345,0.2860421896150449,0,1.0012565332212433e-06,pass,[]
txn_007249,2025-02-06T16:21:47,payer_00926,payee_04326,45.86,send,16,0.0,0.0,0.0,9,304.22,0.151,36239,-1.8739,A,1,0.9972,0.0693,0,904,none,0,-0.3748,0.1101713389049272,0,2.0715196909795184e-07,pass,[]
txn_010087,2025-02-20T20:54:01,payer_00687,payee_04277,1443.9,collect,20,0.0,0.0,0.0,4,1100.27,1.312,20383,0.2716,A,1,0.882,0.6973,0,395,none,0,0.0543,-0.4867964565726732,0,0.5394399059657892,pass,[]
txn_002913,2025-01-15T12:30:52,payer_00095,payee_00538,428.92,send,12,0.0,0.0,0.0,12,636.07,0.674,9643,-0.3933,A,1,0.9611,0.4429,0,1100,none,0,-0.0787,-1.5190059699789746,1,2.9607562653431702e-05,pass,"[{'id': 'fast_approval', 'label': 'Approval given suspiciously fast', 'detail': 'The user approved this in under 2 seconds — too fast to read the amount, the payee name, or the direction of the request.'}]"
txn_007770,2025-02-08T13:31:07,payer_00001,payee_00979,4126.45,qr,13,0.0,1.0,0.0,0,458.17,9.006,9301,2.196,B,1,0.0658,0.9927,0,1978,none,0,0.6,-1.243714516624456,1,0.0014615493295240054,pass,"[{'id': 'amount_spike', 'label': 'Amount is unusually high for this payer', 'detail': ""This transaction is more than 3x this payer's typical amount. Common in refund scams where the scammer asks for a 'verification' transfer.""}, {'id': 'fast_approval', 'label': 'Approval given suspiciously fast', 'detail': 'The user approved this in under 2 seconds — too fast to read the amount, the payee name, or the direction of the request.'}]"
txn_003781,2025-01-19T16:33:54,payer_01576,payee_04159,323.17,send,16,0.0,1.0,0.0,0,857.76,0.377,36856,-0.9742,B,1,0.9549,0.4604,1,1285,none,0,0.2052,0.6793333190847145,0,1.1264511223076679e-06,pass,[]
txn_011001,2025-02-25T17:24:27,payer_00909,payee_00087,10.0,collect,17,0.0,0.0,0.0,4,834.11,0.012,43727,-4.3297,A,1,1.0,0.0015,0,1514,none,0,-0.8659,1.1850749640729863,0,0.006271030917627487,pass,[]
txn_010962,2025-02-24T18:43:42,payer_00029,payee_02791,465.94,collect,18,0.0,1.0,1.0,0,476.67,0.977,4281,-0.0227,B,0,0.6772,0.7434,1,12322,declined,0,0.3955,-1.0418042431120706,0,0.17871548773277987,pass,"[{'id': 'collect_first_time', 'label': 'Collect request from a first-time payee', 'detail': ""This transaction is a UPI collect request (the payee is asking you to pay them, not the other way round) AND you've never paid this account before. Refund scammers use this exact pattern.""}, {'id': 'high_risk_merchant', 'label': 'Payee flagged as high-risk merchant', 'detail': 'This payee account has prior complaints or is on a high-risk watchlist.'}]"
txn_003482,2025-01-18T04:53:21,payer_00653,payee_03402,1018.6,qr,4,1.0,0.0,0.0,10,769.81,1.323,14876,0.2797,B,1,0.6216,0.8954,0,579,none,0,0.4559,0.0305707568997577,0,6.382579146140453e-05,pass,"[{'id': 'odd_hour', 'label': 'Transaction at an unusual hour', 'detail': 'This transaction is happening between 21:00 and 08:00 local time — scammers often call late at night when the victim is tired or distracted.'}]"
txn_000683,2025-01-04T18:43:09,payer_00671,payee_01059,647.64,send,18,0.0,1.0,0.0,0,788.97,0.821,28866,-0.1971,B,1,0.8395,0.7474,1,2219,none,0,0.3606,0.9851197748927708,0,2.399302334407431e-06,pass,[]
txn_007007,2025-02-05T15:30:04,payer_00197,payee_01791,581.19,collect,15,0.0,1.0,0.0,0,1106.69,0.525,23320,-0.6432,A,1,0.9211,0.5917,1,1583,none,0,0.2714,-0.242244756828818,0,0.20927324850400705,pass,"[{'id': 'collect_first_time', 'label': 'Collect request from a first-time payee', 'detail': ""This transaction is a UPI collect request (the payee is asking you to pay them, not the other way round) AND you've never paid this account before. Refund scammers use this exact pattern.""}]"
txn_006486,2025-02-02T15:53:14,payer_00523,payee_00263,358.88,send,15,0.0,0.0,0.0,1,355.65,1.009,5363,0.009,A,1,0.923,0.6022,0,464,none,0,0.0018,-1.0656366392520444,0,2.2746706397094823e-06,pass,[]
txn_010865,2025-02-24T08:27:19,payer_00018,payee_00760,1202.93,qr,8,0.0,0.0,0.0,4,828.46,1.452,16658,0.3726,B,1,0.8617,0.7303,1,570,none,0,0.0745,-0.6780865824131601,0,7.747787893526413e-06,pass,[]
txn_000577,2025-01-03T08:20:59,payer_01918,payee_03661,553.91,send,8,0.0,1.0,0.0,0,560.59,0.988,24531,-0.012,B,1,0.7894,0.7991,1,862,none,0,0.3976,0.2033275631663159,0,2.051932753826426e-06,pass,[]
txn_011140,2025-02-25T13:01:56,payer_01651,payee_00359,2740.96,send,13,0.0,1.0,0.0,0,2196.85,1.248,7629,0.2212,A,1,0.7113,0.8524,1,2369,none,0,0.4442,-0.3688622862857915,0,1.1258129142577747e-05,pass,[]
txn_002968,2025-01-15T13:01:28,payer_01711,payee_02752,236.63,collect,13,0.0,1.0,0.0,0,364.9,0.648,1151,-0.4316,A,0,0.8886,0.6703,1,8637,declined,1,0.3137,-1.8357628156791332,1,0.5976945299671532,pass,"[{'id': 'collect_first_time', 'label': 'Collect request from a first-time payee', 'detail': ""This transaction is a UPI collect request (the payee is asking you to pay them, not the other way round) AND you've never paid this account before. Refund scammers use this exact pattern.""}, {'id': 'fast_approval', 'label': 'Approval given suspiciously fast', 'detail': 'The user approved this in under 2 seconds — too fast to read the amount, the payee name, or the direction of the request.'}]"
txn_011472,2025-02-27T10:16:58,payer_01770,payee_00035,10.0,qr,10,0.0,0.0,0.0,10,433.18,0.023,38834,-3.6756,A,1,0.9999,0.0041,0,1005,none,0,-0.7351,1.647504257656654,0,4.33868089656112e-08,pass,[]
txn_007663,2025-02-08T12:28:00,payer_01992,payee_03554,265.84,send,12,0.0,1.0,0.0,0,287.8,0.924,38573,-0.0791,B,1,0.8088,0.7813,1,2138,none,0,0.3842,1.3974735670846838,0,9.431648806847592e-07,pass,[]
txn_006753,2025-02-03T06:53:24,payer_01963,payee_03141,4490.39,collect,6,1.0,0.0,0.0,2,1719.91,2.611,3377,0.9593,B,1,0.3259,0.9621,0,2383,none,1,0.5919,-1.1659216076500931,0,0.9803892686014337,hard_block,"[{'id': 'odd_hour', 'label': 'Transaction at an unusual hour', 'detail': 'This transaction is happening between 21:00 and 08:00 local time — scammers often call late at night when the victim is tired or distracted.'}]"
txn_006520,2025-02-02T12:56:12,payer_01815,payee_01320,213.16,send,12,0.0,0.0,1.0,8,514.31,0.414,9908,-0.8781,A,1,0.9701,0.2133,1,790,none,0,-0.1756,-0.9348299157754438,0,1.0880917988303226e-06,pass,"[{'id': 'high_risk_merchant', 'label': 'Payee flagged as high-risk merchant', 'detail': 'This payee account has prior complaints or is on a high-risk watchlist.'}]"
txn_000761,2025-01-04T11:17:08,payer_01400,payee_02917,710.63,send,11,0.0,1.0,0.0,0,1030.83,0.689,39488,-0.3715,B,0,0.8775,0.6912,1,12895,timeout,0,0.3257,1.6356433573590854,0,2.628361635917509e-06,pass,[]
txn_005267,2025-01-27T19:48:48,payer_00948,payee_01009,179.67,send,19,0.0,0.0,0.0,9,164.84,1.09,10832,0.0856,A,1,0.9126,0.6311,1,1396,none,0,0.0171,-1.1102366726650823,0,9.054428815279193e-07,pass,[]
txn_008990,2025-02-14T18:36:56,payer_01147,payee_02187,368.59,collect,18,0.0,1.0,0.0,0,351.14,1.05,21207,0.0484,B,1,0.7708,0.8142,1,2185,none,0,0.4097,-0.9008901752857476,0,0.14397472015403445,pass,"[{'id': 'collect_first_time', 'label': 'Collect request from a first-time payee', 'detail': ""This transaction is a UPI collect request (the payee is asking you to pay them, not the other way round) AND you've never paid this account before. Refund scammers use this exact pattern.""}]"
txn_010793,2025-02-23T20:00:50,payer_00802,payee_01911,184.21,collect,20,0.0,1.0,0.0,0,198.36,0.929,34356,-0.0736,A,0,0.8073,0.7828,1,27111,declined,0,0.3853,1.0355675004441671,0,0.07451737521443666,pass,"[{'id': 'collect_first_time', 'label': 'Collect request from a first-time payee', 'detail': ""This transaction is a UPI collect request (the payee is asking you to pay them, not the other way round) AND you've never paid this account before. Refund scammers use this exact pattern.""}]"
txn_001457,2025-01-08T22:07:53,payer_00805,payee_03684,1149.93,send,22,1.0,1.0,1.0,0,693.02,1.659,32043,0.5058,B,1,0.1531,0.9612,0,368,none,0,0.9012,0.4593415629946628,0,5.3379409360829446e-05,pass,"[{'id': 'odd_hour', 'label': 'Transaction at an unusual hour', 'detail': 'This transaction is happening between 21:00 and 08:00 local time — scammers often call late at night when the victim is tired or distracted.'}, {'id': 'high_risk_merchant', 'label': 'Payee flagged as high-risk merchant', 'detail': 'This payee account has prior complaints or is on a high-risk watchlist.'}]"
txn_001617,2025-01-09T12:26:00,payer_01859,payee_01742,1167.93,send,12,0.0,0.0,0.0,10,1439.52,0.811,8488,-0.2089,B,1,0.9466,0.5164,1,2190,none,0,-0.0418,-1.472019632265852,1,9.016563169079498e-05,pass,"[{'id': 'fast_approval', 'label': 'Approval given suspiciously fast', 'detail': 'The user approved this in under 2 seconds — too fast to read the amount, the payee name, or the direction of the request.'}]"
txn_004449,2025-01-23T17:53:50,payer_01614,payee_03921,251.82,qr,17,0.0,0.0,0.0,3,319.87,0.787,21189,-0.2383,A,1,0.9493,0.5047,0,801,none,0,-0.0477,0.3197600448931399,0,1.4739145676797249e-06,pass,[]
txn_006569,2025-02-02T14:22:13,payer_01913,payee_04258,578.23,collect,14,0.0,1.0,0.0,0,634.03,0.912,28298,-0.092,B,0,0.8124,0.7778,1,15941,timeout,0,0.3816,0.4359775603564254,0,0.21168806437293797,pass,"[{'id': 'collect_first_time', 'label': 'Collect request from a first-time payee', 'detail': ""This transaction is a UPI collect request (the payee is asking you to pay them, not the other way round) AND you've never paid this account before. Refund scammers use this exact pattern.""}]"
txn_002250,2025-01-12T17:55:56,payer_01235,payee_04954,1542.5,qr,17,0.0,0.0,0.0,1,2946.79,0.523,24616,-0.647,A,1,0.975,0.3463,1,1403,none,0,-0.1294,0.2933074627086232,0,1.034050038571793e-05,pass,[]
txn_010010,2025-02-20T13:11:45,payer_00324,payee_00787,4965.79,collect,13,0.0,1.0,0.0,0,1071.6,4.634,3812,1.5327,B,1,0.1886,0.9792,0,1082,none,1,0.6,-1.2123390736500264,1,0.9944277617011705,hard_block,"[{'id': 'collect_first_time', 'label': 'Collect request from a first-time payee', 'detail': ""This transaction is a UPI collect request (the payee is asking you to pay them, not the other way round) AND you've never paid this account before. Refund scammers use this exact pattern.""}, {'id': 'amount_spike', 'label': 'Amount is unusually high for this payer', 'detail': ""This transaction is more than 3x this payer's typical amount. Common in refund scams where the scammer asks for a 'verification' transfer.""}, {'id': 'fast_approval', 'label': 'Approval given suspiciously fast', 'detail': 'The user approved this in under 2 seconds — too fast to read the amount, the payee name, or the direction of the request.'}, {'id': 'high_amount_first_time', 'label': 'High amount + first-time payee combination', 'detail': 'First-time payee + unusually high amount + (collect or QR direction) is the strongest single signal in our historical scam data.'}]"
txn_002576,2025-01-13T12:21:37,payer_00809,payee_04100,10752.16,collect,12,0.0,1.0,0.0,0,800.42,13.433,1762,2.5966,A,0,0.0331,0.9961,1,8960,declined,1,0.6,-1.9522115626709973,1,0.9984280376823933,hard_block,"[{'id': 'collect_first_time', 'label': 'Collect request from a first-time payee', 'detail': ""This transaction is a UPI collect request (the payee is asking you to pay them, not the other way round) AND you've never paid this account before. Refund scammers use this exact pattern.""}, {'id': 'amount_spike', 'label': 'Amount is unusually high for this payer', 'detail': ""This transaction is more than 3x this payer's typical amount. Common in refund scams where the scammer asks for a 'verification' transfer.""}, {'id': 'fast_approval', 'label': 'Approval given suspiciously fast', 'detail': 'The user approved this in under 2 seconds — too fast to read the amount, the payee name, or the direction of the request.'}, {'id': 'high_amount_first_time', 'label': 'High amount + first-time payee combination', 'detail': 'First-time payee + unusually high amount + (collect or QR direction) is the strongest single signal in our historical scam data.'}]"
txn_006521,2025-02-02T11:03:29,payer_00658,payee_00409,3129.66,send,11,0.0,0.0,0.0,11,3181.84,0.984,33530,-0.0165,B,0,0.9262,0.5923,1,25877,network_error,0,-0.0033,1.6294415758840728,0,1.7484847794943464e-05,pass,[]
txn_002614,2025-01-14T15:10:42,payer_01962,payee_00384,1504.51,send,15,0.0,0.0,0.0,11,778.1,1.934,12836,0.6588,A,1,0.7882,0.8106,1,711,none,0,0.1318,-0.0835815337280103,0,8.46793955443615e-06,pass,[]
txn_005589,2025-01-28T00:17:04,payer_00805,payee_04311,539.23,collect,0,1.0,0.0,0.0,1,693.02,0.778,2196,-0.2505,B,1,0.8101,0.7857,1,1462,none,1,0.3499,-1.6563941824839947,1,0.9862015264207724,hard_block,"[{'id': 'fast_approval', 'label': 'Approval given suspiciously fast', 'detail': 'The user approved this in under 2 seconds — too fast to read the amount, the payee name, or the direction of the request.'}, {'id': 'odd_hour', 'label': 'Transaction at an unusual hour', 'detail': 'This transaction is happening between 21:00 and 08:00 local time — scammers often call late at night when the victim is tired or distracted.'}]"
txn_004398,2025-01-22T18:15:14,payer_01666,payee_00474,1535.67,send,18,0.0,0.0,0.0,7,1297.27,1.184,32818,0.1686,A,1,0.8999,0.6614,1,1298,none,0,0.0337,0.7496432054756408,0,9.186776001513877e-06,pass,[]
txn_006590,2025-02-02T12:35:57,payer_00498,payee_01303,115.8,collect,12,0.0,1.0,0.0,0,237.65,0.487,24078,-0.7145,A,1,0.93,0.5638,0,891,none,0,0.2571,0.1574102245087521,0,0.04611470874367869,pass,"[{'id': 'collect_first_time', 'label': 'Collect request from a first-time payee', 'detail': ""This transaction is a UPI collect request (the payee is asking you to pay them, not the other way round) AND you've never paid this account before. Refund scammers use this exact pattern.""}]"
txn_008771,2025-02-13T12:53:01,payer_01183,payee_03506,895.64,qr,12,0.0,0.0,0.0,12,1358.95,0.659,3192,-0.4165,A,1,0.9627,0.4338,1,1102,none,0,-0.0833,-2.115528739088666,1,6.434700465267709e-05,pass,"[{'id': 'fast_approval', 'label': 'Approval given suspiciously fast', 'detail': 'The user approved this in under 2 seconds — too fast to read the amount, the payee name, or the direction of the request.'}]"
txn_009775,2025-02-18T12:38:02,payer_00892,payee_04623,381.81,send,12,0.0,0.0,0.0,9,361.48,1.056,36815,0.0546,A,1,0.917,0.6195,1,1527,none,0,0.0109,1.3452909606778836,0,1.9991061427400596e-06,pass,[]
txn_008115,2025-02-10T12:44:37,payer_00665,payee_00405,105.05,collect,12,0.0,0.0,0.0,1,238.55,0.44,1737,-0.8149,B,0,0.9814,0.2883,1,29503,declined,1,-0.163,-1.417185023765418,1,0.5229844059547861,pass,"[{'id': 'fast_approval', 'label': 'Approval given suspiciously fast', 'detail': 'The user approved this in under 2 seconds — too fast to read the amount, the payee name, or the direction of the request.'}]"
txn_001807,2025-01-10T09:43:19,payer_01360,payee_00630,506.16,send,9,0.0,1.0,0.0,0,609.26,0.831,16409,-0.1851,A,1,0.8366,0.751,0,526,none,0,0.363,-0.9806390135846844,0,1.8507276482028481e-06,pass,[]
txn_006584,2025-02-02T12:06:19,payer_00397,payee_03882,1004.15,qr,12,0.0,1.0,0.0,0,984.23,1.02,6927,0.02,A,1,0.7797,0.8072,1,625,none,0,0.404,-0.5811978061967702,0,3.851522902529632e-06,pass,[]
txn_010903,2025-02-24T06:16:31,payer_01230,payee_00335,10.89,send,6,1.0,1.0,0.0,0,1306.2,0.008,34550,-4.6999,A,1,0.9997,0.008,0,680,none,0,-0.14,0.8534518068620591,0,3.845596979936189e-07,pass,"[{'id': 'odd_hour', 'label': 'Transaction at an unusual hour', 'detail': 'This transaction is happening between 21:00 and 08:00 local time — scammers often call late at night when the victim is tired or distracted.'}]"
txn_010279,2025-02-21T00:46:28,payer_01465,payee_00190,12214.54,collect,0,1.0,0.0,0.0,8,389.45,31.364,12142,3.4432,A,0,0.0055,0.9993,1,12969,declined,1,0.6,-0.6651408215053171,0,0.9981706711697936,hard_block,"[{'id': 'amount_spike', 'label': 'Amount is unusually high for this payer', 'detail': ""This transaction is more than 3x this payer's typical amount. Common in refund scams where the scammer asks for a 'verification' transfer.""}, {'id': 'odd_hour', 'label': 'Transaction at an unusual hour', 'detail': 'This transaction is happening between 21:00 and 08:00 local time — scammers often call late at night when the victim is tired or distracted.'}]"
txn_005714,2025-01-29T12:24:49,payer_00745,payee_03887,382.8,collect,12,0.0,0.0,0.0,7,406.04,0.943,8001,-0.0588,A,1,0.9312,0.5759,1,520,none,0,-0.0118,-0.7426187629624489,0,0.20814089952336753,pass,[]
txn_003532,2025-01-18T19:49:48,payer_01582,payee_04546,255.02,send,19,0.0,0.0,0.0,7,265.03,0.962,20912,-0.0383,B,1,0.9288,0.5839,1,1410,none,0,-0.0077,-0.6353234393101472,0,1.3658813037906317e-06,pass,[]
txn_001041,2025-01-06T20:34:07,payer_00793,payee_03517,475.81,send,20,0.0,0.0,0.0,11,481.49,0.988,6973,-0.0118,B,0,0.9256,0.5941,1,27172,bank_down,0,-0.0024,-1.6132318632359173,1,3.440596073786648e-05,pass,"[{'id': 'fast_approval', 'label': 'Approval given suspiciously fast', 'detail': 'The user approved this in under 2 seconds — too fast to read the amount, the payee name, or the direction of the request.'}]"
txn_003853,2025-01-20T16:00:27,payer_00581,payee_01758,235.12,qr,16,0.0,0.0,0.0,6,446.49,0.527,13453,-0.6393,A,1,0.9747,0.3491,0,2090,none,0,-0.1279,-0.6198539539834457,0,1.2566828982821422e-06,pass,[]
txn_004974,2025-01-25T08:40:01,payer_01131,payee_03440,7337.11,send,8,0.0,1.0,0.0,0,3972.4,1.847,29733,0.6135,A,1,0.5488,0.9154,1,2122,none,0,0.5227,0.8867034505798471,0,3.287043107226896e-05,pass,[]
txn_005007,2025-01-26T10:48:23,payer_00535,payee_03258,209.01,send,10,0.0,0.0,0.0,5,258.05,0.81,13673,-0.2099,A,1,0.9467,0.516,0,424,none,0,-0.042,-0.1032255970058176,0,1.1546145653091934e-06,pass,[]
txn_000173,2025-01-01T13:49:33,payer_00259,payee_02773,1353.05,send,13,0.0,1.0,1.0,0,1099.59,1.231,6630,0.2073,B,0,0.581,0.8072,1,22256,timeout,0,0.4415,-1.4334815695890306,1,7.783339668677e-05,pass,"[{'id': 'fast_approval', 'label': 'Approval given suspiciously fast', 'detail': 'The user approved this in under 2 seconds — too fast to read the amount, the payee name, or the direction of the request.'}, {'id': 'high_risk_merchant', 'label': 'Payee flagged as high-risk merchant', 'detail': 'This payee account has prior complaints or is on a high-risk watchlist.'}]"
txn_007020,2025-02-05T03:05:52,payer_01876,payee_01573,1576.54,send,3,1.0,1.0,0.0,0,964.54,1.634,37706,0.4909,B,1,0.2528,0.9703,0,489,none,0,0.8982,0.9415253410445374,0,7.335127529075322e-05,pass,"[{'id': 'odd_hour', 'label': 'Transaction at an unusual hour', 'detail': 'This transaction is happening between 21:00 and 08:00 local time — scammers often call late at night when the victim is tired or distracted.'}]"
txn_000169,2025-01-01T19:30:29,payer_00858,payee_01918,919.88,send,19,0.0,1.0,0.0,0,574.04,1.602,24402,0.4709,B,1,0.6112,0.896,1,629,none,0,0.4942,-0.0226169484514202,0,3.617775437970838e-06,pass,[]
txn_008861,2025-02-14T22:03:50,payer_00391,payee_00303,1414.04,send,22,1.0,0.0,0.0,8,1249.18,1.132,20649,0.1239,B,1,0.685,0.8697,1,796,none,0,0.4248,0.5400953784251009,0,9.387733892627982e-05,pass,"[{'id': 'odd_hour', 'label': 'Transaction at an unusual hour', 'detail': 'This transaction is happening between 21:00 and 08:00 local time — scammers often call late at night when the victim is tired or distracted.'}]"
txn_007900,2025-02-09T13:06:19,payer_01699,payee_03941,1194.04,collect,13,0.0,0.0,0.0,4,1502.7,0.795,9077,-0.2298,B,0,0.9485,0.5081,1,18422,network_error,0,-0.046,-0.2939017514774041,0,0.4826980256768159,pass,[]
txn_008550,2025-02-12T14:13:59,payer_01317,payee_00110,3496.05,collect,14,0.0,1.0,0.0,0,2206.95,1.584,38794,0.4599,B,0,0.6159,0.8943,1,19686,timeout,0,0.492,1.2984397621406545,0,0.6503433200781262,pass,"[{'id': 'collect_first_time', 'label': 'Collect request from a first-time payee', 'detail': ""This transaction is a UPI collect request (the payee is asking you to pay them, not the other way round) AND you've never paid this account before. Refund scammers use this exact pattern.""}]"
txn_003941,2025-01-20T14:37:56,payer_00792,payee_03813,425.72,send,14,0.0,0.0,0.0,1,849.04,0.501,35135,-0.6892,A,1,0.9768,0.3312,0,1509,none,0,-0.1378,1.0131437495228257,0,2.653237779406302e-06,pass,[]
txn_001272,2025-01-07T09:54:44,payer_00774,payee_02056,318.46,send,9,0.0,1.0,0.0,0,204.28,1.559,40203,0.4422,A,1,0.6234,0.8916,1,1638,none,0,0.4884,1.1007171653030212,0,1.17873385161168e-06,pass,[]
txn_007153,2025-02-05T13:07:55,payer_01329,payee_03484,359.86,send,13,0.0,1.0,1.0,0,379.35,0.949,11016,-0.0526,B,1,0.6888,0.7342,1,1089,none,0,0.3895,-1.6476915284338645,1,1.895691757561946e-05,pass,"[{'id': 'fast_approval', 'label': 'Approval given suspiciously fast', 'detail': 'The user approved this in under 2 seconds — too fast to read the amount, the payee name, or the direction of the request.'}, {'id': 'high_risk_merchant', 'label': 'Payee flagged as high-risk merchant', 'detail': 'This payee account has prior complaints or is on a high-risk watchlist.'}]"
txn_000960,2025-01-05T18:09:00,payer_00071,payee_01545,395.02,qr,18,0.0,1.0,0.0,0,530.54,0.745,33300,-0.2943,A,1,0.8617,0.7169,1,2146,none,0,0.3411,0.9649070123219328,0,1.4185749765090566e-06,pass,[]
txn_002543,2025-01-13T11:23:30,payer_01624,payee_04778,275.03,send,11,0.0,1.0,0.0,0,324.46,0.848,13934,-0.1647,A,1,0.8315,0.757,1,2476,none,0,0.3671,1.4084068999531063,0,9.737209221656294e-07,pass,[]
txn_004718,2025-01-24T15:22:37,payer_00681,payee_00032,527.16,qr,15,0.0,0.0,0.0,11,293.4,1.797,20549,0.5845,A,1,0.8097,0.7917,1,2409,none,0,0.1169,1.5519259376403325,0,2.778424856007851e-06,pass,[]
txn_007944,2025-02-09T08:55:37,payer_01635,payee_01686,1519.43,qr,8,0.0,1.0,0.0,0,1215.5,1.25,41721,0.223,A,0,0.7107,0.8528,1,14206,network_error,0,0.4446,1.1331046817980488,0,6.036447402606346e-06,pass,[]
txn_000883,2025-01-05T02:35:49,payer_01181,payee_02267,3214.07,collect,2,1.0,1.0,0.0,0,942.59,3.41,1574,1.2259,B,1,0.0827,0.9906,0,1077,none,1,1.0,-0.8525960293596196,0,0.9882746020458502,hard_block,"[{'id': 'collect_first_time', 'label': 'Collect request from a first-time payee', 'detail': ""This transaction is a UPI collect request (the payee is asking you to pay them, not the other way round) AND you've never paid this account before. Refund scammers use this exact pattern.""}, {'id': 'amount_spike', 'label': 'Amount is unusually high for this payer', 'detail': ""This transaction is more than 3x this payer's typical amount. Common in refund scams where the scammer asks for a 'verification' transfer.""}, {'id': 'odd_hour', 'label': 'Transaction at an unusual hour', 'detail': 'This transaction is happening between 21:00 and 08:00 local time — scammers often call late at night when the victim is tired or distracted.'}, {'id': 'high_amount_first_time', 'label': 'High amount + first-time payee combination', 'detail': 'First-time payee + unusually high amount + (collect or QR direction) is the strongest single signal in our historical scam data.'}]"
txn_010437,2025-02-22T15:41:23,payer_01936,payee_03916,1447.71,send,15,0.0,0.0,0.0,10,1113.68,1.3,12527,0.2621,B,1,0.8837,0.6941,1,418,none,0,0.0524,-0.4887865096815813,0,8.065566549352928e-06,pass,[]
txn_002522,2025-01-13T13:53:23,payer_01886,payee_04208,577.87,send,13,0.0,0.0,0.0,5,535.61,1.079,17722,0.0758,B,1,0.914,0.6275,1,1349,none,0,0.0152,-0.332428064995983,0,3.4194652025940634e-06,pass,[]
txn_000799,2025-01-04T09:10:33,payer_01062,payee_03399,2901.02,send,9,0.0,1.0,0.0,0,1506.13,1.926,22234,0.6552,B,0,0.5301,0.9204,0,22986,timeout,0,0.531,-0.1283879505121803,0,1.2378546641138517e-05,pass,[]
txn_011845,2025-03-01T12:01:03,payer_00136,payee_00356,6745.26,send,12,0.0,1.0,0.0,0,713.74,9.451,8811,2.2448,B,1,0.0606,0.9933,0,1781,none,0,0.6,-0.5562021629404675,0,0.00017498665967768902,pass,"[{'id': 'amount_spike', 'label': 'Amount is unusually high for this payer', 'detail': ""This transaction is more than 3x this payer's typical amount. Common in refund scams where the scammer asks for a 'verification' transfer.""}]"
txn_008330,2025-02-11T22:38:12,payer_00131,payee_04687,1141.37,qr,22,1.0,0.0,0.0,8,497.79,2.293,19371,0.8287,A,0,0.3795,0.9537,1,11768,network_error,0,0.5657,-0.5017605440815499,0,7.947773250374421e-05,pass,"[{'id': 'odd_hour', 'label': 'Transaction at an unusual hour', 'detail': 'This transaction is happening between 21:00 and 08:00 local time — scammers often call late at night when the victim is tired or distracted.'}]"
txn_004030,2025-01-21T21:14:32,payer_01794,payee_03050,483.36,send,21,1.0,0.0,0.0,10,1173.52,0.412,11293,-0.8858,A,1,0.9305,0.5702,0,1412,none,0,0.2228,-0.5044009929148694,0,2.772741168279454e-05,pass,"[{'id': 'odd_hour', 'label': 'Transaction at an unusual hour', 'detail': 'This transaction is happening between 21:00 and 08:00 local time — scammers often call late at night when the victim is tired or distracted.'}]"
txn_001593,2025-01-08T22:22:10,payer_01551,payee_00840,234.94,qr,22,1.0,1.0,1.0,0,601.6,0.391,8385,-0.9377,A,0,0.7084,0.7109,1,22062,timeout,0,0.6125,-1.222118442119532,1,0.0001346794554273569,pass,"[{'id': 'fast_approval', 'label': 'Approval given suspiciously fast', 'detail': 'The user approved this in under 2 seconds — too fast to read the amount, the payee name, or the direction of the request.'}, {'id': 'odd_hour', 'label': 'Transaction at an unusual hour', 'detail': 'This transaction is happening between 21:00 and 08:00 local time — scammers often call late at night when the victim is tired or distracted.'}, {'id': 'high_risk_merchant', 'label': 'Payee flagged as high-risk merchant', 'detail': 'This payee account has prior complaints or is on a high-risk watchlist.'}]"
txn_002536,2025-01-13T20:15:05,payer_00429,payee_02512,664.71,send,20,0.0,1.0,0.0,0,491.8,1.352,4080,0.3008,A,1,0.6811,0.8677,1,1171,none,0,0.4602,-1.340241232792991,1,3.6455172281013e-05,pass,"[{'id': 'fast_approval', 'label': 'Approval given suspiciously fast', 'detail': 'The user approved this in under 2 seconds — too fast to read the amount, the payee name, or the direction of the request.'}]"
txn_002882,2025-01-15T12:38:11,payer_01784,payee_00134,1067.3,send,12,0.0,1.0,0.0,0,514.15,2.076,29600,0.7294,B,1,0.4968,0.9287,1,1202,none,0,0.5459,0.7646995288467355,0,4.337240127652407e-06,pass,[]
txn_006496,2025-02-02T15:31:49,payer_00424,payee_03917,202.12,send,15,0.0,0.0,0.0,7,272.56,0.742,36737,-0.2977,A,1,0.9542,0.4809,1,1387,none,0,-0.0595,1.3988164154325813,0,1.0573739343944812e-06,pass,[]
txn_006765,2025-02-03T21:28:22,payer_01775,payee_00192,398.66,send,21,1.0,0.0,0.0,12,284.86,1.399,13244,0.3351,A,1,0.5979,0.9034,1,2270,none,0,0.467,-0.4603580249177111,0,2.2664891550689966e-05,pass,"[{'id': 'odd_hour', 'label': 'Transaction at an unusual hour', 'detail': 'This transaction is happening between 21:00 and 08:00 local time — scammers often call late at night when the victim is tired or distracted.'}]"
txn_003601,2025-01-19T18:36:15,payer_01607,payee_02598,1037.08,send,18,0.0,1.0,0.0,0,1651.62,0.628,12832,-0.465,A,1,0.8944,0.6584,1,1528,none,0,0.307,-0.7837944632957874,0,3.905436662180576e-06,pass,[]
txn_004418,2025-01-23T13:11:14,payer_01842,payee_03400,2704.32,send,13,0.0,0.0,0.0,12,1148.51,2.355,19291,0.8559,B,1,0.723,0.8544,1,1510,none,0,0.1712,-0.6050640650671756,0,1.5688531528923712e-05,pass,[]
txn_004782,2025-01-24T23:09:45,payer_00010,payee_03944,505.43,send,23,1.0,1.0,0.0,0,403.29,1.253,37355,0.2252,B,1,0.3531,0.9552,0,1384,none,0,0.845,0.1643935208853141,0,2.163955492907493e-05,pass,"[{'id': 'odd_hour', 'label': 'Transaction at an unusual hour', 'detail': 'This transaction is happening between 21:00 and 08:00 local time — scammers often call late at night when the victim is tired or distracted.'}]"
txn_004220,2025-01-22T05:54:57,payer_01115,payee_01782,353.1,collect,5,1.0,0.0,1.0,4,277.28,1.273,2268,0.241,A,0,0.4916,0.8564,0,26353,timeout,1,0.4482,-1.1938492946779735,0,0.7544396618183576,pass,"[{'id': 'odd_hour', 'label': 'Transaction at an unusual hour', 'detail': 'This transaction is happening between 21:00 and 08:00 local time — scammers often call late at night when the victim is tired or distracted.'}, {'id': 'high_risk_merchant', 'label': 'Payee flagged as high-risk merchant', 'detail': 'This payee account has prior complaints or is on a high-risk watchlist.'}]"
txn_006551,2025-02-02T17:45:53,payer_00464,payee_00987,1988.78,send,17,0.0,1.0,0.0,0,1187.95,1.674,33841,0.515,A,0,0.5922,0.9024,1,12022,timeout,0,0.503,0.4285590291648355,0,8.199273037362712e-06,pass,[]
txn_003678,2025-01-19T10:36:11,payer_00982,payee_03403,763.8,send,10,0.0,0.0,0.0,4,507.5,1.505,19610,0.4081,B,1,0.8539,0.7414,1,1713,none,0,0.0816,-0.308514722978376,0,4.80892321971198e-06,pass,[]
txn_001160,2025-01-06T20:53:07,payer_00145,payee_01475,795.48,send,20,0.0,1.0,0.0,0,440.57,1.806,35129,0.5899,B,1,0.5593,0.9124,1,549,none,0,0.518,0.6785617382674524,0,3.13596781981505e-06,pass,[]
txn_003884,2025-01-20T14:36:13,payer_01667,payee_01671,1155.57,send,14,0.0,0.0,0.0,12,660.5,1.75,27255,0.5587,A,0,0.8167,0.7848,1,22624,declined,0,0.1117,0.2971190779791815,0,6.1933030755327286e-06,pass,[]
txn_009624,2025-02-18T22:47:24,payer_00779,payee_00292,2727.4,collect,22,1.0,1.0,0.0,0,1395.37,1.955,5242,0.6698,B,1,0.1969,0.9775,1,2387,none,0,0.934,-1.5321480283754565,1,0.9958569265559234,hard_block,"[{'id': 'collect_first_time', 'label': 'Collect request from a first-time payee', 'detail': ""This transaction is a UPI collect request (the payee is asking you to pay them, not the other way round) AND you've never paid this account before. Refund scammers use this exact pattern.""}, {'id': 'fast_approval', 'label': 'Approval given suspiciously fast', 'detail': 'The user approved this in under 2 seconds — too fast to read the amount, the payee name, or the direction of the request.'}, {'id': 'odd_hour', 'label': 'Transaction at an unusual hour', 'detail': 'This transaction is happening between 21:00 and 08:00 local time — scammers often call late at night when the victim is tired or distracted.'}]"
txn_004480,2025-01-23T18:48:35,payer_01563,payee_02162,2887.43,send,18,0.0,1.0,0.0,0,3676.49,0.785,28952,-0.2415,A,1,0.85,0.7337,1,543,none,0,0.3517,0.5782764975648598,0,1.1614710796041965e-05,pass,[]
txn_010371,2025-02-21T19:33:39,payer_00923,payee_03321,251.1,send,19,0.0,0.0,0.0,10,521.15,0.482,8707,-0.7281,B,0,0.9783,0.3176,1,27512,network_error,0,-0.1456,-1.0920213011137183,0,1.2176969478637354e-06,pass,[]
txn_008452,2025-02-12T16:52:26,payer_00837,payee_02124,724.1,send,16,0.0,1.0,0.0,0,275.79,2.625,11616,0.963,A,1,0.3933,0.9498,1,1693,none,0,0.5926,-0.6626992211397178,0,2.961914080523592e-06,pass,[]
txn_007995,2025-02-09T17:24:00,payer_01904,payee_03839,17426.67,collect,17,0.0,0.0,0.0,7,333.31,52.284,2009,3.9538,A,0,0.0098,0.9988,1,9623,timeout,1,0.2,-0.7948090764829273,0,0.9952284297187888,hard_block,"[{'id': 'amount_spike', 'label': 'Amount is unusually high for this payer', 'detail': ""This transaction is more than 3x this payer's typical amount. Common in refund scams where the scammer asks for a 'verification' transfer.""}]"
txn_000586,2025-01-03T15:42:14,payer_00318,payee_02135,10.0,send,15,0.0,1.0,0.0,0,361.54,0.028,13656,-3.4952,A,1,0.9995,0.0149,0,1118,none,0,-0.299,-0.5677625517883746,0,3.094200885802283e-08,pass,[]
txn_001579,2025-01-08T19:50:06,payer_01261,payee_01919,1850.01,send,19,0.0,1.0,0.0,0,2715.54,0.681,40029,-0.3836,A,1,0.8798,0.687,1,1256,none,0,0.3233,1.3921336792084338,0,7.217502992061851e-06,pass,[]
txn_005396,2025-01-27T13:20:17,payer_00830,payee_03772,630.15,send,13,0.0,0.0,0.0,7,371.18,1.698,5027,0.5282,B,1,0.8248,0.7764,1,2307,none,0,0.1056,-1.2516186334726749,1,5.2965300954204786e-05,pass,"[{'id': 'fast_approval', 'label': 'Approval given suspiciously fast', 'detail': 'The user approved this in under 2 seconds — too fast to read the amount, the payee name, or the direction of the request.'}]"
txn_006997,2025-02-04T13:49:05,payer_00343,payee_03743,9665.01,send,13,0.0,1.0,0.0,0,396.65,24.367,13178,3.1908,A,0,0.0116,0.9985,1,25431,timeout,0,0.6,-0.3225725740737168,0,0.0005513057495257277,pass,"[{'id': 'amount_spike', 'label': 'Amount is unusually high for this payer', 'detail': ""This transaction is more than 3x this payer's typical amount. Common in refund scams where the scammer asks for a 'verification' transfer.""}]"
txn_010667,2025-02-23T19:30:31,payer_00572,payee_02955,1145.8,qr,19,0.0,1.0,0.0,0,708.61,1.617,20040,0.48,B,1,0.6073,0.8973,0,1046,none,0,0.496,-0.2356947383666524,0,4.5656976840732555e-06,pass,[]
txn_011048,2025-02-25T11:43:58,payer_01616,payee_03976,244.1,send,11,0.0,0.0,0.0,3,424.83,0.575,13956,-0.5524,A,1,0.9705,0.3814,1,503,none,0,-0.1105,-1.099155941993056,0,1.4108969404620012e-06,pass,[]
txn_002957,2025-01-15T11:54:32,payer_01796,payee_00008,589.34,send,11,0.0,1.0,0.0,0,356.88,1.651,7526,0.5005,B,1,0.5985,0.9003,1,2297,none,0,0.5001,-1.032606325178003,0,2.2667313571927944e-06,pass,[]
txn_007516,2025-02-07T04:00:39,payer_01735,payee_00244,5658.35,collect,4,1.0,1.0,0.0,0,1863.16,3.037,21600,1.1105,B,1,0.0998,0.9888,0,1416,none,1,1.0,0.0449458219491129,0,0.9933915950260576,hard_block,"[{'id': 'collect_first_time', 'label': 'Collect request from a first-time payee', 'detail': ""This transaction is a UPI collect request (the payee is asking you to pay them, not the other way round) AND you've never paid this account before. Refund scammers use this exact pattern.""}, {'id': 'amount_spike', 'label': 'Amount is unusually high for this payer', 'detail': ""This transaction is more than 3x this payer's typical amount. Common in refund scams where the scammer asks for a 'verification' transfer.""}, {'id': 'odd_hour', 'label': 'Transaction at an unusual hour', 'detail': 'This transaction is happening between 21:00 and 08:00 local time — scammers often call late at night when the victim is tired or distracted.'}, {'id': 'high_amount_first_time', 'label': 'High amount + first-time payee combination', 'detail': 'First-time payee + unusually high amount + (collect or QR direction) is the strongest single signal in our historical scam data.'}]"
txn_008682,2025-02-13T02:48:05,payer_00179,payee_02128,6252.23,collect,2,1.0,1.0,0.0,0,1132.48,5.521,2807,1.7078,B,1,0.0365,0.9956,0,2338,none,1,1.0,-1.409271320579441,1,0.9996339157070214,hard_block,"[{'id': 'collect_first_time', 'label': 'Collect request from a first-time payee', 'detail': ""This transaction is a UPI collect request (the payee is asking you to pay them, not the other way round) AND you've never paid this account before. Refund scammers use this exact pattern.""}, {'id': 'amount_spike', 'label': 'Amount is unusually high for this payer', 'detail': ""This transaction is more than 3x this payer's typical amount. Common in refund scams where the scammer asks for a 'verification' transfer.""}, {'id': 'fast_approval', 'label': 'Approval given suspiciously fast', 'detail': 'The user approved this in under 2 seconds — too fast to read the amount, the payee name, or the direction of the request.'}, {'id': 'odd_hour', 'label': 'Transaction at an unusual hour', 'detail': 'This transaction is happening between 21:00 and 08:00 local time — scammers often call late at night when the victim is tired or distracted.'}, {'id': 'high_amount_first_time', 'label': 'High amount + first-time payee combination', 'detail': 'First-time payee + unusually high amount + (collect or QR direction) is the strongest single signal in our historical scam data.'}]"
txn_002585,2025-01-13T15:31:55,payer_00735,payee_02503,921.49,send,15,0.0,1.0,0.0,0,1330.92,0.692,18118,-0.3673,A,1,0.8767,0.6926,1,1759,none,0,0.3265,0.0369149649619559,0,3.458605568127413e-06,pass,[]
txn_001147,2025-01-06T05:30:31,payer_01303,payee_04527,799.82,send,5,1.0,1.0,1.0,0,741.89,1.078,39001,0.0751,B,1,0.2819,0.9255,1,979,none,0,0.815,0.7777493775297762,0,3.530830860043137e-05,pass,"[{'id': 'odd_hour', 'label': 'Transaction at an unusual hour', 'detail': 'This transaction is happening between 21:00 and 08:00 local time — scammers often call late at night when the victim is tired or distracted.'}, {'id': 'high_risk_merchant', 'label': 'Payee flagged as high-risk merchant', 'detail': 'This payee account has prior complaints or is on a high-risk watchlist.'}]"
txn_008715,2025-02-13T15:01:19,payer_01666,payee_00009,1048.02,send,15,0.0,1.0,0.0,0,1297.27,0.808,9332,-0.2132,A,0,0.8434,0.7425,1,21251,timeout,0,0.3574,-0.953405771483239,0,3.9857178149620535e-06,pass,[]
txn_009619,2025-02-18T11:03:47,payer_00279,payee_02554,150.95,send,11,0.0,1.0,0.0,0,1370.22,0.11,32398,-2.1999,A,1,0.9948,0.1072,0,442,none,0,-0.04,0.5786154287079668,0,4.987279684326662e-07,pass,[]
txn_009502,2025-02-17T18:12:26,payer_00563,payee_03208,188.33,send,18,0.0,0.0,0.0,2,214.72,0.877,6993,-0.1305,A,1,0.9391,0.5477,0,2321,none,0,-0.0261,-0.8960579807666015,0,1.117894185413313e-06,pass,[]
txn_004562,2025-01-23T09:30:27,payer_01195,payee_02510,224.09,send,9,0.0,1.0,0.0,0,775.06,0.289,17699,-1.2377,A,1,0.9715,0.3589,0,1906,none,0,0.1525,0.0515309227769421,0,7.625606415166429e-07,pass,[]
txn_011488,2025-02-27T20:12:23,payer_01732,payee_00254,70.09,collect,20,0.0,0.0,0.0,6,131.12,0.535,4249,-0.6198,A,1,0.9738,0.3563,0,1968,none,0,-0.124,-1.3207144607946766,1,0.38960693656853596,pass,"[{'id': 'fast_approval', 'label': 'Approval given suspiciously fast', 'detail': 'The user approved this in under 2 seconds — too fast to read the amount, the payee name, or the direction of the request.'}]"
txn_005019,2025-01-26T17:33:04,payer_01075,payee_03464,1209.76,send,17,0.0,0.0,0.0,3,681.63,1.775,38325,0.573,B,1,0.8128,0.7887,1,682,none,0,0.1146,0.3030916089763184,0,8.122352825763417e-06,pass,[]
txn_011108,2025-02-25T15:42:29,payer_00605,payee_02676,62.39,send,15,0.0,1.0,0.0,0,259.48,0.24,4359,-1.4133,B,0,0.979,0.2971,0,28511,timeout,0,0.1173,-1.224769493535919,1,2.8660303756251755e-06,pass,"[{'id': 'fast_approval', 'label': 'Approval given suspiciously fast', 'detail': 'The user approved this in under 2 seconds — too fast to read the amount, the payee name, or the direction of the request.'}]"
txn_002534,2025-01-13T12:34:13,payer_01241,payee_00191,814.13,send,12,0.0,1.0,0.0,0,778.81,1.045,34717,0.0443,B,1,0.7721,0.8132,1,2115,none,0,0.4089,1.3918457326841212,0,3.0901982566432962e-06,pass,[]
txn_009302,2025-02-16T03:48:08,payer_00068,payee_04820,675.55,send,3,1.0,0.0,0.0,10,523.14,1.291,15992,0.2552,B,0,0.6319,0.8917,0,25430,timeout,0,0.451,-0.4948841380682918,0,4.130281932765989e-05,pass,"[{'id': 'odd_hour', 'label': 'Transaction at an unusual hour', 'detail': 'This transaction is happening between 21:00 and 08:00 local time — scammers often call late at night when the victim is tired or distracted.'}]"
txn_008348,2025-02-11T18:09:54,payer_01653,payee_02193,402.51,send,18,0.0,0.0,0.0,9,374.34,1.075,19931,0.0724,B,0,0.9145,0.6262,1,8891,declined,0,0.0145,-1.110501206623943,0,2.1156253450541407e-06,pass,[]
txn_003265,2025-01-17T13:39:11,payer_00484,payee_01239,509.47,send,13,0.0,0.0,0.0,2,471.13,1.081,11830,0.0781,B,0,0.9137,0.6283,1,9236,timeout,0,0.0156,-1.2535236975670383,1,4.636649877826174e-05,pass,"[{'id': 'fast_approval', 'label': 'Approval given suspiciously fast', 'detail': 'The user approved this in under 2 seconds — too fast to read the amount, the payee name, or the direction of the request.'}]"
txn_008985,2025-02-14T06:49:47,payer_00468,payee_00056,1195.39,send,6,1.0,0.0,0.0,7,718.07,1.665,8054,0.5091,A,1,0.5209,0.9252,1,1989,none,0,0.5018,-0.882941280278797,0,8.281418997765313e-05,pass,"[{'id': 'odd_hour', 'label': 'Transaction at an unusual hour', 'detail': 'This transaction is happening between 21:00 and 08:00 local time — scammers often call late at night when the victim is tired or distracted.'}]"
txn_005106,2025-01-26T23:13:33,payer_00742,payee_00005,95.27,qr,23,1.0,1.0,0.0,0,1363.99,0.07,39767,-2.6518,A,1,0.9898,0.1761,0,1707,none,0,0.2696,1.109563771612943,0,3.520237233346901e-06,pass,"[{'id': 'odd_hour', 'label': 'Transaction at an unusual hour', 'detail': 'This transaction is happening between 21:00 and 08:00 local time — scammers often call late at night when the victim is tired or distracted.'}]"
txn_009727,2025-02-18T17:12:58,payer_00149,payee_04673,10.0,send,17,0.0,1.0,1.0,0,194.63,0.051,24730,-2.8783,A,1,0.9972,0.0292,0,1108,none,0,-0.1757,1.6804924728949129,0,3.142092806484986e-08,pass,"[{'id': 'high_risk_merchant', 'label': 'Payee flagged as high-risk merchant', 'detail': 'This payee account has prior complaints or is on a high-risk watchlist.'}]"
txn_007871,2025-02-09T18:42:43,payer_00552,payee_03230,948.83,qr,18,0.0,0.0,0.0,5,700.3,1.355,10612,0.3034,B,1,0.8759,0.7079,1,1944,none,0,0.0607,-0.788529592744672,0,5.854419750527239e-06,pass,[]
txn_002676,2025-01-14T20:30:35,payer_00615,payee_01249,101.82,collect,20,0.0,0.0,0.0,5,1094.6,0.093,5528,-2.3661,B,0,0.9988,0.0327,1,21616,timeout,0,-0.4732,-1.1548887580454594,0,0.06162221832400667,pass,[]
txn_011180,2025-02-25T08:46:21,payer_01071,payee_01089,481.6,send,8,0.0,0.0,0.0,10,474.38,1.015,16048,0.0151,B,1,0.9222,0.6045,1,1782,none,0,0.003,-1.1712929983934832,0,2.486489601051179e-06,pass,[]
txn_010264,2025-02-21T08:52:02,payer_01887,payee_03367,84.22,send,8,0.0,0.0,0.0,3,130.33,0.646,43260,-0.4324,A,1,0.9637,0.4275,1,313,none,0,-0.0865,0.976252228111731,0,4.635091027218242e-07,pass,[]
txn_011392,2025-02-26T14:25:43,payer_00948,payee_02628,10.0,send,14,0.0,1.0,0.0,0,164.84,0.061,19963,-2.7131,A,1,0.9979,0.0502,0,2049,none,0,-0.1426,-0.3741833026820638,0,3.0994612111359484e-08,pass,[]
txn_010471,2025-02-22T14:52:23,payer_00237,payee_01538,492.16,qr,14,0.0,0.0,0.0,2,503.83,0.977,22072,-0.0234,B,1,0.927,0.5897,1,2200,none,0,-0.0047,0.8105919706919147,0,3.091483656885529e-06,pass,[]
txn_000103,2025-01-01T22:03:19,payer_00555,payee_03356,1129.64,send,22,1.0,1.0,0.0,0,1088.29,1.038,31825,0.0373,B,1,0.4336,0.9405,1,1780,none,0,0.8075,0.7851021717227716,0,5.002310516747386e-05,pass,"[{'id': 'odd_hour', 'label': 'Transaction at an unusual hour', 'detail': 'This transaction is happening between 21:00 and 08:00 local time — scammers often call late at night when the victim is tired or distracted.'}]"
txn_011210,2025-02-26T18:07:13,payer_01443,payee_02098,1544.57,qr,18,0.0,0.0,0.0,3,1253.5,1.232,18648,0.2087,B,1,0.8933,0.6756,1,480,none,0,0.0417,0.6124502260503383,0,1.0224291522117775e-05,pass,[]
txn_009238,2025-02-16T15:16:53,payer_01743,payee_00269,497.31,send,15,0.0,1.0,0.0,0,681.43,0.73,15752,-0.3144,B,1,0.866,0.7103,1,1458,none,0,0.3371,-0.2350800254474036,0,1.807183951116318e-06,pass,[]
txn_009528,2025-02-17T01:39:42,payer_00630,payee_01942,3897.71,collect,1,1.0,1.0,0.0,0,549.98,7.087,7631,1.9567,B,1,0.0236,0.9971,0,732,none,1,1.0,-1.2779154142210465,1,0.999443581020075,hard_block,"[{'id': 'collect_first_time', 'label': 'Collect request from a first-time payee', 'detail': ""This transaction is a UPI collect request (the payee is asking you to pay them, not the other way round) AND you've never paid this account before. Refund scammers use this exact pattern.""}, {'id': 'amount_spike', 'label': 'Amount is unusually high for this payer', 'detail': ""This transaction is more than 3x this payer's typical amount. Common in refund scams where the scammer asks for a 'verification' transfer.""}, {'id': 'fast_approval', 'label': 'Approval given suspiciously fast', 'detail': 'The user approved this in under 2 seconds — too fast to read the amount, the payee name, or the direction of the request.'}, {'id': 'odd_hour', 'label': 'Transaction at an unusual hour', 'detail': 'This transaction is happening between 21:00 and 08:00 local time — scammers often call late at night when the victim is tired or distracted.'}, {'id': 'high_amount_first_time', 'label': 'High amount + first-time payee combination', 'detail': 'First-time payee + unusually high amount + (collect or QR direction) is the strongest single signal in our historical scam data.'}]"
txn_005418,2025-01-28T17:55:36,payer_01280,payee_02093,2745.04,send,17,0.0,0.0,0.0,8,1732.77,1.584,14698,0.4599,A,1,0.8419,0.7569,0,2219,none,0,0.092,-0.9954406452939112,0,1.6902525038764952e-05,pass,[]
txn_003231,2025-01-17T14:12:09,payer_00014,payee_02876,739.47,send,14,0.0,0.0,0.0,8,547.74,1.35,24572,0.2997,A,1,0.8766,0.7067,1,1125,none,0,0.0599,-0.4054482746917743,0,4.178247467304781e-06,pass,[]
txn_005709,2025-01-29T16:08:11,payer_01010,payee_02702,285.52,send,16,0.0,1.0,1.0,0,370.92,0.77,27475,-0.2609,A,1,0.7631,0.6643,0,1243,none,0,0.3478,0.8168143674951266,0,1.0232262349533626e-06,pass,"[{'id': 'high_risk_merchant', 'label': 'Payee flagged as high-risk merchant', 'detail': 'This payee account has prior complaints or is on a high-risk watchlist.'}]"
txn_005268,2025-01-27T10:34:05,payer_01106,payee_01152,605.03,send,10,0.0,0.0,0.0,12,693.49,0.872,18705,-0.1363,B,1,0.9396,0.5454,1,1890,none,0,-0.0273,-0.7989120534643017,0,2.989348167750881e-06,pass,[]
txn_010991,2025-02-24T07:05:00,payer_01055,payee_00836,416.66,collect,7,1.0,0.0,0.0,12,256.28,1.626,41670,0.4845,A,0,0.5319,0.9224,1,19492,declined,0,0.4969,1.407748325475829,0,0.7510271557865226,pass,"[{'id': 'odd_hour', 'label': 'Transaction at an unusual hour', 'detail': 'This transaction is happening between 21:00 and 08:00 local time — scammers often call late at night when the victim is tired or distracted.'}]"
txn_006045,2025-01-31T13:47:43,payer_01051,payee_03501,554.98,send,13,0.0,1.0,0.0,0,1084.92,0.512,28150,-0.6695,A,1,0.9245,0.5815,0,1157,none,0,0.2661,-0.1739511673092707,0,2.0063505777258544e-06,pass,[]
txn_003352,2025-01-17T11:36:37,payer_00175,payee_04192,658.74,collect,11,0.0,1.0,0.0,0,598.83,1.1,8939,0.0952,B,0,0.7556,0.8252,1,12093,declined,0,0.419,-2.443281156669359,1,0.8173697221908884,pass,"[{'id': 'collect_first_time', 'label': 'Collect request from a first-time payee', 'detail': ""This transaction is a UPI collect request (the payee is asking you to pay them, not the other way round) AND you've never paid this account before. Refund scammers use this exact pattern.""}, {'id': 'fast_approval', 'label': 'Approval given suspiciously fast', 'detail': 'The user approved this in under 2 seconds — too fast to read the amount, the payee name, or the direction of the request.'}]"
txn_009995,2025-02-19T23:35:48,payer_01093,payee_04864,1041.97,collect,23,1.0,0.0,0.0,8,1358.05,0.767,24937,-0.2647,A,1,0.814,0.7818,1,1094,none,0,0.3471,-0.1340519117399471,0,0.8933832501316317,hard_block,"[{'id': 'odd_hour', 'label': 'Transaction at an unusual hour', 'detail': 'This transaction is happening between 21:00 and 08:00 local time — scammers often call late at night when the victim is tired or distracted.'}]"
txn_006306,2025-02-01T15:28:18,payer_00471,payee_01401,292.68,send,15,0.0,1.0,0.0,0,731.17,0.4,44688,-0.9135,A,1,0.95,0.4846,0,929,none,0,0.2173,1.4075315600539011,0,1.0159591426992536e-06,pass,[]
txn_008223,2025-02-11T23:32:46,payer_00633,payee_00629,146.72,send,23,1.0,1.0,0.0,0,593.36,0.247,37229,-1.3922,A,1,0.9094,0.616,1,1382,none,0,0.5216,0.9383074435138908,0,5.586039405853402e-06,pass,"[{'id': 'odd_hour', 'label': 'Transaction at an unusual hour', 'detail': 'This transaction is happening between 21:00 and 08:00 local time — scammers often call late at night when the victim is tired or distracted.'}]"
txn_008511,2025-02-12T19:44:27,payer_00254,payee_00319,1174.04,send,19,0.0,0.0,0.0,2,698.04,1.682,11841,0.5193,B,1,0.8271,0.774,1,2437,none,0,0.1039,-0.4720076269604208,0,8.026768005733952e-06,pass,[]
txn_000291,2025-01-02T21:54:12,payer_00280,payee_02451,409.2,send,21,1.0,1.0,0.0,0,415.63,0.985,33566,-0.0155,A,0,0.4571,0.9355,1,21496,timeout,0,0.7969,0.8414955117592414,0,1.7080653317339117e-05,pass,"[{'id': 'odd_hour', 'label': 'Transaction at an unusual hour', 'detail': 'This transaction is happening between 21:00 and 08:00 local time — scammers often call late at night when the victim is tired or distracted.'}]"
txn_008163,2025-02-10T16:17:14,payer_00881,payee_04309,3333.13,qr,16,0.0,1.0,0.0,0,1735.68,1.92,41666,0.6522,B,1,0.5315,0.9201,1,1089,none,0,0.5304,0.9919724313264048,0,1.4330529481203362e-05,pass,[]
txn_009240,2025-02-16T10:36:47,payer_00215,payee_02811,257.45,send,10,0.0,0.0,0.0,9,420.47,0.612,11817,-0.4891,B,0,0.9671,0.4055,1,12717,timeout,0,-0.0978,-1.0125868052070537,0,1.2898909031189379e-06,pass,[]
txn_010648,2025-02-23T00:10:00,payer_01206,payee_01632,3464.4,collect,0,1.0,0.0,0.0,12,711.27,4.871,38762,1.5821,B,1,0.1361,0.9857,0,1702,none,1,0.6,0.8786062242310836,0,0.9709139565508969,hard_block,"[{'id': 'amount_spike', 'label': 'Amount is unusually high for this payer', 'detail': ""This transaction is more than 3x this payer's typical amount. Common in refund scams where the scammer asks for a 'verification' transfer.""}, {'id': 'odd_hour', 'label': 'Transaction at an unusual hour', 'detail': 'This transaction is happening between 21:00 and 08:00 local time — scammers often call late at night when the victim is tired or distracted.'}]"
txn_005146,2025-01-26T23:15:05,payer_01073,payee_03715,436.35,send,23,1.0,1.0,0.0,0,689.45,0.633,34936,-0.4566,B,1,0.6506,0.8776,1,1716,none,0,0.7087,0.5122628167056371,0,1.794979954582211e-05,pass,"[{'id': 'odd_hour', 'label': 'Transaction at an unusual hour', 'detail': 'This transaction is happening between 21:00 and 08:00 local time — scammers often call late at night when the victim is tired or distracted.'}]"
txn_002609,2025-01-14T16:46:00,payer_01312,payee_01985,771.76,qr,16,0.0,0.0,0.0,11,854.36,0.903,27442,-0.1016,A,1,0.936,0.5591,1,612,none,0,-0.0203,-0.6564006972916918,0,3.967700173479866e-06,pass,[]
txn_003724,2025-01-19T23:43:05,payer_01134,payee_01373,5433.08,collect,23,1.0,1.0,0.0,0,253.49,21.433,1175,3.0612,B,1,0.0033,0.9995,0,2292,none,1,1.0,-0.95640319942397,0,0.9973132789974127,hard_block,"[{'id': 'collect_first_time', 'label': 'Collect request from a first-time payee', 'detail': ""This transaction is a UPI collect request (the payee is asking you to pay them, not the other way round) AND you've never paid this account before. Refund scammers use this exact pattern.""}, {'id': 'amount_spike', 'label': 'Amount is unusually high for this payer', 'detail': ""This transaction is more than 3x this payer's typical amount. Common in refund scams where the scammer asks for a 'verification' transfer.""}, {'id': 'odd_hour', 'label': 'Transaction at an unusual hour', 'detail': 'This transaction is happening between 21:00 and 08:00 local time — scammers often call late at night when the victim is tired or distracted.'}, {'id': 'high_amount_first_time', 'label': 'High amount + first-time payee combination', 'detail': 'First-time payee + unusually high amount + (collect or QR direction) is the strongest single signal in our historical scam data.'}]"
txn_008276,2025-02-11T11:06:29,payer_00225,payee_03285,509.84,qr,11,0.0,0.0,1.0,9,677.37,0.753,26617,-0.2836,A,1,0.9176,0.4125,1,1420,none,0,-0.0567,1.2211588476096875,0,2.7082060867234326e-06,pass,"[{'id': 'high_risk_merchant', 'label': 'Payee flagged as high-risk merchant', 'detail': 'This payee account has prior complaints or is on a high-risk watchlist.'}]"
txn_007675,2025-02-08T04:38:31,payer_00351,payee_03071,2552.34,send,4,1.0,1.0,0.0,0,3247.85,0.786,44403,-0.2409,A,0,0.5581,0.9101,1,18131,network_error,0,0.7518,1.5823014680937044,0,0.00011681890900178645,pass,"[{'id': 'odd_hour', 'label': 'Transaction at an unusual hour', 'detail': 'This transaction is happening between 21:00 and 08:00 local time — scammers often call late at night when the victim is tired or distracted.'}]"
txn_008449,2025-02-12T11:31:32,payer_00724,payee_04909,469.26,send,11,0.0,0.0,0.0,11,1338.62,0.351,28220,-1.0469,A,1,0.9877,0.2184,0,1998,none,0,-0.2094,0.6020661178706728,0,2.281206328819295e-06,pass,[]
txn_003790,2025-01-19T13:18:20,payer_00168,payee_01858,89.06,send,13,0.0,1.0,1.0,0,282.39,0.315,23183,-1.1463,B,0,0.9407,0.3243,1,9448,declined,0,0.1707,0.1138597243446661,0,2.940696758014458e-07,pass,"[{'id': 'high_risk_merchant', 'label': 'Payee flagged as high-risk merchant', 'detail': 'This payee account has prior complaints or is on a high-risk watchlist.'}]"
txn_003647,2025-01-19T09:41:11,payer_00233,payee_03800,560.21,collect,9,0.0,0.0,0.0,10,718.82,0.779,15101,-0.2489,A,1,0.9502,0.5004,0,1485,none,0,-0.0498,0.9999999998466492,0,0.265663135223032,pass,[]
txn_005769,2025-01-29T11:07:15,payer_01324,payee_03497,590.38,qr,11,0.0,0.0,0.0,11,561.86,1.051,44604,0.0494,A,1,0.9177,0.6175,1,1582,none,0,0.0099,1.1150334956391597,0,3.0132112112610864e-06,pass,[]
txn_003745,2025-01-19T13:23:50,payer_01211,payee_00057,803.47,send,13,0.0,1.0,0.0,0,634.78,1.266,25172,0.2353,B,1,0.7061,0.8553,0,852,none,0,0.4471,-1.5640018908142714,1,4.433610873358836e-05,pass,"[{'id': 'fast_approval', 'label': 'Approval given suspiciously fast', 'detail': 'The user approved this in under 2 seconds — too fast to read the amount, the payee name, or the direction of the request.'}]"
txn_002239,2025-01-12T09:41:28,payer_00090,payee_02061,1015.9,send,9,0.0,0.0,1.0,2,1031.73,0.985,29256,-0.0155,A,1,0.873,0.5188,1,1897,none,0,-0.0031,0.3811598984945089,0,6.741464202118586e-06,pass,"[{'id': 'high_risk_merchant', 'label': 'Payee flagged as high-risk merchant', 'detail': 'This payee account has prior complaints or is on a high-risk watchlist.'}]"
txn_002516,2025-01-13T23:55:59,payer_01579,payee_02714,272.84,qr,23,1.0,1.0,0.0,0,988.03,0.276,25288,-1.2842,B,0,0.892,0.656,1,28734,timeout,0,0.5432,0.11476774683035,0,1.0743071378555624e-05,pass,"[{'id': 'odd_hour', 'label': 'Transaction at an unusual hour', 'detail': 'This transaction is happening between 21:00 and 08:00 local time — scammers often call late at night when the victim is tired or distracted.'}]"
txn_006896,2025-02-04T13:15:07,payer_00791,payee_04748,643.64,qr,13,0.0,0.0,0.0,6,1499.71,0.429,28874,-0.845,B,0,0.9824,0.2785,1,8276,network_error,0,-0.169,0.3758306602609785,0,3.6153349979288688e-06,pass,[]
txn_011909,2025-03-01T14:58:17,payer_01469,payee_02895,1488.43,qr,14,0.0,0.0,0.0,11,932.75,1.596,6373,0.4669,B,1,0.8402,0.759,1,1022,none,0,0.0934,-0.6869178862440791,0,8.22795540394636e-06,pass,[]
txn_009764,2025-02-18T23:11:45,payer_01000,payee_02616,1337.1,send,23,1.0,1.0,0.0,0,1350.07,0.99,28583,-0.0096,B,1,0.4545,0.9361,1,1072,none,0,0.7981,0.2972881823126663,0,5.9626509408224114e-05,pass,"[{'id': 'odd_hour', 'label': 'Transaction at an unusual hour', 'detail': 'This transaction is happening between 21:00 and 08:00 local time — scammers often call late at night when the victim is tired or distracted.'}]"
txn_006954,2025-02-04T14:54:20,payer_00506,payee_02878,9329.69,collect,14,0.0,0.0,0.0,8,235.32,39.647,2765,3.6759,A,0,0.016,0.9981,1,25745,network_error,1,0.2,-1.4460089757226968,1,0.9987343608357946,hard_block,"[{'id': 'amount_spike', 'label': 'Amount is unusually high for this payer', 'detail': ""This transaction is more than 3x this payer's typical amount. Common in refund scams where the scammer asks for a 'verification' transfer.""}, {'id': 'fast_approval', 'label': 'Approval given suspiciously fast', 'detail': 'The user approved this in under 2 seconds — too fast to read the amount, the payee name, or the direction of the request.'}]"
txn_001713,2025-01-09T07:49:44,payer_00476,payee_00482,1232.4,send,7,1.0,0.0,0.0,7,1712.77,0.72,13139,-0.3289,A,0,0.8309,0.7638,1,10039,timeout,0,0.3342,-0.4664948829193098,0,8.146437115280107e-05,pass,"[{'id': 'odd_hour', 'label': 'Transaction at an unusual hour', 'detail': 'This transaction is happening between 21:00 and 08:00 local time — scammers often call late at night when the victim is tired or distracted.'}]"
txn_004706,2025-01-24T10:43:03,payer_01160,payee_03303,2261.36,send,10,0.0,0.0,0.0,5,1035.35,2.184,24453,0.7807,B,0,0.7493,0.8388,1,25210,declined,0,0.1561,0.3799754602411583,0,1.5292205630176002e-05,pass,[]
txn_000578,2025-01-03T02:52:40,payer_00339,payee_04809,4402.61,collect,2,1.0,1.0,0.0,0,596.74,7.378,3042,1.997,B,1,0.022,0.9973,0,1960,none,1,1.0,0.9999999956803456,0,0.9931115995926523,hard_block,"[{'id': 'collect_first_time', 'label': 'Collect request from a first-time payee', 'detail': ""This transaction is a UPI collect request (the payee is asking you to pay them, not the other way round) AND you've never paid this account before. Refund scammers use this exact pattern.""}, {'id': 'amount_spike', 'label': 'Amount is unusually high for this payer', 'detail': ""This transaction is more than 3x this payer's typical amount. Common in refund scams where the scammer asks for a 'verification' transfer.""}, {'id': 'odd_hour', 'label': 'Transaction at an unusual hour', 'detail': 'This transaction is happening between 21:00 and 08:00 local time — scammers often call late at night when the victim is tired or distracted.'}, {'id': 'high_amount_first_time', 'label': 'High amount + first-time payee combination', 'detail': 'First-time payee + unusually high amount + (collect or QR direction) is the strongest single signal in our historical scam data.'}]"
txn_010185,2025-02-20T23:49:17,payer_00477,payee_02693,349.62,qr,23,1.0,1.0,0.0,0,259.1,1.349,23588,0.2986,B,1,0.3235,0.96,0,2040,none,0,0.8597,-0.1183416266031534,0,1.4743070582771698e-05,pass,"[{'id': 'odd_hour', 'label': 'Transaction at an unusual hour', 'detail': 'This transaction is happening between 21:00 and 08:00 local time — scammers often call late at night when the victim is tired or distracted.'}]"
txn_001511,2025-01-08T16:52:19,payer_00155,payee_01543,6709.78,send,16,0.0,0.0,0.0,4,2621.51,2.56,8008,0.9396,A,1,0.6918,0.8703,0,1053,none,0,0.1879,-0.0202987860867866,0,5.0436766114815165e-05,pass,[]
txn_006137,2025-01-31T12:06:26,payer_01011,payee_01697,10.0,qr,12,0.0,1.0,0.0,0,607.42,0.016,9434,-4.013,A,1,0.9998,0.0066,0,2450,none,0,-0.4026,-0.4578141991179827,0,3.092290254500114e-08,pass,[]
txn_011406,2025-02-27T18:43:35,payer_01287,payee_00153,588.12,send,18,0.0,1.0,0.0,0,503.5,1.168,5350,0.1551,A,1,0.7351,0.8386,0,466,none,0,0.431,-1.16757715149109,0,2.2062414778010502e-06,pass,[]
txn_006159,2025-01-31T19:48:52,payer_01127,payee_00917,10.0,qr,19,0.0,0.0,0.0,10,469.89,0.021,32442,-3.7567,A,1,0.9999,0.0036,0,1628,none,0,-0.7513,0.8320890319307235,0,4.3382342678866455e-08,pass,[]
txn_002232,2025-01-12T11:50:08,payer_00052,payee_01853,39.58,send,11,0.0,1.0,0.0,0,721.37,0.055,19461,-2.8793,A,1,0.9985,0.0389,0,1329,none,0,-0.1759,0.4699106557767106,0,1.2316113553464282e-07,pass,[]
txn_005651,2025-01-29T15:31:53,payer_01827,payee_02610,121.55,send,15,0.0,1.0,0.0,0,241.34,0.504,28189,-0.6818,A,1,0.926,0.5767,1,1365,none,0,0.2636,0.4391233222100223,0,4.054585873511472e-07,pass,[]
txn_009531,2025-02-17T19:08:31,payer_00246,payee_00281,2035.87,qr,19,0.0,0.0,0.0,9,1864.15,1.092,32040,0.0881,A,1,0.9123,0.632,1,2365,none,0,0.0176,0.9618349318550792,0,1.1724918580177094e-05,pass,[]
txn_003751,2025-01-19T13:29:17,payer_01673,payee_04443,567.95,send,13,0.0,1.0,0.0,0,415.19,1.368,39094,0.3126,B,1,0.6764,0.8699,1,1121,none,0,0.4625,0.9999999997980816,0,2.148471392129233e-06,pass,[]
txn_009821,2025-02-19T14:23:30,payer_01476,payee_02458,1137.38,qr,14,0.0,0.0,1.0,1,599.74,1.896,6540,0.6392,B,1,0.6791,0.7545,0,2030,none,0,0.1278,-1.3655055144548798,1,0.00011734386711976365,pass,"[{'id': 'fast_approval', 'label': 'Approval given suspiciously fast', 'detail': 'The user approved this in under 2 seconds — too fast to read the amount, the payee name, or the direction of the request.'}, {'id': 'high_risk_merchant', 'label': 'Payee flagged as high-risk merchant', 'detail': 'This payee account has prior complaints or is on a high-risk watchlist.'}]"
txn_010683,2025-02-23T19:42:11,payer_01720,payee_02011,249.08,qr,19,0.0,1.0,0.0,0,333.25,0.747,19141,-0.2901,A,1,0.8608,0.7182,1,1425,none,0,0.342,-0.6268884489966287,0,8.726674125230285e-07,pass,[]
txn_004454,2025-01-23T19:16:50,payer_01208,payee_02981,1074.36,collect,19,0.0,1.0,0.0,0,952.76,1.128,11219,0.12,A,1,0.7473,0.8309,1,528,none,0,0.424,-1.1156157788744383,0,0.3430823241463199,pass,"[{'id': 'collect_first_time', 'label': 'Collect request from a first-time payee', 'detail': ""This transaction is a UPI collect request (the payee is asking you to pay them, not the other way round) AND you've never paid this account before. Refund scammers use this exact pattern.""}]"
txn_006418,2025-02-02T21:49:33,payer_01219,payee_00519,772.03,qr,21,1.0,0.0,0.0,3,673.18,1.147,43820,0.1368,B,1,0.68,0.872,1,1635,none,0,0.4274,1.1821004080763668,0,5.607450554992232e-05,pass,"[{'id': 'odd_hour', 'label': 'Transaction at an unusual hour', 'detail': 'This transaction is happening between 21:00 and 08:00 local time — scammers often call late at night when the victim is tired or distracted.'}]"
txn_001768,2025-01-09T17:16:00,payer_00360,payee_04372,1151.08,send,17,0.0,1.0,0.0,0,1098.06,1.048,34627,0.0471,A,1,0.7712,0.8139,0,1647,none,0,0.4094,0.814533156154829,0,4.455499972560821e-06,pass,[]
txn_004862,2025-01-25T21:13:28,payer_01377,payee_03666,435.17,send,21,1.0,0.0,0.0,7,519.71,0.837,11211,-0.1772,B,1,0.789,0.8048,1,1208,none,0,0.3646,-2.064683618545588,1,0.00039272619425210543,pass,"[{'id': 'fast_approval', 'label': 'Approval given suspiciously fast', 'detail': 'The user approved this in under 2 seconds — too fast to read the amount, the payee name, or the direction of the request.'}, {'id': 'odd_hour', 'label': 'Transaction at an unusual hour', 'detail': 'This transaction is happening between 21:00 and 08:00 local time — scammers often call late at night when the victim is tired or distracted.'}]"
txn_000621,2025-01-04T12:53:32,payer_01698,payee_01611,492.74,send,12,0.0,1.0,0.0,0,556.01,0.886,2583,-0.1206,A,1,0.8201,0.7698,1,1772,none,0,0.3759,-1.1076602628051817,0,1.804096175064984e-06,pass,[]
txn_008487,2025-02-12T17:26:28,payer_00133,payee_02635,1554.47,send,17,0.0,1.0,0.0,0,786.65,1.976,17398,0.6805,B,1,0.5188,0.9234,1,2175,none,0,0.5361,-0.2288335306871571,0,6.41905970217601e-06,pass,[]
txn_007652,2025-02-08T23:52:57,payer_00717,payee_02653,265.2,qr,23,1.0,1.0,0.0,0,230.41,1.151,36160,0.1401,B,1,0.3889,0.949,1,1243,none,0,0.828,0.7420394136359634,0,1.090680131893062e-05,pass,"[{'id': 'odd_hour', 'label': 'Transaction at an unusual hour', 'detail': 'This transaction is happening between 21:00 and 08:00 local time — scammers often call late at night when the victim is tired or distracted.'}]"
txn_003833,2025-01-20T09:21:51,payer_00215,payee_02811,305.59,qr,9,0.0,1.0,0.0,0,420.47,0.727,22200,-0.3182,A,1,0.8668,0.7091,1,645,none,0,0.3364,-0.1123972582007245,0,1.081278637424783e-06,pass,[]
txn_011209,2025-02-26T14:17:57,payer_00889,payee_00758,367.33,qr,14,0.0,0.0,0.0,8,988.22,0.372,10420,-0.9879,A,1,0.9863,0.2349,0,1159,none,0,-0.1976,-0.8576738520545891,0,1.8990159672403466e-06,pass,[]
txn_005612,2025-01-29T12:18:16,payer_00882,payee_01622,10.0,qr,12,0.0,0.0,1.0,10,955.22,0.01,18757,-4.4651,A,1,1.0,0.0009,0,839,none,0,-0.893,0.0249648655199417,0,4.397678220485752e-08,pass,"[{'id': 'high_risk_merchant', 'label': 'Payee flagged as high-risk merchant', 'detail': 'This payee account has prior complaints or is on a high-risk watchlist.'}]"
txn_004536,2025-01-23T22:09:58,payer_01165,payee_03541,649.76,qr,22,1.0,0.0,0.0,2,767.09,0.847,4904,-0.1658,A,1,0.7856,0.8076,1,821,none,0,0.3668,-1.547518610104984,1,0.000678138877309144,pass,"[{'id': 'fast_approval', 'label': 'Approval given suspiciously fast', 'detail': 'The user approved this in under 2 seconds — too fast to read the amount, the payee name, or the direction of the request.'}, {'id': 'odd_hour', 'label': 'Transaction at an unusual hour', 'detail': 'This transaction is happening between 21:00 and 08:00 local time — scammers often call late at night when the victim is tired or distracted.'}]"
txn_007363,2025-02-06T08:42:23,payer_00004,payee_02190,371.85,send,8,0.0,1.0,0.0,0,353.85,1.051,29214,0.0495,B,1,0.7705,0.8145,1,1267,none,0,0.4099,-0.0138614439764458,0,1.3521141257793805e-06,pass,[]
txn_005225,2025-01-27T02:34:37,payer_01496,payee_02560,1074.27,send,2,1.0,1.0,0.0,0,1157.67,0.928,32308,-0.0747,B,1,0.4836,0.9296,1,1622,none,0,0.7851,0.8146614138787646,0,4.716932939778191e-05,pass,"[{'id': 'odd_hour', 'label': 'Transaction at an unusual hour', 'detail': 'This transaction is happening between 21:00 and 08:00 local time — scammers often call late at night when the victim is tired or distracted.'}]"
txn_000265,2025-01-02T12:49:40,payer_01672,payee_03268,1009.85,collect,12,0.0,1.0,1.0,0,878.6,1.149,9421,0.1391,B,0,0.6106,0.7896,1,13948,timeout,0,0.4278,-0.6140104027725598,0,0.33187174132506786,pass,"[{'id': 'collect_first_time', 'label': 'Collect request from a first-time payee', 'detail': ""This transaction is a UPI collect request (the payee is asking you to pay them, not the other way round) AND you've never paid this account before. Refund scammers use this exact pattern.""}, {'id': 'high_risk_merchant', 'label': 'Payee flagged as high-risk merchant', 'detail': 'This payee account has prior complaints or is on a high-risk watchlist.'}]"
txn_000833,2025-01-05T17:29:20,payer_01036,payee_01774,1672.13,send,17,0.0,1.0,0.0,0,934.94,1.788,6376,0.5809,B,1,0.5633,0.9113,1,955,none,0,0.5162,-0.7950877005220687,0,6.866676751661717e-06,pass,[]
txn_008285,2025-02-11T13:03:37,payer_01626,payee_04980,1807.42,qr,13,0.0,1.0,0.0,0,949.25,1.904,36534,0.6435,B,1,0.5354,0.9191,1,1852,none,0,0.5287,0.9875636333606602,0,7.4996185125163966e-06,pass,[]
txn_002919,2025-01-15T12:22:04,payer_01635,payee_02140,940.8,send,12,0.0,0.0,0.0,7,1215.5,0.774,35780,-0.2559,B,0,0.9508,0.4976,1,12598,declined,0,-0.0512,0.7009296158614001,0,5.360744308919018e-06,pass,[]
txn_011319,2025-02-26T10:32:53,payer_01634,payee_00668,245.84,qr,10,0.0,0.0,0.0,8,178.84,1.375,4322,0.3167,B,0,0.8733,0.7123,0,21646,declined,0,0.0633,-1.8962710133056808,1,1.8839921856727405e-05,pass,"[{'id': 'fast_approval', 'label': 'Approval given suspiciously fast', 'detail': 'The user approved this in under 2 seconds — too fast to read the amount, the payee name, or the direction of the request.'}]"
txn_001285,2025-01-07T10:05:10,payer_01129,payee_00323,573.34,send,10,0.0,0.0,0.0,8,879.96,0.652,28402,-0.4278,A,1,0.9634,0.4294,0,1957,none,0,-0.0856,1.1137695515572636,0,3.081387906146268e-06,pass,[]
txn_010007,2025-02-20T09:06:10,payer_01724,payee_02445,1956.96,send,9,0.0,0.0,0.0,11,1087.48,1.8,39184,0.5871,A,1,0.8089,0.7924,1,409,none,0,0.1174,1.2977301255115956,0,1.110257739496617e-05,pass,[]
txn_011497,2025-02-27T11:40:05,payer_00324,payee_04870,1344.58,send,11,0.0,1.0,0.0,0,1071.6,1.255,44754,0.2267,B,0,0.7093,0.8536,1,22844,timeout,0,0.4453,1.6059722353221166,0,5.306450715897951e-06,pass,[]
txn_004190,2025-01-21T16:04:18,payer_01620,payee_00320,209.41,send,16,0.0,0.0,0.0,11,304.04,0.689,38629,-0.3714,B,0,0.9596,0.4516,1,20612,declined,0,-0.0743,0.6579717435169044,0,9.919428851130455e-07,pass,[]
txn_006341,2025-02-01T14:56:51,payer_00928,payee_01138,2554.01,qr,14,0.0,0.0,0.0,4,931.59,2.742,16794,1.0078,B,1,0.665,0.8821,0,1369,none,0,0.2,0.3269765448691837,0,1.8343390136482365e-05,pass,[]
txn_010328,2025-02-21T10:37:56,payer_00348,payee_03623,2758.27,send,10,0.0,1.0,0.0,0,2509.02,1.099,9074,0.0947,A,1,0.7558,0.8251,1,495,none,0,0.4189,-0.8138597476090756,0,1.1246689351620373e-05,pass,[]
txn_011959,2025-03-01T15:04:34,payer_01692,payee_03422,1273.37,send,15,0.0,0.0,0.0,4,1496.16,0.851,44776,-0.1611,B,1,0.9421,0.5355,0,1668,none,0,-0.0322,1.2782186854350783,0,7.977159130224217e-06,pass,[]
txn_009471,2025-02-17T18:42:43,payer_00320,payee_02447,1412.35,send,18,0.0,0.0,0.0,1,1108.32,1.274,12375,0.2422,A,1,0.8874,0.6873,1,1041,none,0,0.0484,-0.3145199835867884,0,9.792341744271091e-06,pass,[]
txn_009899,2025-02-19T11:37:50,payer_00595,payee_02075,429.34,collect,11,0.0,1.0,0.0,0,306.04,1.403,15920,0.3376,A,1,0.6665,0.8744,0,425,none,0,0.4675,0.4550701439137447,0,0.1674772681188793,pass,"[{'id': 'collect_first_time', 'label': 'Collect request from a first-time payee', 'detail': ""This transaction is a UPI collect request (the payee is asking you to pay them, not the other way round) AND you've never paid this account before. Refund scammers use this exact pattern.""}]"
txn_005434,2025-01-28T14:34:10,payer_00958,payee_03023,2001.22,send,14,0.0,1.0,0.0,0,1219.34,1.641,40146,0.4951,B,1,0.6008,0.8995,0,2123,none,0,0.499,1.388831204356516,0,8.239466058510026e-06,pass,[]
txn_011565,2025-02-27T14:41:45,payer_01899,payee_02577,1290.13,send,14,0.0,0.0,0.0,11,931.31,1.385,12766,0.3256,A,1,0.8715,0.7152,1,414,none,0,0.0651,-0.2553684232148103,0,6.99808246535824e-06,pass,[]
txn_010857,2025-02-24T20:26:02,payer_01756,payee_01694,373.07,send,20,0.0,0.0,0.0,10,628.95,0.593,16081,-0.5212,B,1,0.9689,0.3932,1,2011,none,0,-0.1042,-0.8458301656615098,0,1.8586411828157973e-06,pass,[]
txn_001396,2025-01-07T17:49:08,payer_01792,payee_02971,916.05,send,17,0.0,1.0,0.0,0,574.95,1.593,13728,0.4652,A,1,0.6137,0.8951,1,534,none,0,0.493,-0.5215861353133697,0,3.6002026312282053e-06,pass,[]
txn_000259,2025-01-02T11:45:08,payer_00485,payee_03568,5225.43,collect,11,0.0,1.0,0.0,0,397.66,13.141,1147,2.5734,A,0,0.0345,0.996,1,13350,timeout,1,0.6,-1.6009049316656687,1,0.9965848751422864,hard_block,"[{'id': 'collect_first_time', 'label': 'Collect request from a first-time payee', 'detail': ""This transaction is a UPI collect request (the payee is asking you to pay them, not the other way round) AND you've never paid this account before. Refund scammers use this exact pattern.""}, {'id': 'amount_spike', 'label': 'Amount is unusually high for this payer', 'detail': ""This transaction is more than 3x this payer's typical amount. Common in refund scams where the scammer asks for a 'verification' transfer.""}, {'id': 'fast_approval', 'label': 'Approval given suspiciously fast', 'detail': 'The user approved this in under 2 seconds — too fast to read the amount, the payee name, or the direction of the request.'}, {'id': 'high_amount_first_time', 'label': 'High amount + first-time payee combination', 'detail': 'First-time payee + unusually high amount + (collect or QR direction) is the strongest single signal in our historical scam data.'}]"
txn_010323,2025-02-21T23:47:51,payer_00389,payee_01029,980.46,send,23,1.0,0.0,0.0,3,601.03,1.631,21397,0.4887,B,1,0.53,0.9229,1,1273,none,0,0.4977,0.2390733305722386,0,7.399104128819948e-05,pass,"[{'id': 'odd_hour', 'label': 'Transaction at an unusual hour', 'detail': 'This transaction is happening between 21:00 and 08:00 local time — scammers often call late at night when the victim is tired or distracted.'}]"
txn_001671,2025-01-09T16:44:48,payer_01929,payee_04575,483.94,send,16,0.0,1.0,0.0,0,405.13,1.195,21168,0.1773,B,1,0.7273,0.8434,0,1929,none,0,0.4355,0.9999999998705082,0,1.7985003879772184e-06,pass,[]
txn_007923,2025-02-09T17:20:38,payer_01871,payee_01699,5352.73,send,17,0.0,0.0,0.0,5,2494.29,2.146,35619,0.7634,B,1,0.7551,0.835,0,1221,none,0,0.1527,0.836357664398928,0,3.793909496167634e-05,pass,[]
txn_006973,2025-02-04T18:08:57,payer_01358,payee_04629,374.71,send,18,0.0,1.0,0.0,0,511.57,0.732,15446,-0.3106,A,1,0.8652,0.7116,1,2132,none,0,0.3379,1.1456302938985374,0,1.340881939657175e-06,pass,[]
txn_008263,2025-02-11T15:40:39,payer_01863,payee_03555,1738.85,qr,15,0.0,0.0,0.0,1,1278.23,1.36,10020,0.3075,A,1,0.8751,0.7093,1,1032,none,0,0.0615,-0.8569614278492556,0,1.2252620955953575e-05,pass,[]
txn_000756,2025-01-04T09:25:23,payer_00824,payee_04665,373.88,send,9,0.0,0.0,0.0,2,486.5,0.769,15109,-0.2627,A,1,0.9513,0.4949,1,700,none,0,-0.0525,-0.6906830773022654,0,2.28883812113344e-06,pass,[]
txn_004754,2025-01-24T12:54:08,payer_00791,payee_01238,1715.3,send,12,0.0,0.0,1.0,3,1499.71,1.144,17801,0.1342,A,0,0.84,0.578,1,22433,bank_down,0,0.0268,-0.4692273954328476,0,1.1532597642975816e-05,pass,"[{'id': 'high_risk_merchant', 'label': 'Payee flagged as high-risk merchant', 'detail': 'This payee account has prior complaints or is on a high-risk watchlist.'}]"
txn_008241,2025-02-11T23:09:23,payer_01833,payee_02135,308.65,send,23,1.0,0.0,0.0,10,967.21,0.319,28401,-1.14,A,1,0.9549,0.469,1,1525,none,0,0.172,0.6328531794554555,0,1.7196207889316123e-05,pass,"[{'id': 'odd_hour', 'label': 'Transaction at an unusual hour', 'detail': 'This transaction is happening between 21:00 and 08:00 local time — scammers often call late at night when the victim is tired or distracted.'}]"
txn_011537,2025-02-27T20:01:08,payer_00032,payee_04365,165.9,qr,20,0.0,0.0,0.0,9,177.53,0.934,34439,-0.0674,A,1,0.9322,0.5725,1,508,none,0,-0.0135,0.6334870372273804,0,8.25992773282057e-07,pass,[]
txn_008382,2025-02-11T15:47:39,payer_00559,payee_02493,1506.52,send,15,0.0,0.0,0.0,10,840.16,1.793,29332,0.5834,A,1,0.81,0.7914,1,312,none,0,0.1167,-0.0490430918876634,0,8.628290826267065e-06,pass,[]
txn_009507,2025-02-17T06:47:53,payer_01401,payee_04359,433.01,send,6,1.0,1.0,0.0,0,837.59,0.517,30867,-0.6586,A,1,0.7282,0.8384,1,1768,none,0,0.6683,0.2941281079755658,0,1.7698925447738122e-05,pass,"[{'id': 'odd_hour', 'label': 'Transaction at an unusual hour', 'detail': 'This transaction is happening between 21:00 and 08:00 local time — scammers often call late at night when the victim is tired or distracted.'}]"
txn_004219,2025-01-22T15:44:24,payer_00352,payee_02840,703.55,collect,15,0.0,0.0,0.0,3,565.2,1.245,34146,0.2186,A,1,0.8915,0.6791,1,1104,none,0,0.0437,0.8963803222788322,0,0.3589231801488987,pass,[]
txn_004890,2025-01-25T16:42:59,payer_01586,payee_03432,254.73,qr,16,0.0,1.0,0.0,0,590.93,0.431,35827,-0.8393,B,1,0.9432,0.5143,1,1908,none,0,0.2321,0.5395063179153778,0,8.791075315789447e-07,pass,[]
txn_010235,2025-02-21T17:05:17,payer_00950,payee_01669,8064.3,send,17,0.0,1.0,1.0,0,2811.81,2.868,34382,1.0534,B,1,0.2322,0.9419,0,2000,none,0,0.6,1.817040089126625,0,3.8829775220819535e-05,pass,"[{'id': 'high_risk_merchant', 'label': 'Payee flagged as high-risk merchant', 'detail': 'This payee account has prior complaints or is on a high-risk watchlist.'}]"
txn_010452,2025-02-22T12:24:28,payer_01219,payee_02613,1160.89,send,12,0.0,0.0,0.0,11,673.18,1.724,43247,0.5443,B,0,0.8206,0.7809,1,10192,timeout,0,0.1089,1.1324527108083349,0,6.369928729919929e-06,pass,[]
txn_008671,2025-02-13T11:34:46,payer_00504,payee_04560,46.35,send,11,0.0,0.0,0.0,3,335.45,0.138,15176,-1.9609,A,1,0.9976,0.0608,0,1954,none,0,-0.3922,-0.3812835289798346,0,2.426015222383633e-07,pass,[]
txn_000694,2025-01-04T13:56:53,payer_01634,payee_00204,235.19,send,13,0.0,1.0,0.0,0,178.84,1.315,36212,0.2725,B,1,0.692,0.8625,1,1668,none,0,0.4545,1.016249581908749,0,8.458829043833714e-07,pass,[]
txn_010187,2025-02-20T22:04:50,payer_00221,payee_00996,4748.65,collect,22,1.0,0.0,0.0,9,2676.53,1.774,15584,0.5732,A,0,0.4921,0.932,1,9811,timeout,0,0.5146,-0.2069717746314274,0,0.9771490691139716,hard_block,"[{'id': 'odd_hour', 'label': 'Transaction at an unusual hour', 'detail': 'This transaction is happening between 21:00 and 08:00 local time — scammers often call late at night when the victim is tired or distracted.'}]"
txn_008071,2025-02-10T10:45:20,payer_00255,payee_04673,1028.47,send,10,0.0,0.0,1.0,10,1451.9,0.708,41897,-0.3445,A,1,0.9255,0.3891,0,1654,none,0,-0.0689,1.246759601097021,0,5.529816501606429e-06,pass,"[{'id': 'high_risk_merchant', 'label': 'Payee flagged as high-risk merchant', 'detail': 'This payee account has prior complaints or is on a high-risk watchlist.'}]"
txn_008176,2025-02-10T08:01:19,payer_00808,payee_02515,294.17,send,8,0.0,0.0,0.0,9,554.82,0.53,4007,-0.6329,A,1,0.9744,0.3515,0,1888,none,0,-0.1266,-0.9667848257768992,0,1.4781316052850303e-06,pass,[]
txn_009878,2025-02-19T14:23:26,payer_01243,payee_02978,557.09,qr,14,0.0,1.0,0.0,0,552.03,1.009,26522,0.0091,A,1,0.7831,0.8045,0,1001,none,0,0.4018,0.4190598956924899,0,2.066598421117796e-06,pass,[]
txn_003576,2025-01-18T18:59:13,payer_00247,payee_02323,277.87,send,18,0.0,0.0,0.0,9,415.46,0.669,8449,-0.401,A,1,0.9616,0.4399,1,1145,none,0,-0.0802,-0.6833857848256502,0,1.4019739988139332e-06,pass,[]
txn_006098,2025-01-31T02:36:15,payer_00418,payee_03953,5786.93,collect,2,1.0,1.0,0.0,0,983.02,5.887,3513,1.7719,B,1,0.0326,0.9961,0,724,none,1,1.0,-1.02276081915646,0,0.9944214430524747,hard_block,"[{'id': 'collect_first_time', 'label': 'Collect request from a first-time payee', 'detail': ""This transaction is a UPI collect request (the payee is asking you to pay them, not the other way round) AND you've never paid this account before. Refund scammers use this exact pattern.""}, {'id': 'amount_spike', 'label': 'Amount is unusually high for this payer', 'detail': ""This transaction is more than 3x this payer's typical amount. Common in refund scams where the scammer asks for a 'verification' transfer.""}, {'id': 'odd_hour', 'label': 'Transaction at an unusual hour', 'detail': 'This transaction is happening between 21:00 and 08:00 local time — scammers often call late at night when the victim is tired or distracted.'}, {'id': 'high_amount_first_time', 'label': 'High amount + first-time payee combination', 'detail': 'First-time payee + unusually high amount + (collect or QR direction) is the strongest single signal in our historical scam data.'}]"
txn_009073,2025-02-15T17:01:18,payer_01012,payee_04841,518.66,send,17,0.0,1.0,0.0,0,754.07,0.688,34642,-0.3736,B,1,0.8779,0.6904,1,1734,none,0,0.3253,1.3633106171738616,0,1.8850569265204323e-06,pass,[]
txn_008882,2025-02-14T11:47:50,payer_01963,payee_01590,2072.35,send,11,0.0,1.0,0.0,0,1719.91,1.205,2596,0.1863,A,1,0.724,0.8453,1,1399,none,0,0.4373,-1.2205936524868863,1,0.00012023302330747891,pass,"[{'id': 'fast_approval', 'label': 'Approval given suspiciously fast', 'detail': 'The user approved this in under 2 seconds — too fast to read the amount, the payee name, or the direction of the request.'}]"
txn_007702,2025-02-08T09:39:40,payer_00580,payee_03223,417.4,send,9,0.0,0.0,0.0,2,604.76,0.69,6126,-0.3701,B,1,0.9595,0.4521,1,2042,none,0,-0.074,-1.1138047588604,0,2.5602042688974503e-06,pass,[]
txn_005731,2025-01-29T10:26:41,payer_01142,payee_02312,746.92,qr,10,0.0,0.0,0.0,8,1432.16,0.522,17243,-0.6503,A,0,0.9752,0.3451,1,26015,bank_down,0,-0.1301,-0.7328185337635353,0,4.046512012208113e-06,pass,[]
txn_002009,2025-01-11T16:45:23,payer_01398,payee_01361,542.87,qr,16,0.0,1.0,0.0,0,433.03,1.254,27799,0.2256,A,0,0.7097,0.8533,1,11231,network_error,0,0.4451,0.2699177971930343,0,2.0364941697067497e-06,pass,[]
txn_006319,2025-02-01T22:12:25,payer_00752,payee_02882,514.76,send,22,1.0,0.0,0.0,3,539.73,0.954,35454,-0.0473,B,1,0.7475,0.8354,1,2325,none,0,0.3905,1.448353108874347,0,3.61964559189346e-05,pass,"[{'id': 'odd_hour', 'label': 'Transaction at an unusual hour', 'detail': 'This transaction is happening between 21:00 and 08:00 local time — scammers often call late at night when the victim is tired or distracted.'}]"
txn_011542,2025-02-27T20:09:43,payer_00173,payee_03557,1729.02,send,20,0.0,1.0,1.0,0,1426.95,1.212,39942,0.1919,A,1,0.5877,0.8033,1,1004,none,0,0.4384,0.8412337099357037,0,7.004515361286942e-06,pass,"[{'id': 'high_risk_merchant', 'label': 'Payee flagged as high-risk merchant', 'detail': 'This payee account has prior complaints or is on a high-risk watchlist.'}]"
txn_005377,2025-01-27T21:23:48,payer_01162,payee_02093,417.42,collect,21,1.0,1.0,0.0,0,542.93,0.769,30387,-0.2623,B,1,0.5676,0.9072,1,463,none,0,0.7475,0.7396198013101428,0,0.6841311567533777,pass,"[{'id': 'collect_first_time', 'label': 'Collect request from a first-time payee', 'detail': ""This transaction is a UPI collect request (the payee is asking you to pay them, not the other way round) AND you've never paid this account before. Refund scammers use this exact pattern.""}, {'id': 'odd_hour', 'label': 'Transaction at an unusual hour', 'detail': 'This transaction is happening between 21:00 and 08:00 local time — scammers often call late at night when the victim is tired or distracted.'}]"
txn_011721,2025-02-28T13:36:02,payer_00763,payee_02806,1152.15,send,13,0.0,1.0,0.0,0,805.46,1.43,42224,0.3576,B,1,0.6584,0.8778,1,996,none,0,0.4715,1.3273071955327116,0,4.5484355481965414e-06,pass,[]
txn_004115,2025-01-21T10:38:46,payer_01423,payee_02641,5943.5,send,10,0.0,1.0,0.0,0,3322.0,1.789,24502,0.5816,B,1,0.5629,0.9114,0,1591,none,0,0.5163,0.9526909213389244,0,2.623100485382885e-05,pass,[]
txn_006366,2025-02-01T18:18:38,payer_01756,payee_01694,343.26,send,18,0.0,0.0,0.0,11,628.95,0.546,36258,-0.6042,A,1,0.9731,0.362,0,2138,none,0,-0.1208,0.6572537374362234,0,1.6570315039904348e-06,pass,[]
txn_010466,2025-02-22T18:49:04,payer_00853,payee_04669,95.77,collect,18,0.0,1.0,0.0,0,448.53,0.214,43828,-1.5358,B,0,0.9831,0.2578,1,20761,timeout,0,0.0928,1.1502512707402843,0,0.03760304244590225,pass,"[{'id': 'collect_first_time', 'label': 'Collect request from a first-time payee', 'detail': ""This transaction is a UPI collect request (the payee is asking you to pay them, not the other way round) AND you've never paid this account before. Refund scammers use this exact pattern.""}]"
txn_011520,2025-02-27T20:51:35,payer_00162,payee_03554,1803.32,send,20,0.0,1.0,0.0,0,2945.53,0.612,43494,-0.4904,B,1,0.8987,0.6491,1,2225,none,0,0.3019,1.675179194564173,0,7.000277491005055e-06,pass,[]
txn_007203,2025-02-06T13:26:18,payer_01580,payee_04878,236.56,collect,13,0.0,0.0,0.0,6,184.06,1.285,29054,0.2497,A,1,0.886,0.6899,1,1616,none,1,0.0499,0.2238687063099474,0,0.14172008072714018,pass,[]
txn_003169,2025-01-16T13:14:41,payer_00522,payee_02483,293.77,qr,13,0.0,0.0,0.0,5,365.8,0.803,28035,-0.2186,A,1,0.9475,0.5125,1,2176,none,0,-0.0437,-0.0998925692080741,0,1.6517310582251846e-06,pass,[]
txn_004826,2025-01-25T19:31:02,payer_00849,payee_04494,3063.58,qr,19,0.0,0.0,0.0,6,3161.78,0.969,23977,-0.0315,A,1,0.928,0.5865,0,1287,none,0,-0.0063,0.9420985824633156,0,1.9318077578206524e-05,pass,[]
txn_006114,2025-01-31T13:21:48,payer_01291,payee_00608,198.03,send,13,0.0,0.0,0.0,7,231.14,0.857,39669,-0.1539,A,1,0.9414,0.5384,0,2468,none,0,-0.0308,1.3836819358182295,0,1.041022983689801e-06,pass,[]
txn_003887,2025-01-20T21:30:07,payer_01163,payee_04342,718.02,send,21,1.0,0.0,0.0,1,385.59,1.862,17751,0.6205,B,1,0.4708,0.9366,1,362,none,0,0.5241,-0.2622938250331913,0,5.660679398496615e-05,pass,"[{'id': 'odd_hour', 'label': 'Transaction at an unusual hour', 'detail': 'This transaction is happening between 21:00 and 08:00 local time — scammers often call late at night when the victim is tired or distracted.'}]"
txn_003946,2025-01-20T14:38:58,payer_00579,payee_01705,461.17,send,14,0.0,0.0,0.0,10,376.15,1.226,30181,0.2033,A,1,0.8942,0.6738,0,895,none,0,0.0407,0.2865120339811747,0,2.4012879138995984e-06,pass,[]
txn_001237,2025-01-07T12:01:37,payer_00404,payee_01611,844.89,send,12,0.0,0.0,0.0,6,743.32,1.137,39614,0.1279,B,0,0.9063,0.6467,1,23423,timeout,0,0.0256,1.6569587993839767,0,4.9970730157946686e-06,pass,[]
txn_002998,2025-01-15T22:28:01,payer_01456,payee_00769,212.6,send,22,1.0,1.0,0.0,0,1940.36,0.11,4730,-2.207,A,1,0.9775,0.3034,1,941,none,0,0.3586,-1.1270866676541973,0,8.191365446489854e-06,pass,"[{'id': 'odd_hour', 'label': 'Transaction at an unusual hour', 'detail': 'This transaction is happening between 21:00 and 08:00 local time — scammers often call late at night when the victim is tired or distracted.'}]"
txn_007676,2025-02-08T15:54:49,payer_00097,payee_02425,1566.15,qr,15,0.0,0.0,0.0,8,1333.06,1.175,30736,0.161,B,0,0.9012,0.6587,1,18216,bank_down,0,0.0322,0.3360260986639042,0,9.147299711054496e-06,pass,[]
txn_002754,2025-01-14T21:18:45,payer_01330,payee_03412,1393.36,send,21,1.0,1.0,0.0,0,1898.95,0.734,6501,-0.3094,B,1,0.5883,0.9007,0,2426,none,0,0.7381,-0.587227097081771,0,6.14645161274984e-05,pass,"[{'id': 'odd_hour', 'label': 'Transaction at an unusual hour', 'detail': 'This transaction is happening between 21:00 and 08:00 local time — scammers often call late at night when the victim is tired or distracted.'}]"
txn_010837,2025-02-24T01:39:52,payer_00158,payee_04468,3008.11,collect,1,1.0,1.0,0.0,0,1745.9,1.723,3179,0.5438,B,1,0.2353,0.9726,1,2113,none,1,0.9088,-1.4001785213233346,1,0.9962181390861298,hard_block,"[{'id': 'collect_first_time', 'label': 'Collect request from a first-time payee', 'detail': ""This transaction is a UPI collect request (the payee is asking you to pay them, not the other way round) AND you've never paid this account before. Refund scammers use this exact pattern.""}, {'id': 'fast_approval', 'label': 'Approval given suspiciously fast', 'detail': 'The user approved this in under 2 seconds — too fast to read the amount, the payee name, or the direction of the request.'}, {'id': 'odd_hour', 'label': 'Transaction at an unusual hour', 'detail': 'This transaction is happening between 21:00 and 08:00 local time — scammers often call late at night when the victim is tired or distracted.'}]"
txn_008802,2025-02-14T07:20:25,payer_01771,payee_04091,503.1,send,7,1.0,0.0,0.0,4,435.47,1.155,13612,0.1441,A,1,0.6771,0.8733,1,1113,none,0,0.4288,-0.1770226320398026,0,3.483171119934361e-05,pass,"[{'id': 'odd_hour', 'label': 'Transaction at an unusual hour', 'detail': 'This transaction is happening between 21:00 and 08:00 local time — scammers often call late at night when the victim is tired or distracted.'}]"
txn_007139,2025-02-05T17:03:30,payer_01463,payee_00566,253.48,send,17,0.0,0.0,0.0,2,572.27,0.443,40594,-0.8121,A,1,0.9813,0.2892,1,1862,none,0,-0.1624,1.8763978600789293,0,1.494423020046968e-06,pass,[]
txn_011249,2025-02-26T21:41:30,payer_01288,payee_01464,542.64,qr,21,1.0,0.0,0.0,11,1403.31,0.387,44758,-0.949,A,0,0.9375,0.5453,1,15379,timeout,0,0.2102,1.6590614004329955,0,3.0526132741268436e-05,pass,"[{'id': 'odd_hour', 'label': 'Transaction at an unusual hour', 'detail': 'This transaction is happening between 21:00 and 08:00 local time — scammers often call late at night when the victim is tired or distracted.'}]"
txn_011384,2025-02-26T13:49:54,payer_01729,payee_02102,1499.13,qr,13,0.0,0.0,0.0,4,1761.64,0.851,31224,-0.1613,B,0,0.9421,0.5354,1,26472,declined,0,-0.0323,0.5669564796105752,0,9.478278006851182e-06,pass,[]
txn_001964,2025-01-10T13:52:57,payer_00658,payee_04773,2434.82,collect,13,0.0,0.0,0.0,12,3181.84,0.765,4736,-0.2675,A,1,0.9517,0.493,1,634,none,1,-0.0535,-0.8304345989410954,0,0.618968241201037,pass,[]
txn_008507,2025-02-12T08:12:21,payer_01693,payee_00322,694.03,send,8,0.0,0.0,0.0,12,428.19,1.621,13118,0.482,B,1,0.8365,0.7634,1,1515,none,0,0.0964,-0.1092422997764419,0,3.591124592982287e-06,pass,[]
txn_010827,2025-02-24T14:38:23,payer_01371,payee_02731,1562.89,send,14,0.0,0.0,0.0,8,787.09,1.986,40157,0.6853,A,1,0.7801,0.8171,1,1575,none,0,0.1371,1.2903587236465204,0,9.516258282775469e-06,pass,[]
txn_010721,2025-02-23T10:03:54,payer_01455,payee_04158,524.17,collect,10,0.0,0.0,0.0,4,430.38,1.218,2391,0.1967,B,1,0.8953,0.6714,1,1643,none,1,0.0393,-1.9491523026888116,1,0.8518868608880826,hard_block,"[{'id': 'fast_approval', 'label': 'Approval given suspiciously fast', 'detail': 'The user approved this in under 2 seconds — too fast to read the amount, the payee name, or the direction of the request.'}]"
txn_000819,2025-01-05T13:51:47,payer_01447,payee_02198,776.85,collect,13,0.0,1.0,0.0,0,760.52,1.021,9739,0.0212,A,1,0.7793,0.8075,1,1177,none,0,0.4042,-0.7379567129396103,0,0.26943634978417424,pass,"[{'id': 'collect_first_time', 'label': 'Collect request from a first-time payee', 'detail': ""This transaction is a UPI collect request (the payee is asking you to pay them, not the other way round) AND you've never paid this account before. Refund scammers use this exact pattern.""}]"
txn_011365,2025-02-26T16:05:22,payer_01455,payee_04158,370.93,qr,16,0.0,0.0,0.0,12,430.38,0.862,19732,-0.1483,B,1,0.9409,0.5406,0,772,none,0,-0.0297,-0.3213116828859481,0,1.783207242761881e-06,pass,[]
txn_011446,2025-02-27T01:39:03,payer_00444,payee_02926,9957.68,collect,1,1.0,1.0,0.0,0,1020.0,9.762,3369,2.2777,B,1,0.0134,0.9982,0,1355,none,1,1.0,-1.5396433299685144,1,0.9998200266834206,hard_block,"[{'id': 'collect_first_time', 'label': 'Collect request from a first-time payee', 'detail': ""This transaction is a UPI collect request (the payee is asking you to pay them, not the other way round) AND you've never paid this account before. Refund scammers use this exact pattern.""}, {'id': 'amount_spike', 'label': 'Amount is unusually high for this payer', 'detail': ""This transaction is more than 3x this payer's typical amount. Common in refund scams where the scammer asks for a 'verification' transfer.""}, {'id': 'fast_approval', 'label': 'Approval given suspiciously fast', 'detail': 'The user approved this in under 2 seconds — too fast to read the amount, the payee name, or the direction of the request.'}, {'id': 'odd_hour', 'label': 'Transaction at an unusual hour', 'detail': 'This transaction is happening between 21:00 and 08:00 local time — scammers often call late at night when the victim is tired or distracted.'}, {'id': 'high_amount_first_time', 'label': 'High amount + first-time payee combination', 'detail': 'First-time payee + unusually high amount + (collect or QR direction) is the strongest single signal in our historical scam data.'}]"
txn_007748,2025-02-08T13:39:51,payer_00867,payee_00074,148.51,send,13,0.0,1.0,0.0,0,261.63,0.568,39426,-0.5634,A,0,0.91,0.6221,0,20840,timeout,0,0.2873,1.0910779953771867,0,5.019608071534839e-07,pass,[]
txn_002540,2025-01-13T17:22:33,payer_00109,payee_01773,673.86,send,17,0.0,1.0,0.0,0,461.05,1.462,36238,0.3788,B,1,0.6498,0.8814,0,2080,none,0,0.4758,1.021930520155373,0,2.5858763058871713e-06,pass,[]
txn_005721,2025-01-29T10:09:49,payer_01023,payee_02567,373.68,collect,10,0.0,0.0,0.0,6,475.94,0.785,24991,-0.2413,A,1,0.9495,0.5035,1,2349,none,0,-0.0483,-0.3131061031643528,0,0.20666964264909832,pass,[]
txn_006085,2025-01-31T01:19:07,payer_00757,payee_01489,413.02,collect,1,1.0,0.0,0.0,10,432.57,0.955,23236,-0.0461,B,1,0.7471,0.8356,1,528,none,0,0.3908,-0.5695343112318446,0,0.7520394296419256,pass,"[{'id': 'odd_hour', 'label': 'Transaction at an unusual hour', 'detail': 'This transaction is happening between 21:00 and 08:00 local time — scammers often call late at night when the victim is tired or distracted.'}]"
txn_007549,2025-02-07T16:19:54,payer_01404,payee_03736,260.74,send,16,0.0,0.0,0.0,12,317.05,0.822,36839,-0.1949,A,1,0.9454,0.522,0,1973,none,0,-0.039,1.30458561908578,0,1.2274262843029214e-06,pass,[]
txn_001061,2025-01-06T18:25:11,payer_00588,payee_01753,2553.32,send,18,0.0,1.0,0.0,0,2497.79,1.022,33892,0.022,A,1,0.7791,0.8077,1,2363,none,0,0.4044,0.2507697759082084,0,1.0324502472129637e-05,pass,[]
txn_005924,2025-01-30T23:05:56,payer_00351,payee_01964,5028.36,collect,23,1.0,1.0,0.0,0,3247.85,1.548,4605,0.437,B,1,0.2716,0.9677,0,314,none,1,0.8874,-0.8660348328022054,0,0.9689797060900428,hard_block,"[{'id': 'collect_first_time', 'label': 'Collect request from a first-time payee', 'detail': ""This transaction is a UPI collect request (the payee is asking you to pay them, not the other way round) AND you've never paid this account before. Refund scammers use this exact pattern.""}, {'id': 'odd_hour', 'label': 'Transaction at an unusual hour', 'detail': 'This transaction is happening between 21:00 and 08:00 local time — scammers often call late at night when the victim is tired or distracted.'}]"
txn_008283,2025-02-11T16:22:37,payer_00409,payee_03138,696.54,send,16,0.0,0.0,0.0,4,475.35,1.465,31127,0.3814,B,1,0.8598,0.7331,1,604,none,0,0.0763,-0.0097212517340756,0,4.354016896634481e-06,pass,[]
txn_001254,2025-01-07T08:15:11,payer_00172,payee_03782,873.4,send,8,0.0,0.0,0.0,5,618.45,1.412,6227,0.3447,A,1,0.8676,0.7214,1,801,none,0,0.0689,-1.3302336484468835,1,7.738021509322685e-05,pass,"[{'id': 'fast_approval', 'label': 'Approval given suspiciously fast', 'detail': 'The user approved this in under 2 seconds — too fast to read the amount, the payee name, or the direction of the request.'}]"
txn_000952,2025-01-05T18:22:59,payer_01079,payee_00074,194.76,send,18,0.0,0.0,0.0,9,304.57,0.639,22625,-0.4453,A,1,0.9645,0.4225,0,904,none,0,-0.0891,0.4633018796824524,0,9.629599239620432e-07,pass,[]
txn_009133,2025-02-15T16:48:11,payer_01924,payee_03274,676.55,qr,16,0.0,0.0,0.0,10,477.24,1.418,4163,0.3484,A,1,0.8668,0.7226,0,379,none,0,0.0697,-1.6722090030206291,1,5.2268800124797616e-05,pass,"[{'id': 'fast_approval', 'label': 'Approval given suspiciously fast', 'detail': 'The user approved this in under 2 seconds — too fast to read the amount, the payee name, or the direction of the request.'}]"
txn_010099,2025-02-20T13:18:04,payer_00451,payee_04450,317.91,send,13,0.0,0.0,0.0,11,301.71,1.054,36907,0.0522,B,0,0.9173,0.6186,1,13891,declined,0,0.0104,1.3848134667729717,0,1.5688083030063429e-06,pass,[]
txn_004792,2025-01-24T15:40:48,payer_00889,payee_03942,922.91,qr,15,0.0,1.0,0.0,0,988.22,0.934,17611,-0.0683,B,1,0.8058,0.7843,0,2056,none,0,0.3863,-0.2409822542019193,0,3.5076559765266612e-06,pass,[]
txn_007856,2025-02-09T20:19:24,payer_01928,payee_02264,991.67,send,20,0.0,1.0,1.0,0,1248.57,0.794,40927,-0.2302,B,1,0.7529,0.6752,1,389,none,0,0.354,0.8754088630262563,0,3.8106637138105718e-06,pass,"[{'id': 'high_risk_merchant', 'label': 'Payee flagged as high-risk merchant', 'detail': 'This payee account has prior complaints or is on a high-risk watchlist.'}]"
txn_001118,2025-01-06T11:46:26,payer_00215,payee_02925,10.0,send,11,0.0,0.0,0.0,2,420.47,0.024,39392,-3.6459,A,1,0.9999,0.0043,0,1263,none,0,-0.7292,1.3781217336256075,0,5.282898771758002e-08,pass,[]
txn_007452,2025-02-07T14:04:12,payer_00002,payee_04691,968.16,send,14,0.0,0.0,0.0,10,682.84,1.418,12253,0.3487,B,0,0.8667,0.7227,1,16386,declined,0,0.0697,-0.3951189101004947,0,5.305294177524619e-06,pass,[]
txn_009575,2025-02-17T13:01:52,payer_00169,payee_02906,208.85,collect,13,0.0,0.0,0.0,6,347.32,0.601,14648,-0.5067,A,1,0.9681,0.3987,1,1516,none,0,-0.1013,-1.042570466984523,0,0.12266841244893412,pass,[]
txn_001954,2025-01-10T09:52:05,payer_00716,payee_02705,189.38,send,9,0.0,1.0,0.0,0,455.27,0.416,29220,-0.874,B,1,0.9465,0.5004,1,1991,none,0,0.2252,0.5838333943305171,0,6.430154695276152e-07,pass,[]
txn_004058,2025-01-21T13:58:11,payer_00661,payee_00636,324.42,collect,13,0.0,0.0,0.0,12,286.27,1.133,30275,0.1247,A,1,0.9068,0.6455,1,2362,none,0,0.0249,0.2473321302455751,0,0.1646735873074108,pass,[]
txn_010428,2025-02-22T15:24:56,payer_00311,payee_01890,181.8,collect,15,0.0,0.0,1.0,10,255.37,0.712,21442,-0.3382,A,1,0.9248,0.3915,0,431,none,0,-0.0676,0.1831836108818002,0,0.10048697657752706,pass,"[{'id': 'high_risk_merchant', 'label': 'Payee flagged as high-risk merchant', 'detail': 'This payee account has prior complaints or is on a high-risk watchlist.'}]"
txn_004089,2025-01-21T14:12:48,payer_00707,payee_01684,2268.4,send,14,0.0,1.0,0.0,0,2045.1,1.109,25567,0.1036,A,1,0.7528,0.8272,1,1800,none,0,0.4207,0.4540445403198725,0,9.151968311924612e-06,pass,[]
txn_006681,2025-02-03T06:04:05,payer_01665,payee_00691,247.66,send,6,1.0,0.0,0.0,5,160.76,1.541,17377,0.43,A,1,0.5563,0.9159,1,570,none,0,0.486,-0.9464356637810196,0,1.6423770447937472e-05,pass,"[{'id': 'odd_hour', 'label': 'Transaction at an unusual hour', 'detail': 'This transaction is happening between 21:00 and 08:00 local time — scammers often call late at night when the victim is tired or distracted.'}]"
txn_001718,2025-01-09T16:20:21,payer_00338,payee_01355,632.52,send,16,0.0,1.0,0.0,0,614.39,1.03,31642,0.029,B,1,0.7769,0.8095,0,455,none,0,0.4058,0.652120882883569,0,2.365528744832566e-06,pass,[]
txn_004401,2025-01-23T23:02:34,payer_00872,payee_01522,343.95,send,23,1.0,0.0,0.0,4,372.34,0.924,32852,-0.0791,A,0,0.7581,0.8283,1,29287,bank_down,0,0.3842,0.9376471333719848,0,2.30482836807667e-05,pass,"[{'id': 'odd_hour', 'label': 'Transaction at an unusual hour', 'detail': 'This transaction is happening between 21:00 and 08:00 local time — scammers often call late at night when the victim is tired or distracted.'}]"
txn_004238,2025-01-22T13:52:45,payer_01174,payee_04589,705.75,send,13,0.0,1.0,0.0,0,1251.12,0.564,12350,-0.5719,B,1,0.9113,0.6189,1,1126,none,0,0.2856,-1.159190535446056,0,2.592576521042031e-06,pass,[]
txn_008645,2025-02-13T17:58:06,payer_00263,payee_04951,1013.9,send,17,0.0,0.0,1.0,9,899.33,1.127,6313,0.1198,A,1,0.8435,0.5724,1,2038,none,0,0.024,-0.9005524228251794,0,5.704524689712091e-06,pass,"[{'id': 'high_risk_merchant', 'label': 'Payee flagged as high-risk merchant', 'detail': 'This payee account has prior complaints or is on a high-risk watchlist.'}]"
txn_010562,2025-02-22T15:55:08,payer_00799,payee_01641,1711.29,send,15,0.0,1.0,0.0,0,1307.59,1.309,27810,0.2689,B,1,0.6934,0.8618,1,1762,none,0,0.4538,0.8828384634568762,0,6.8653184982420356e-06,pass,[]
txn_002337,2025-01-12T07:57:18,payer_00722,payee_04491,119.83,send,7,1.0,1.0,0.0,0,143.79,0.833,3378,-0.1809,A,0,0.5314,0.9176,1,15125,timeout,0,0.7638,-1.2409910564766502,1,6.696032281857467e-05,pass,"[{'id': 'fast_approval', 'label': 'Approval given suspiciously fast', 'detail': 'The user approved this in under 2 seconds — too fast to read the amount, the payee name, or the direction of the request.'}, {'id': 'odd_hour', 'label': 'Transaction at an unusual hour', 'detail': 'This transaction is happening between 21:00 and 08:00 local time — scammers often call late at night when the victim is tired or distracted.'}]"
txn_003027,2025-01-16T05:36:29,payer_01882,payee_03479,535.42,send,5,1.0,1.0,0.0,0,550.17,0.973,33250,-0.0271,A,0,0.4623,0.9344,1,23612,timeout,0,0.7946,1.2473239628110764,0,2.2667425393129693e-05,pass,"[{'id': 'odd_hour', 'label': 'Transaction at an unusual hour', 'detail': 'This transaction is happening between 21:00 and 08:00 local time — scammers often call late at night when the victim is tired or distracted.'}]"
txn_008908,2025-02-14T15:25:16,payer_00545,payee_00268,169.88,qr,15,0.0,1.0,0.0,0,871.7,0.195,19608,-1.6306,A,1,0.9857,0.2299,0,417,none,0,0.0739,-1.3313614329923509,1,8.157517263489257e-06,pass,"[{'id': 'fast_approval', 'label': 'Approval given suspiciously fast', 'detail': 'The user approved this in under 2 seconds — too fast to read the amount, the payee name, or the direction of the request.'}]"
txn_003643,2025-01-19T12:22:15,payer_01937,payee_03993,1981.11,send,12,0.0,0.0,0.0,10,997.57,1.986,5776,0.6856,B,1,0.78,0.8171,0,1515,none,0,0.1371,-0.7312365229251409,0,1.1638480286422437e-05,pass,[]
txn_002412,2025-01-13T22:57:02,payer_00811,payee_02061,2214.75,collect,22,1.0,1.0,1.0,0,592.43,3.738,7842,1.3174,B,1,0.0403,0.9891,0,891,none,0,1.0,-0.8462866168004676,0,0.9832378463260125,hard_block,"[{'id': 'collect_first_time', 'label': 'Collect request from a first-time payee', 'detail': ""This transaction is a UPI collect request (the payee is asking you to pay them, not the other way round) AND you've never paid this account before. Refund scammers use this exact pattern.""}, {'id': 'amount_spike', 'label': 'Amount is unusually high for this payer', 'detail': ""This transaction is more than 3x this payer's typical amount. Common in refund scams where the scammer asks for a 'verification' transfer.""}, {'id': 'odd_hour', 'label': 'Transaction at an unusual hour', 'detail': 'This transaction is happening between 21:00 and 08:00 local time — scammers often call late at night when the victim is tired or distracted.'}, {'id': 'high_amount_first_time', 'label': 'High amount + first-time payee combination', 'detail': 'First-time payee + unusually high amount + (collect or QR direction) is the strongest single signal in our historical scam data.'}, {'id': 'high_risk_merchant', 'label': 'Payee flagged as high-risk merchant', 'detail': 'This payee account has prior complaints or is on a high-risk watchlist.'}]"
txn_009564,2025-02-17T23:00:43,payer_00544,payee_01461,23.93,send,23,1.0,0.0,0.0,5,149.3,0.16,43422,-1.7965,A,1,0.9857,0.2361,0,714,none,0,0.0407,1.669742803086725,0,1.3447233265354596e-06,pass,"[{'id': 'odd_hour', 'label': 'Transaction at an unusual hour', 'detail': 'This transaction is happening between 21:00 and 08:00 local time — scammers often call late at night when the victim is tired or distracted.'}]"
txn_004442,2025-01-23T14:50:25,payer_01258,payee_04628,248.69,send,14,0.0,1.0,0.0,0,384.2,0.647,44176,-0.4336,A,1,0.889,0.6696,0,2238,none,0,0.3133,1.3269061903556985,0,8.66755799873436e-07,pass,[]
txn_011773,2025-02-28T12:31:29,payer_00223,payee_01864,353.09,qr,12,0.0,0.0,0.0,6,554.57,0.637,3583,-0.4504,B,1,0.9648,0.4205,1,1784,none,0,-0.0901,-1.073647125318226,0,1.9396505132580814e-06,pass,[]
txn_002714,2025-01-14T06:05:08,payer_01969,payee_01662,1959.86,collect,6,1.0,0.0,0.0,7,1247.0,1.572,18749,0.4518,B,1,0.5465,0.9186,1,356,none,0,0.4904,-0.6603455849558124,0,0.9457928590971393,hard_block,"[{'id': 'odd_hour', 'label': 'Transaction at an unusual hour', 'detail': 'This transaction is happening between 21:00 and 08:00 local time — scammers often call late at night when the victim is tired or distracted.'}]"
txn_001056,2025-01-06T17:43:55,payer_01645,payee_01857,365.5,send,17,0.0,0.0,0.0,2,343.45,1.064,20527,0.062,A,0,0.9159,0.6223,0,23117,declined,0,0.0124,0.0141535974423036,0,2.268977643222946e-06,pass,[]
txn_001146,2025-01-06T11:31:27,payer_00050,payee_03386,2413.42,qr,11,0.0,1.0,0.0,0,3070.56,0.786,9435,-0.2407,A,1,0.8498,0.734,1,890,none,0,0.3519,-1.6664898929667065,1,0.00013821966936682114,pass,"[{'id': 'fast_approval', 'label': 'Approval given suspiciously fast', 'detail': 'The user approved this in under 2 seconds — too fast to read the amount, the payee name, or the direction of the request.'}]"
txn_004453,2025-01-23T04:43:14,payer_01993,payee_01867,369.47,send,4,1.0,0.0,0.0,4,729.87,0.506,14775,-0.6795,A,1,0.9023,0.6486,0,2129,none,0,0.2641,-0.772695486538982,0,2.4325533055414152e-05,pass,"[{'id': 'odd_hour', 'label': 'Transaction at an unusual hour', 'detail': 'This transaction is happening between 21:00 and 08:00 local time — scammers often call late at night when the victim is tired or distracted.'}]"
txn_003447,2025-01-18T16:21:33,payer_01799,payee_00452,459.42,send,16,0.0,1.0,0.0,0,848.94,0.541,42343,-0.613,A,1,0.9171,0.6033,1,1596,none,0,0.2774,1.5481128827335842,0,1.646148418416483e-06,pass,[]
txn_003658,2025-01-19T04:18:51,payer_00863,payee_04339,12942.22,collect,4,1.0,1.0,0.0,0,953.48,13.574,1932,2.6072,B,1,0.0074,0.999,0,313,none,1,1.0,-1.8956518652145349,1,0.9998878820876254,hard_block,"[{'id': 'collect_first_time', 'label': 'Collect request from a first-time payee', 'detail': ""This transaction is a UPI collect request (the payee is asking you to pay them, not the other way round) AND you've never paid this account before. Refund scammers use this exact pattern.""}, {'id': 'amount_spike', 'label': 'Amount is unusually high for this payer', 'detail': ""This transaction is more than 3x this payer's typical amount. Common in refund scams where the scammer asks for a 'verification' transfer.""}, {'id': 'fast_approval', 'label': 'Approval given suspiciously fast', 'detail': 'The user approved this in under 2 seconds — too fast to read the amount, the payee name, or the direction of the request.'}, {'id': 'odd_hour', 'label': 'Transaction at an unusual hour', 'detail': 'This transaction is happening between 21:00 and 08:00 local time — scammers often call late at night when the victim is tired or distracted.'}, {'id': 'high_amount_first_time', 'label': 'High amount + first-time payee combination', 'detail': 'First-time payee + unusually high amount + (collect or QR direction) is the strongest single signal in our historical scam data.'}]"
txn_006244,2025-02-01T11:55:09,payer_01447,payee_02198,10.0,qr,11,0.0,0.0,0.0,2,760.52,0.013,43253,-4.2374,A,1,1.0,0.0017,0,849,none,0,-0.8475,1.3733980007479876,0,5.279908413118192e-08,pass,[]
txn_003898,2025-01-20T07:35:52,payer_00320,payee_00571,1046.17,send,7,1.0,0.0,0.0,11,1108.32,0.944,2601,-0.0577,B,1,0.751,0.8331,1,1760,none,0,0.3885,-1.059128998865284,0,6.281847530641371e-05,pass,"[{'id': 'odd_hour', 'label': 'Transaction at an unusual hour', 'detail': 'This transaction is happening between 21:00 and 08:00 local time — scammers often call late at night when the victim is tired or distracted.'}]"
txn_000008,2025-01-01T13:18:45,payer_00124,payee_02536,718.32,qr,13,0.0,1.0,0.0,0,626.0,1.147,44990,0.1374,A,1,0.7413,0.8348,1,2093,none,0,0.4275,1.2227102097481308,0,2.721812066895692e-06,pass,[]
txn_007159,2025-02-05T18:11:44,payer_00890,payee_02713,645.11,send,18,0.0,1.0,0.0,0,491.25,1.313,26768,0.272,B,1,0.6922,0.8624,1,439,none,0,0.4544,1.3124707174460972,0,2.4506941413330003e-06,pass,[]
txn_003449,2025-01-18T04:36:31,payer_00087,payee_04793,5388.73,collect,4,1.0,1.0,0.0,0,1877.15,2.871,1022,1.0542,B,1,0.1093,0.9877,0,1521,none,1,1.0,-1.2493598263983277,1,0.9980713511686927,hard_block,"[{'id': 'collect_first_time', 'label': 'Collect request from a first-time payee', 'detail': ""This transaction is a UPI collect request (the payee is asking you to pay them, not the other way round) AND you've never paid this account before. Refund scammers use this exact pattern.""}, {'id': 'fast_approval', 'label': 'Approval given suspiciously fast', 'detail': 'The user approved this in under 2 seconds — too fast to read the amount, the payee name, or the direction of the request.'}, {'id': 'odd_hour', 'label': 'Transaction at an unusual hour', 'detail': 'This transaction is happening between 21:00 and 08:00 local time — scammers often call late at night when the victim is tired or distracted.'}]"
txn_003680,2025-01-19T14:28:56,payer_01159,payee_03995,144.28,send,14,0.0,0.0,0.0,7,165.3,0.873,7432,-0.1352,A,1,0.9395,0.5458,1,1560,none,0,-0.027,-1.178076845976998,0,7.469500975002368e-07,pass,[]
txn_006380,2025-02-01T20:19:10,payer_00775,payee_04985,286.31,send,20,0.0,1.0,0.0,0,1242.88,0.23,31173,-1.4654,A,1,0.9809,0.28,0,888,none,0,0.1069,0.6908225315077647,0,9.84029308580146e-07,pass,[]
txn_000096,2025-01-01T17:09:18,payer_01511,payee_02132,299.87,send,17,0.0,1.0,0.0,0,333.11,0.9,33414,-0.1048,B,1,0.8159,0.7742,1,1647,none,0,0.379,0.6085180855114917,0,1.0694448316427366e-06,pass,[]
txn_001459,2025-01-08T07:14:56,payer_00618,payee_03282,1104.67,qr,7,1.0,1.0,0.0,0,1102.54,1.002,28742,0.0019,A,0,0.4493,0.9372,1,20091,declined,0,0.8004,0.3244257384350957,0,4.87655665137905e-05,pass,"[{'id': 'odd_hour', 'label': 'Transaction at an unusual hour', 'detail': 'This transaction is happening between 21:00 and 08:00 local time — scammers often call late at night when the victim is tired or distracted.'}]"
txn_001971,2025-01-10T13:53:51,payer_00239,payee_03117,1792.73,collect,13,0.0,1.0,1.0,0,835.01,2.147,3472,0.7634,A,1,0.3376,0.9106,1,1702,none,1,0.5527,-1.3488869517015385,1,0.9323946644558709,hard_block,"[{'id': 'collect_first_time', 'label': 'Collect request from a first-time payee', 'detail': ""This transaction is a UPI collect request (the payee is asking you to pay them, not the other way round) AND you've never paid this account before. Refund scammers use this exact pattern.""}, {'id': 'fast_approval', 'label': 'Approval given suspiciously fast', 'detail': 'The user approved this in under 2 seconds — too fast to read the amount, the payee name, or the direction of the request.'}, {'id': 'high_risk_merchant', 'label': 'Payee flagged as high-risk merchant', 'detail': 'This payee account has prior complaints or is on a high-risk watchlist.'}]"
txn_000426,2025-01-03T19:11:44,payer_01157,payee_02586,373.71,send,19,0.0,1.0,0.0,0,193.27,1.934,23460,0.6569,A,0,0.5294,0.9206,1,14787,declined,0,0.5314,1.3892836687877428,0,1.4224500565718684e-06,pass,[]
txn_002954,2025-01-15T20:43:28,payer_01034,payee_00921,7666.5,collect,20,0.0,1.0,0.0,0,4405.92,1.74,19264,0.5538,B,1,0.5752,0.9077,1,1557,none,0,0.5108,0.1702560115492231,0,0.811306219630552,pass,"[{'id': 'collect_first_time', 'label': 'Collect request from a first-time payee', 'detail': ""This transaction is a UPI collect request (the payee is asking you to pay them, not the other way round) AND you've never paid this account before. Refund scammers use this exact pattern.""}]"
txn_003896,2025-01-20T12:34:41,payer_00569,payee_03573,1421.32,send,12,0.0,0.0,0.0,1,1081.89,1.314,44252,0.2727,A,1,0.8818,0.6977,1,2380,none,0,0.0545,1.3738502063953826,0,9.878371116175792e-06,pass,[]
txn_010671,2025-02-23T18:19:51,payer_01821,payee_04985,336.66,qr,18,0.0,0.0,0.0,7,479.59,0.702,18825,-0.353,B,1,0.9583,0.4589,1,1934,none,0,-0.0706,-0.737210138872691,0,1.8058292144753117e-06,pass,[]
txn_003773,2025-01-19T23:35:24,payer_00079,payee_00441,1810.99,send,23,1.0,1.0,0.0,0,160.39,11.291,3904,2.4184,B,1,0.0104,0.9986,0,2236,none,0,1.0,-1.1929994802671269,0,0.000549008925093953,pass,"[{'id': 'amount_spike', 'label': 'Amount is unusually high for this payer', 'detail': ""This transaction is more than 3x this payer's typical amount. Common in refund scams where the scammer asks for a 'verification' transfer.""}, {'id': 'odd_hour', 'label': 'Transaction at an unusual hour', 'detail': 'This transaction is happening between 21:00 and 08:00 local time — scammers often call late at night when the victim is tired or distracted.'}]"
txn_010580,2025-02-22T17:49:58,payer_01196,payee_03571,769.19,send,17,0.0,0.0,0.0,12,429.3,1.792,27225,0.5822,A,1,0.8103,0.7911,1,780,none,0,0.1164,0.798772395156834,0,4.038276189689646e-06,pass,[]
txn_010741,2025-02-23T13:13:58,payer_00930,payee_03237,743.35,qr,13,0.0,0.0,0.0,7,776.6,0.957,8603,-0.0437,A,1,0.9295,0.5818,0,2381,none,0,-0.0087,-0.6678162287098182,0,4.2198283850563715e-06,pass,[]
txn_005384,2025-01-27T11:23:58,payer_00058,payee_00167,454.97,send,11,0.0,0.0,0.0,5,616.57,0.738,16913,-0.3034,A,1,0.9546,0.4787,0,1526,none,0,-0.0607,-0.4301902159509375,0,2.6107606124525146e-06,pass,[]
txn_010709,2025-02-23T10:54:14,payer_01079,payee_02989,225.1,send,10,0.0,0.0,0.0,1,304.57,0.739,31838,-0.3012,A,1,0.9544,0.4795,1,607,none,0,-0.0602,1.2659237088256985,0,1.3724258543902714e-06,pass,[]
txn_005638,2025-01-29T11:48:30,payer_01767,payee_02810,622.29,send,11,0.0,0.0,0.0,6,1326.6,0.469,28199,-0.7561,A,1,0.9794,0.3079,0,1977,none,0,-0.1512,-0.0556060750207704,0,3.4960664269218165e-06,pass,[]
txn_000979,2025-01-05T12:24:19,payer_01455,payee_03539,543.5,send,12,0.0,1.0,0.0,0,430.38,1.263,34443,0.2329,B,1,0.707,0.8548,1,1536,none,0,0.4466,1.0596446263188222,0,2.039932876015341e-06,pass,[]
txn_005853,2025-01-30T12:42:15,payer_00269,payee_03367,2782.87,collect,12,0.0,0.0,0.0,4,1109.08,2.509,8474,0.9194,A,0,0.6995,0.8666,1,9203,declined,1,0.1839,-0.8543404273289422,0,0.7136107579901596,pass,[]
txn_001042,2025-01-06T19:29:43,payer_00093,payee_00959,984.22,qr,19,0.0,1.0,0.0,0,626.07,1.572,9224,0.4518,A,1,0.6193,0.8931,0,1414,none,0,0.4904,-0.6065066185933068,0,3.879514700017679e-06,pass,[]
txn_007217,2025-02-06T11:21:17,payer_00658,payee_00409,2514.63,send,11,0.0,0.0,0.0,6,3181.84,0.79,20468,-0.2353,A,1,0.949,0.5059,1,2463,none,0,-0.0471,0.5135527589233745,0,1.5536039650856595e-05,pass,[]
txn_010642,2025-02-23T23:27:03,payer_01209,payee_01273,3476.73,send,23,1.0,1.0,0.0,0,1549.81,2.243,21881,0.8076,B,1,0.1606,0.9819,0,1113,none,0,0.9615,-0.8054508187540821,0,0.00017454817398966844,pass,"[{'id': 'odd_hour', 'label': 'Transaction at an unusual hour', 'detail': 'This transaction is happening between 21:00 and 08:00 local time — scammers often call late at night when the victim is tired or distracted.'}]"
txn_010396,2025-02-21T15:27:42,payer_00313,payee_02174,1098.14,collect,15,0.0,1.0,0.0,0,852.14,1.289,44903,0.2534,A,1,0.6993,0.8588,1,1555,none,0,0.4507,1.25838332357627,0,0.350195860034207,pass,"[{'id': 'collect_first_time', 'label': 'Collect request from a first-time payee', 'detail': ""This transaction is a UPI collect request (the payee is asking you to pay them, not the other way round) AND you've never paid this account before. Refund scammers use this exact pattern.""}]"
txn_003272,2025-01-17T17:41:44,payer_01182,payee_04399,5619.13,collect,17,0.0,0.0,0.0,12,3843.21,1.462,30579,0.3798,A,1,0.8601,0.7326,0,2426,none,0,0.076,1.6323137874603248,0,0.802961097305085,pass,[]
txn_001965,2025-01-10T15:04:46,payer_01504,payee_01213,1345.07,send,15,0.0,1.0,0.0,0,1314.27,1.023,33721,0.0231,B,1,0.7787,0.808,1,1923,none,0,0.4046,0.6419499759240277,0,5.245477993727767e-06,pass,[]
txn_002678,2025-01-14T23:46:24,payer_01076,payee_03885,2466.88,collect,23,1.0,1.0,0.0,0,101.34,24.343,3372,3.1828,B,1,0.0027,0.9996,0,300,none,1,1.0,-1.040277298907091,0,0.9946860172750939,hard_block,"[{'id': 'collect_first_time', 'label': 'Collect request from a first-time payee', 'detail': ""This transaction is a UPI collect request (the payee is asking you to pay them, not the other way round) AND you've never paid this account before. Refund scammers use this exact pattern.""}, {'id': 'amount_spike', 'label': 'Amount is unusually high for this payer', 'detail': ""This transaction is more than 3x this payer's typical amount. Common in refund scams where the scammer asks for a 'verification' transfer.""}, {'id': 'odd_hour', 'label': 'Transaction at an unusual hour', 'detail': 'This transaction is happening between 21:00 and 08:00 local time — scammers often call late at night when the victim is tired or distracted.'}, {'id': 'high_amount_first_time', 'label': 'High amount + first-time payee combination', 'detail': 'First-time payee + unusually high amount + (collect or QR direction) is the strongest single signal in our historical scam data.'}]"
txn_003710,2025-01-19T21:46:21,payer_00944,payee_03845,1078.65,qr,21,1.0,0.0,0.0,10,1611.82,0.669,25604,-0.4014,A,1,0.8484,0.7423,1,1951,none,0,0.3197,1.269162221148768,0,6.556155360711897e-05,pass,"[{'id': 'odd_hour', 'label': 'Transaction at an unusual hour', 'detail': 'This transaction is happening between 21:00 and 08:00 local time — scammers often call late at night when the victim is tired or distracted.'}]"
txn_002894,2025-01-15T03:16:56,payer_01642,payee_00538,412.63,qr,3,1.0,1.0,0.0,0,899.88,0.459,34463,-0.7784,B,1,0.7687,0.8107,1,1843,none,0,0.6443,0.7751213504276211,0,1.6771395340354917e-05,pass,"[{'id': 'odd_hour', 'label': 'Transaction at an unusual hour', 'detail': 'This transaction is happening between 21:00 and 08:00 local time — scammers often call late at night when the victim is tired or distracted.'}]"
txn_006705,2025-02-03T10:54:51,payer_00518,payee_00054,498.1,qr,10,0.0,1.0,0.0,0,283.21,1.759,19253,0.5631,B,1,0.5711,0.909,0,1856,none,0,0.5126,0.0411707392802366,0,1.908676904627846e-06,pass,[]
txn_005743,2025-01-29T13:40:09,payer_01337,payee_00234,10477.97,collect,13,0.0,1.0,1.0,0,508.89,20.59,3566,3.0229,B,1,0.0087,0.9974,0,2297,none,1,0.6,-1.2902960310389453,1,0.9988975542514771,hard_block,"[{'id': 'collect_first_time', 'label': 'Collect request from a first-time payee', 'detail': ""This transaction is a UPI collect request (the payee is asking you to pay them, not the other way round) AND you've never paid this account before. Refund scammers use this exact pattern.""}, {'id': 'amount_spike', 'label': 'Amount is unusually high for this payer', 'detail': ""This transaction is more than 3x this payer's typical amount. Common in refund scams where the scammer asks for a 'verification' transfer.""}, {'id': 'fast_approval', 'label': 'Approval given suspiciously fast', 'detail': 'The user approved this in under 2 seconds — too fast to read the amount, the payee name, or the direction of the request.'}, {'id': 'high_amount_first_time', 'label': 'High amount + first-time payee combination', 'detail': 'First-time payee + unusually high amount + (collect or QR direction) is the strongest single signal in our historical scam data.'}, {'id': 'high_risk_merchant', 'label': 'Payee flagged as high-risk merchant', 'detail': 'This payee account has prior complaints or is on a high-risk watchlist.'}]"
txn_011681,2025-02-28T08:03:24,payer_01767,payee_02810,1870.62,collect,8,0.0,0.0,0.0,9,1326.6,1.41,35173,0.3434,A,1,0.8678,0.721,0,871,none,0,0.0687,0.6319768455374802,0,0.5777766998627809,pass,[]
txn_000582,2025-01-03T17:06:42,payer_01287,payee_00818,79.94,send,17,0.0,1.0,0.0,0,503.5,0.159,21098,-1.8299,B,0,0.99,0.1783,1,28697,timeout,0,0.034,-0.1072777714925304,0,2.569139311672745e-07,pass,[]
txn_011799,2025-02-28T14:37:40,payer_01755,payee_02821,460.76,send,14,0.0,0.0,1.0,6,301.01,1.531,8996,0.4246,A,1,0.7569,0.6855,0,368,none,0,0.0849,-0.609458488196739,0,2.7274526287136624e-06,pass,"[{'id': 'high_risk_merchant', 'label': 'Payee flagged as high-risk merchant', 'detail': 'This payee account has prior complaints or is on a high-risk watchlist.'}]"
txn_010229,2025-02-21T16:30:01,payer_00890,payee_01564,502.62,send,16,0.0,1.0,0.0,0,491.25,1.023,23068,0.0228,A,1,0.7788,0.8079,0,1881,none,0,0.4046,0.8650002160197684,0,1.8553194166622523e-06,pass,[]
txn_003316,2025-01-17T14:39:25,payer_01277,payee_01792,225.47,send,14,0.0,1.0,0.0,0,239.13,0.943,37388,-0.0586,B,1,0.803,0.7869,1,1927,none,0,0.3883,0.5504698166452285,0,7.937805114419856e-07,pass,[]
txn_006858,2025-02-04T22:20:02,payer_00572,payee_02527,829.41,qr,22,1.0,0.0,0.0,2,708.61,1.17,36366,0.1572,B,1,0.672,0.8756,0,629,none,0,0.4314,0.851604583072728,0,6.206361406122889e-05,pass,"[{'id': 'odd_hour', 'label': 'Transaction at an unusual hour', 'detail': 'This transaction is happening between 21:00 and 08:00 local time — scammers often call late at night when the victim is tired or distracted.'}]"
txn_011820,2025-03-01T13:11:18,payer_00760,payee_00937,12559.99,collect,13,0.0,1.0,0.0,0,415.08,30.259,3943,3.4075,B,1,0.0079,0.9989,0,867,none,1,0.6,-1.2028089649448324,1,0.9994384362971943,hard_block,"[{'id': 'collect_first_time', 'label': 'Collect request from a first-time payee', 'detail': ""This transaction is a UPI collect request (the payee is asking you to pay them, not the other way round) AND you've never paid this account before. Refund scammers use this exact pattern.""}, {'id': 'amount_spike', 'label': 'Amount is unusually high for this payer', 'detail': ""This transaction is more than 3x this payer's typical amount. Common in refund scams where the scammer asks for a 'verification' transfer.""}, {'id': 'fast_approval', 'label': 'Approval given suspiciously fast', 'detail': 'The user approved this in under 2 seconds — too fast to read the amount, the payee name, or the direction of the request.'}, {'id': 'high_amount_first_time', 'label': 'High amount + first-time payee combination', 'detail': 'First-time payee + unusually high amount + (collect or QR direction) is the strongest single signal in our historical scam data.'}]"
txn_007063,2025-02-05T16:53:40,payer_00128,payee_03399,933.34,send,16,0.0,0.0,0.0,10,1438.51,0.649,27168,-0.4322,B,1,0.9637,0.4276,1,2356,none,0,-0.0864,1.1990525428867729,0,4.9059175517935925e-06,pass,[]
txn_000003,2025-01-01T16:06:35,payer_01147,payee_01480,10.0,send,16,0.0,1.0,0.0,0,351.14,0.028,19230,-3.4661,A,1,0.9995,0.0156,0,1197,none,0,-0.2932,-1.137113964284563,0,3.094200885802283e-08,pass,[]
txn_005790,2025-01-29T13:59:36,payer_00828,payee_04610,356.93,send,13,0.0,0.0,0.0,6,307.48,1.161,35577,0.1487,A,1,0.9031,0.6543,1,750,none,0,0.0297,1.8146572581515847,0,2.0155306427238515e-06,pass,[]
txn_000410,2025-01-03T07:10:41,payer_01696,payee_03381,592.32,collect,7,1.0,1.0,0.0,0,272.42,2.174,23194,0.7747,A,0,0.1688,0.9809,1,27829,timeout,0,0.9549,1.0788415733413477,0,0.7710680606148306,pass,"[{'id': 'collect_first_time', 'label': 'Collect request from a first-time payee', 'detail': ""This transaction is a UPI collect request (the payee is asking you to pay them, not the other way round) AND you've never paid this account before. Refund scammers use this exact pattern.""}, {'id': 'odd_hour', 'label': 'Transaction at an unusual hour', 'detail': 'This transaction is happening between 21:00 and 08:00 local time — scammers often call late at night when the victim is tired or distracted.'}]"
txn_001732,2025-01-09T08:37:17,payer_00627,payee_03949,374.79,collect,8,0.0,1.0,0.0,0,905.64,0.414,20804,-0.8807,A,1,0.9471,0.4977,0,428,none,0,0.2239,-0.5637065415237718,0,0.14211760456911324,pass,"[{'id': 'collect_first_time', 'label': 'Collect request from a first-time payee', 'detail': ""This transaction is a UPI collect request (the payee is asking you to pay them, not the other way round) AND you've never paid this account before. Refund scammers use this exact pattern.""}]"
txn_009807,2025-02-19T09:10:30,payer_00270,payee_00749,10.0,collect,9,0.0,1.0,0.0,0,658.26,0.015,13158,-4.0932,A,1,0.9998,0.0058,0,981,none,0,-0.4186,-1.8231055305148756,1,0.052891998870427843,pass,"[{'id': 'collect_first_time', 'label': 'Collect request from a first-time payee', 'detail': ""This transaction is a UPI collect request (the payee is asking you to pay them, not the other way round) AND you've never paid this account before. Refund scammers use this exact pattern.""}, {'id': 'fast_approval', 'label': 'Approval given suspiciously fast', 'detail': 'The user approved this in under 2 seconds — too fast to read the amount, the payee name, or the direction of the request.'}]"
txn_008260,2025-02-11T23:16:05,payer_01894,payee_02595,118.53,send,23,1.0,0.0,0.0,11,249.25,0.476,14882,-0.7389,A,1,0.9113,0.6266,1,479,none,0,0.2522,-0.6476644834123633,0,6.183564353968561e-06,pass,"[{'id': 'odd_hour', 'label': 'Transaction at an unusual hour', 'detail': 'This transaction is happening between 21:00 and 08:00 local time — scammers often call late at night when the victim is tired or distracted.'}]"
txn_010341,2025-02-21T17:02:57,payer_01586,payee_03561,463.27,send,17,0.0,0.0,0.0,8,590.93,0.784,43432,-0.2429,A,1,0.9497,0.5028,1,1489,none,0,-0.0486,1.093250931985987,0,2.477524494128644e-06,pass,[]
txn_010844,2025-02-24T09:10:09,payer_01601,payee_01819,1145.24,qr,9,0.0,1.0,0.0,0,883.96,1.296,33049,0.2587,B,1,0.6973,0.8598,1,1845,none,0,0.4517,0.9610700904710032,0,4.488561001234892e-06,pass,[]
txn_006025,2025-01-31T17:32:09,payer_00739,payee_00761,1333.48,send,17,0.0,1.0,0.0,0,749.6,1.779,3885,0.5754,A,1,0.5657,0.9106,1,475,none,0,0.5151,-0.9496050529644672,0,5.403993286750885e-06,pass,[]
txn_000263,2025-01-02T15:45:05,payer_01507,payee_03152,316.29,collect,15,0.0,1.0,0.0,0,259.85,1.217,3265,0.1959,B,1,0.7206,0.8473,1,633,none,1,0.4392,-0.8211156508629651,0,0.12615795963009527,pass,"[{'id': 'collect_first_time', 'label': 'Collect request from a first-time payee', 'detail': ""This transaction is a UPI collect request (the payee is asking you to pay them, not the other way round) AND you've never paid this account before. Refund scammers use this exact pattern.""}]"
txn_005098,2025-01-26T12:06:09,payer_01223,payee_04065,76.51,send,12,0.0,0.0,0.0,10,225.35,0.34,34243,-1.0717,A,1,0.9882,0.2117,0,380,none,0,-0.2143,0.2740531095876544,0,3.474357286685543e-07,pass,[]
txn_000439,2025-01-03T22:32:35,payer_01876,payee_00018,5271.74,qr,22,1.0,1.0,0.0,0,964.54,5.466,25366,1.6976,B,1,0.0371,0.9956,0,368,none,0,1.0,-0.0723649841067239,0,0.0012573321508420863,pass,"[{'id': 'amount_spike', 'label': 'Amount is unusually high for this payer', 'detail': ""This transaction is more than 3x this payer's typical amount. Common in refund scams where the scammer asks for a 'verification' transfer.""}, {'id': 'odd_hour', 'label': 'Transaction at an unusual hour', 'detail': 'This transaction is happening between 21:00 and 08:00 local time — scammers often call late at night when the victim is tired or distracted.'}]"
txn_011704,2025-02-28T15:00:35,payer_00070,payee_02809,2810.24,send,15,0.0,1.0,0.0,0,2204.18,1.275,7431,0.2428,B,0,0.7033,0.8567,1,8554,timeout,0,0.4486,-0.7481259603719457,0,1.1575129207246778e-05,pass,[]
txn_011727,2025-02-28T06:07:44,payer_01771,payee_02520,396.18,send,6,1.0,0.0,0.0,7,435.47,0.91,20682,-0.0943,A,1,0.7631,0.8248,1,812,none,0,0.3811,0.778942849568358,0,2.483111155918704e-05,pass,"[{'id': 'odd_hour', 'label': 'Transaction at an unusual hour', 'detail': 'This transaction is happening between 21:00 and 08:00 local time — scammers often call late at night when the victim is tired or distracted.'}]"
txn_004541,2025-01-23T09:47:05,payer_01329,payee_03730,400.11,send,9,0.0,1.0,0.0,0,379.35,1.055,22118,0.0531,A,1,0.7693,0.8153,1,628,none,0,0.4106,-0.4862797303863409,0,1.460984317194827e-06,pass,[]
txn_005787,2025-01-29T09:44:05,payer_01465,payee_00190,454.55,qr,9,0.0,0.0,0.0,3,389.45,1.167,19497,0.1542,A,1,0.9022,0.6563,0,1305,none,0,0.0308,-0.1608184140614754,0,2.8009607794408155e-06,pass,[]
txn_001107,2025-01-06T11:58:20,payer_01556,payee_04549,587.48,collect,11,0.0,1.0,0.0,0,815.97,0.72,39065,-0.3281,A,0,0.8688,0.7058,0,13422,timeout,0,0.3344,0.9941870654820744,0,0.2128361002733333,pass,"[{'id': 'collect_first_time', 'label': 'Collect request from a first-time payee', 'detail': ""This transaction is a UPI collect request (the payee is asking you to pay them, not the other way round) AND you've never paid this account before. Refund scammers use this exact pattern.""}]"
txn_011403,2025-02-27T14:33:00,payer_01943,payee_04639,243.79,send,14,0.0,0.0,0.0,11,940.43,0.259,30224,-1.347,A,1,0.9928,0.1474,0,2262,none,0,-0.2694,0.4051366521885889,0,1.1385656974573738e-06,pass,[]
txn_005888,2025-01-30T16:24:28,payer_01113,payee_00265,719.6,collect,16,0.0,1.0,0.0,0,963.02,0.747,23042,-0.291,B,1,0.861,0.718,0,959,none,0,0.3418,-0.2215373414433327,0,0.2511653304805683,pass,"[{'id': 'collect_first_time', 'label': 'Collect request from a first-time payee', 'detail': ""This transaction is a UPI collect request (the payee is asking you to pay them, not the other way round) AND you've never paid this account before. Refund scammers use this exact pattern.""}]"
txn_006784,2025-02-03T20:12:02,payer_01042,payee_04295,586.26,send,20,0.0,1.0,0.0,0,440.2,1.332,2656,0.286,B,1,0.6868,0.865,1,1858,none,0,0.4572,-1.1585294866930915,0,2.217518970486153e-06,pass,[]
txn_000088,2025-01-01T22:02:24,payer_00745,payee_03887,4170.52,collect,22,1.0,1.0,0.0,0,406.04,10.271,866,2.3271,A,0,0.0123,0.9984,1,21057,timeout,1,1.0,-1.4118778297811587,1,0.9995602320685147,hard_block,"[{'id': 'collect_first_time', 'label': 'Collect request from a first-time payee', 'detail': ""This transaction is a UPI collect request (the payee is asking you to pay them, not the other way round) AND you've never paid this account before. Refund scammers use this exact pattern.""}, {'id': 'amount_spike', 'label': 'Amount is unusually high for this payer', 'detail': ""This transaction is more than 3x this payer's typical amount. Common in refund scams where the scammer asks for a 'verification' transfer.""}, {'id': 'fast_approval', 'label': 'Approval given suspiciously fast', 'detail': 'The user approved this in under 2 seconds — too fast to read the amount, the payee name, or the direction of the request.'}, {'id': 'odd_hour', 'label': 'Transaction at an unusual hour', 'detail': 'This transaction is happening between 21:00 and 08:00 local time — scammers often call late at night when the victim is tired or distracted.'}, {'id': 'high_amount_first_time', 'label': 'High amount + first-time payee combination', 'detail': 'First-time payee + unusually high amount + (collect or QR direction) is the strongest single signal in our historical scam data.'}]"
txn_002973,2025-01-15T07:10:35,payer_01309,payee_03752,10.0,send,7,1.0,1.0,0.0,0,501.31,0.02,12882,-3.8213,A,1,0.9987,0.0319,0,2276,none,0,0.0357,-0.4698373155774505,0,3.544146335662954e-07,pass,"[{'id': 'odd_hour', 'label': 'Transaction at an unusual hour', 'detail': 'This transaction is happening between 21:00 and 08:00 local time — scammers often call late at night when the victim is tired or distracted.'}]"
txn_005129,2025-01-26T11:28:59,payer_00883,payee_02247,134.85,send,11,0.0,1.0,0.0,0,842.31,0.16,12056,-1.8258,B,0,0.9899,0.1793,1,21693,timeout,0,0.0348,-0.9999999994010182,0,4.441813621546715e-07,pass,[]
txn_007960,2025-02-09T18:09:40,payer_00391,payee_03264,1016.79,send,18,0.0,1.0,0.0,0,1249.18,0.814,16409,-0.2056,A,1,0.8416,0.7448,1,1864,none,0,0.3589,-0.0555618993801866,0,3.861579202827616e-06,pass,[]
txn_002124,2025-01-11T00:18:18,payer_01015,payee_02469,761.68,collect,0,1.0,0.0,0.0,1,1059.9,0.719,1185,-0.33,B,1,0.8312,0.7635,1,2396,none,1,0.334,-1.7348913208839312,1,0.9903473087836431,hard_block,"[{'id': 'fast_approval', 'label': 'Approval given suspiciously fast', 'detail': 'The user approved this in under 2 seconds — too fast to read the amount, the payee name, or the direction of the request.'}, {'id': 'odd_hour', 'label': 'Transaction at an unusual hour', 'detail': 'This transaction is happening between 21:00 and 08:00 local time — scammers often call late at night when the victim is tired or distracted.'}]"
txn_003574,2025-01-18T06:30:37,payer_01588,payee_01292,1145.52,send,6,1.0,0.0,0.0,12,1460.64,0.784,34673,-0.2428,B,1,0.808,0.7878,1,1735,none,0,0.3514,0.9024757856376754,0,6.690162751281901e-05,pass,"[{'id': 'odd_hour', 'label': 'Transaction at an unusual hour', 'detail': 'This transaction is happening between 21:00 and 08:00 local time — scammers often call late at night when the victim is tired or distracted.'}]"
txn_007877,2025-02-09T15:15:05,payer_00503,payee_00486,949.08,send,15,0.0,0.0,0.0,5,517.54,1.834,11431,0.6055,B,1,0.8038,0.7972,1,1865,none,0,0.1211,-0.997554204982346,0,6.002227327147424e-06,pass,[]
txn_000274,2025-01-02T07:40:15,payer_01650,payee_04580,398.27,collect,7,1.0,1.0,0.0,0,370.36,1.075,13161,0.0725,B,1,0.4181,0.9435,1,2436,none,0,0.8145,-1.0734085066683663,0,0.6767876352340869,pass,"[{'id': 'collect_first_time', 'label': 'Collect request from a first-time payee', 'detail': ""This transaction is a UPI collect request (the payee is asking you to pay them, not the other way round) AND you've never paid this account before. Refund scammers use this exact pattern.""}, {'id': 'odd_hour', 'label': 'Transaction at an unusual hour', 'detail': 'This transaction is happening between 21:00 and 08:00 local time — scammers often call late at night when the victim is tired or distracted.'}]"
txn_001281,2025-01-07T13:00:19,payer_00202,payee_04979,198.96,send,13,0.0,1.0,0.0,0,209.93,0.948,21177,-0.0534,A,1,0.8016,0.7883,1,1444,none,0,0.3893,0.4613458137315797,0,6.960724788086811e-07,pass,[]
txn_003752,2025-01-19T16:01:13,payer_01238,payee_00449,3141.24,send,16,0.0,0.0,0.0,8,2191.5,1.433,21720,0.3599,A,1,0.8644,0.7263,1,953,none,0,0.072,-0.1852607669692872,0,1.933984169157714e-05,pass,[]
txn_002075,2025-01-11T12:22:44,payer_01506,payee_01663,222.13,send,12,0.0,1.0,0.0,0,387.83,0.573,28886,-0.5554,A,1,0.9089,0.6251,1,738,none,0,0.2889,1.759011705229105,0,7.666687250939026e-07,pass,[]
txn_011738,2025-02-28T22:51:26,payer_01274,payee_04222,548.54,send,22,1.0,1.0,0.0,0,484.29,1.133,24537,0.1243,B,1,0.3956,0.9478,1,1173,none,0,0.8249,1.444775028548041,0,2.3446214514489053e-05,pass,"[{'id': 'odd_hour', 'label': 'Transaction at an unusual hour', 'detail': 'This transaction is happening between 21:00 and 08:00 local time — scammers often call late at night when the victim is tired or distracted.'}]"
txn_007824,2025-02-09T10:48:04,payer_00914,payee_04092,730.07,qr,10,0.0,1.0,0.0,0,488.63,1.494,14134,0.4009,A,0,0.6407,0.8851,1,25228,declined,0,0.4802,-0.4354252287777472,0,2.818734251030119e-06,pass,[]
txn_010924,2025-02-24T14:26:58,payer_00708,payee_03253,276.17,send,14,0.0,1.0,0.0,0,773.5,0.357,19758,-1.0276,A,1,0.9589,0.4393,0,452,none,0,0.1945,0.0251843795133647,0,9.535658197553887e-07,pass,[]
txn_006435,2025-02-02T12:26:45,payer_01597,payee_04681,125.58,qr,12,0.0,0.0,0.0,1,157.5,0.797,31267,-0.2249,B,1,0.9481,0.51,0,1267,none,0,-0.045,0.6916947793764856,0,7.455055442255933e-07,pass,[]
txn_003315,2025-01-17T19:33:26,payer_01851,payee_02805,1395.63,send,19,0.0,1.0,0.0,0,1364.77,1.023,11481,0.0223,B,0,0.779,0.8078,1,9210,timeout,0,0.4045,-0.3706666303233308,0,5.4539853218330216e-06,pass,[]
txn_006109,2025-01-31T19:58:14,payer_00157,payee_04681,1673.45,send,19,0.0,0.0,0.0,9,1220.46,1.371,6673,0.3154,A,1,0.8735,0.7119,0,2395,none,0,0.0631,-1.064218833610198,0,9.669257578979181e-06,pass,[]
txn_008374,2025-02-11T16:25:12,payer_00433,payee_02961,1606.67,send,16,0.0,0.0,0.0,10,1011.92,1.588,24616,0.4619,A,1,0.8414,0.7575,0,2024,none,0,0.0924,-1.6103154031170237,1,0.0001314352072040362,pass,"[{'id': 'fast_approval', 'label': 'Approval given suspiciously fast', 'detail': 'The user approved this in under 2 seconds — too fast to read the amount, the payee name, or the direction of the request.'}]"
txn_006193,2025-01-31T22:48:38,payer_00551,payee_02399,206.07,send,22,1.0,0.0,0.0,5,325.58,0.633,20585,-0.4556,B,0,0.8606,0.7253,1,29691,declined,0,0.3089,-0.2076139323363062,0,1.2916491060209209e-05,pass,"[{'id': 'odd_hour', 'label': 'Transaction at an unusual hour', 'detail': 'This transaction is happening between 21:00 and 08:00 local time — scammers often call late at night when the victim is tired or distracted.'}]"
txn_010987,2025-02-24T11:49:32,payer_01752,payee_03387,10.0,send,11,0.0,1.0,0.0,0,594.19,0.017,42026,-3.991,A,1,0.9998,0.0068,0,1932,none,0,-0.3982,1.189824248360688,0,3.092449428703761e-08,pass,[]
txn_004438,2025-01-23T14:10:53,payer_00133,payee_03131,10.0,send,14,0.0,1.0,0.0,0,786.65,0.013,41916,-4.2712,A,1,0.9999,0.0043,0,1976,none,0,-0.4542,1.6818531963894388,0,3.091812781045451e-08,pass,[]
txn_000415,2025-01-03T19:45:24,payer_01681,payee_03120,676.19,qr,19,0.0,1.0,0.0,0,904.7,0.747,21184,-0.2908,B,1,0.861,0.718,1,2276,none,0,0.3418,-0.1719427213828385,0,2.501535636632844e-06,pass,[]
txn_007411,2025-02-07T18:21:36,payer_01776,payee_03407,265.51,collect,18,0.0,0.0,0.0,10,357.09,0.744,7614,-0.2954,B,0,0.954,0.4819,1,24312,network_error,0,-0.0591,-1.0158434890283772,0,0.14114818174691818,pass,[]
txn_002216,2025-01-12T17:12:11,payer_01449,payee_02769,1707.15,qr,17,0.0,0.0,0.0,3,1089.2,1.567,43427,0.4491,B,1,0.8444,0.7537,1,2279,none,0,0.0898,1.1676087173909475,0,1.1562224516587547e-05,pass,[]
txn_011428,2025-02-27T13:25:32,payer_01443,payee_02098,1798.91,send,13,0.0,0.0,0.0,6,1253.5,1.435,20963,0.361,A,1,0.8642,0.7266,1,686,none,0,0.0722,0.9778426540983168,0,1.127339592315368e-05,pass,[]
txn_010847,2025-02-24T17:34:18,payer_01590,payee_04510,364.36,send,17,0.0,0.0,0.0,2,265.76,1.371,17983,0.3145,A,1,0.8737,0.7116,1,2123,none,0,0.0629,-0.3171142625845705,0,2.297538171929096e-06,pass,[]
txn_002127,2025-01-11T21:34:21,payer_00915,payee_00379,1181.94,qr,21,1.0,1.0,0.0,0,636.43,1.857,27648,0.6183,B,1,0.212,0.9756,0,2227,none,0,0.9237,1.4030195618971617,0,5.473155239122724e-05,pass,"[{'id': 'odd_hour', 'label': 'Transaction at an unusual hour', 'detail': 'This transaction is happening between 21:00 and 08:00 local time — scammers often call late at night when the victim is tired or distracted.'}]"
txn_006347,2025-02-01T13:46:28,payer_00944,payee_01466,10976.63,collect,13,0.0,1.0,0.0,0,1611.82,6.81,1767,1.9179,A,0,0.1041,0.9887,1,26897,timeout,1,0.6,-1.5904265935894697,1,0.9978385042645685,hard_block,"[{'id': 'collect_first_time', 'label': 'Collect request from a first-time payee', 'detail': ""This transaction is a UPI collect request (the payee is asking you to pay them, not the other way round) AND you've never paid this account before. Refund scammers use this exact pattern.""}, {'id': 'amount_spike', 'label': 'Amount is unusually high for this payer', 'detail': ""This transaction is more than 3x this payer's typical amount. Common in refund scams where the scammer asks for a 'verification' transfer.""}, {'id': 'fast_approval', 'label': 'Approval given suspiciously fast', 'detail': 'The user approved this in under 2 seconds — too fast to read the amount, the payee name, or the direction of the request.'}, {'id': 'high_amount_first_time', 'label': 'High amount + first-time payee combination', 'detail': 'First-time payee + unusually high amount + (collect or QR direction) is the strongest single signal in our historical scam data.'}]"
txn_004315,2025-01-22T19:30:31,payer_01042,payee_02794,466.77,send,19,0.0,0.0,0.0,9,440.2,1.06,26828,0.0585,A,0,0.9164,0.6209,1,9773,timeout,0,0.0117,1.9628829632108569,0,2.4714364665573846e-06,pass,[]
txn_011076,2025-02-25T17:13:36,payer_00069,payee_02683,178.15,qr,17,0.0,0.0,0.0,1,258.79,0.688,11672,-0.3716,A,1,0.9596,0.4515,1,1574,none,0,-0.0743,-1.4082388460062882,1,1.539480168778404e-05,pass,"[{'id': 'fast_approval', 'label': 'Approval given suspiciously fast', 'detail': 'The user approved this in under 2 seconds — too fast to read the amount, the payee name, or the direction of the request.'}]"
txn_007187,2025-02-05T22:46:50,payer_01398,payee_00069,2238.82,collect,22,1.0,1.0,0.0,0,433.03,5.17,1214,1.641,B,1,0.0409,0.9952,0,1452,none,1,1.0,-1.8318695241196936,1,0.9988972334737063,hard_block,"[{'id': 'collect_first_time', 'label': 'Collect request from a first-time payee', 'detail': ""This transaction is a UPI collect request (the payee is asking you to pay them, not the other way round) AND you've never paid this account before. Refund scammers use this exact pattern.""}, {'id': 'amount_spike', 'label': 'Amount is unusually high for this payer', 'detail': ""This transaction is more than 3x this payer's typical amount. Common in refund scams where the scammer asks for a 'verification' transfer.""}, {'id': 'fast_approval', 'label': 'Approval given suspiciously fast', 'detail': 'The user approved this in under 2 seconds — too fast to read the amount, the payee name, or the direction of the request.'}, {'id': 'odd_hour', 'label': 'Transaction at an unusual hour', 'detail': 'This transaction is happening between 21:00 and 08:00 local time — scammers often call late at night when the victim is tired or distracted.'}, {'id': 'high_amount_first_time', 'label': 'High amount + first-time payee combination', 'detail': 'First-time payee + unusually high amount + (collect or QR direction) is the strongest single signal in our historical scam data.'}]"
txn_000710,2025-01-04T20:19:16,payer_00847,payee_00956,221.85,collect,20,0.0,1.0,0.0,0,169.54,1.309,19016,0.2675,B,1,0.6939,0.8615,1,1571,none,0,0.4535,-0.2703617798659193,0,0.09078062976134015,pass,"[{'id': 'collect_first_time', 'label': 'Collect request from a first-time payee', 'detail': ""This transaction is a UPI collect request (the payee is asking you to pay them, not the other way round) AND you've never paid this account before. Refund scammers use this exact pattern.""}]"
txn_007402,2025-02-07T15:32:35,payer_01031,payee_00199,1727.58,send,15,0.0,0.0,0.0,7,2580.14,0.67,20208,-0.4009,A,1,0.9616,0.4399,0,1516,none,0,-0.0802,-0.6335934789117904,0,1.0132170445180458e-05,pass,[]
txn_003411,2025-01-18T13:42:02,payer_00975,payee_02682,880.05,send,13,0.0,0.0,0.0,8,841.98,1.045,20295,0.0442,A,1,0.9184,0.6155,0,2456,none,0,0.0088,-0.1122437672326829,0,4.942920107674005e-06,pass,[]
txn_005467,2025-01-28T19:20:31,payer_01775,payee_00192,164.11,qr,19,0.0,0.0,0.0,8,284.86,0.576,11985,-0.5489,B,0,0.9703,0.3827,1,14610,declined,0,-0.1098,-0.56002234823499,0,8.216923463729537e-07,pass,[]
txn_000407,2025-01-03T12:30:42,payer_00327,payee_02578,2843.16,collect,12,0.0,1.0,0.0,0,1697.31,1.675,3639,0.5156,B,1,0.5919,0.9025,0,1230,none,1,0.5031,-0.8768391883435427,0,0.6003130194757217,pass,"[{'id': 'collect_first_time', 'label': 'Collect request from a first-time payee', 'detail': ""This transaction is a UPI collect request (the payee is asking you to pay them, not the other way round) AND you've never paid this account before. Refund scammers use this exact pattern.""}]"
txn_003059,2025-01-16T22:16:31,payer_00585,payee_00877,874.82,qr,22,1.0,0.0,0.0,1,846.61,1.033,39449,0.0327,A,1,0.7193,0.8523,0,1069,none,0,0.4065,1.7487233101480175,0,6.681943463126563e-05,pass,"[{'id': 'odd_hour', 'label': 'Transaction at an unusual hour', 'detail': 'This transaction is happening between 21:00 and 08:00 local time — scammers often call late at night when the victim is tired or distracted.'}]"
txn_009870,2025-02-19T16:38:14,payer_00515,payee_04205,441.29,send,16,0.0,0.0,0.0,2,544.8,0.81,30047,-0.2103,A,1,0.9468,0.5159,0,2465,none,0,-0.0421,-0.7480696336561314,0,2.7318122606289553e-06,pass,[]
txn_008936,2025-02-14T12:07:49,payer_00291,payee_03754,227.2,collect,12,0.0,0.0,1.0,9,649.1,0.35,39294,-1.0469,A,1,0.9778,0.1715,0,783,none,0,-0.2094,1.374731267011075,0,0.12440692661840924,pass,"[{'id': 'high_risk_merchant', 'label': 'Payee flagged as high-risk merchant', 'detail': 'This payee account has prior complaints or is on a high-risk watchlist.'}]"
txn_006760,2025-02-03T21:05:11,payer_01314,payee_04782,665.8,send,21,1.0,0.0,0.0,3,544.61,1.223,24856,0.2006,B,1,0.6545,0.883,1,456,none,0,0.4401,0.2304252554690185,0,4.8150154595561455e-05,pass,"[{'id': 'odd_hour', 'label': 'Transaction at an unusual hour', 'detail': 'This transaction is happening between 21:00 and 08:00 local time — scammers often call late at night when the victim is tired or distracted.'}]"
txn_004597,2025-01-23T14:42:22,payer_00309,payee_03327,221.41,send,14,0.0,0.0,0.0,10,200.72,1.103,3360,0.0976,A,1,0.9109,0.6356,0,1037,none,0,0.0195,-1.7671076968403925,1,1.5840860723184614e-05,pass,"[{'id': 'fast_approval', 'label': 'Approval given suspiciously fast', 'detail': 'The user approved this in under 2 seconds — too fast to read the amount, the payee name, or the direction of the request.'}]"
txn_004412,2025-01-23T13:36:10,payer_01134,payee_01917,227.73,send,13,0.0,1.0,0.0,0,253.49,0.898,11248,-0.1067,B,0,0.8164,0.7737,1,9935,timeout,0,0.3787,-0.0251691134620406,0,8.003010807423661e-07,pass,[]
txn_003852,2025-01-20T13:43:18,payer_00015,payee_01498,10.0,send,13,0.0,0.0,0.0,9,207.97,0.048,12830,-2.9443,A,1,0.9996,0.0132,0,775,none,0,-0.5889,-0.6379051330351954,0,4.4524915203061034e-08,pass,[]
txn_008161,2025-02-10T13:42:38,payer_01611,payee_01337,3268.47,collect,13,0.0,1.0,0.0,0,797.47,4.099,3507,1.4097,B,1,0.2249,0.9748,0,1312,none,1,0.6,-0.7069846575773325,0,0.8858102566170266,hard_block,"[{'id': 'collect_first_time', 'label': 'Collect request from a first-time payee', 'detail': ""This transaction is a UPI collect request (the payee is asking you to pay them, not the other way round) AND you've never paid this account before. Refund scammers use this exact pattern.""}, {'id': 'amount_spike', 'label': 'Amount is unusually high for this payer', 'detail': ""This transaction is more than 3x this payer's typical amount. Common in refund scams where the scammer asks for a 'verification' transfer.""}, {'id': 'high_amount_first_time', 'label': 'High amount + first-time payee combination', 'detail': 'First-time payee + unusually high amount + (collect or QR direction) is the strongest single signal in our historical scam data.'}]"
txn_011768,2025-02-28T15:48:35,payer_00151,payee_04168,178.39,send,15,0.0,1.0,0.0,0,158.39,1.126,23077,0.1182,B,1,0.7479,0.8305,1,1761,none,0,0.4236,-0.6616720211561016,0,6.263169052214876e-07,pass,[]
txn_005880,2025-01-30T12:46:36,payer_00089,payee_02783,571.68,send,12,0.0,0.0,0.0,1,1136.3,0.503,12926,-0.6861,B,1,0.9767,0.3323,1,2078,none,0,-0.1372,-0.5400526141896894,0,3.6215302748086487e-06,pass,[]
txn_003207,2025-01-17T10:45:11,payer_00412,payee_01625,585.83,send,10,0.0,0.0,0.0,1,342.39,1.711,5947,0.5359,A,1,0.8228,0.7786,0,1756,none,0,0.1072,-0.9889263698504568,0,3.954598538094148e-06,pass,[]
txn_002655,2025-01-14T12:01:06,payer_00116,payee_04164,5372.3,collect,12,0.0,1.0,0.0,0,677.08,7.934,3707,2.0699,A,0,0.0812,0.9911,1,11611,timeout,1,0.6,-1.8901173275452452,1,0.995668053845319,hard_block,"[{'id': 'collect_first_time', 'label': 'Collect request from a first-time payee', 'detail': ""This transaction is a UPI collect request (the payee is asking you to pay them, not the other way round) AND you've never paid this account before. Refund scammers use this exact pattern.""}, {'id': 'amount_spike', 'label': 'Amount is unusually high for this payer', 'detail': ""This transaction is more than 3x this payer's typical amount. Common in refund scams where the scammer asks for a 'verification' transfer.""}, {'id': 'fast_approval', 'label': 'Approval given suspiciously fast', 'detail': 'The user approved this in under 2 seconds — too fast to read the amount, the payee name, or the direction of the request.'}, {'id': 'high_amount_first_time', 'label': 'High amount + first-time payee combination', 'detail': 'First-time payee + unusually high amount + (collect or QR direction) is the strongest single signal in our historical scam data.'}]"
txn_005239,2025-01-27T18:08:46,payer_00286,payee_02753,1450.41,qr,18,0.0,1.0,0.0,0,970.12,1.495,28983,0.4018,B,0,0.6403,0.8852,1,11848,timeout,0,0.4804,0.7131040410488529,0,5.820078977053245e-06,pass,[]
txn_001983,2025-01-10T18:18:31,payer_01801,payee_04944,2584.46,send,18,0.0,1.0,0.0,0,2683.58,0.963,31798,-0.0376,A,1,0.797,0.7925,1,961,none,0,0.3925,1.6811771128805202,0,1.0425897954034475e-05,pass,[]
txn_007839,2025-02-09T11:15:37,payer_00307,payee_03198,3107.6,send,11,0.0,1.0,0.0,0,2027.06,1.533,18317,0.4271,B,1,0.6298,0.8893,0,2220,none,0,0.4854,0.1426508593797033,0,1.3045339353635358e-05,pass,[]
txn_003870,2025-01-20T14:00:31,payer_01644,payee_02749,655.08,send,14,0.0,1.0,0.0,0,1384.36,0.473,37230,-0.7474,A,1,0.9337,0.5509,1,461,none,0,0.2505,0.9225052871852808,0,2.38529320130733e-06,pass,[]
txn_008273,2025-02-11T18:39:15,payer_01185,payee_00323,2591.21,send,18,0.0,0.0,0.0,4,1729.14,1.499,23607,0.4043,A,1,0.8547,0.7402,1,708,none,0,0.0809,0.2687212316572923,0,1.7471479014095356e-05,pass,[]
txn_007401,2025-02-07T11:32:53,payer_01400,payee_02917,780.37,qr,11,0.0,0.0,0.0,4,1030.83,0.757,6334,-0.278,A,1,0.9526,0.4888,0,732,none,0,-0.0556,-1.0176553934914438,0,4.733338757441894e-06,pass,[]
txn_001523,2025-01-08T19:08:45,payer_00570,payee_04233,576.06,send,19,0.0,0.0,0.0,7,508.7,1.132,23824,0.1241,A,1,0.9069,0.6453,0,827,none,0,0.0248,-0.5767725792979458,0,3.2533604843936665e-06,pass,[]
txn_011554,2025-02-27T12:25:40,payer_01694,payee_03841,4398.06,send,12,0.0,1.0,0.0,0,1974.59,2.227,31274,0.8005,B,1,0.4648,0.9359,1,1091,none,0,0.5601,0.5342796604500706,0,1.9515530124092605e-05,pass,[]
txn_009080,2025-02-15T22:06:18,payer_00752,payee_02882,749.3,qr,22,1.0,0.0,0.0,12,539.73,1.388,14615,0.3276,B,1,0.6012,0.9024,1,766,none,0,0.4655,-0.6671002246341527,0,4.408360820614562e-05,pass,"[{'id': 'odd_hour', 'label': 'Transaction at an unusual hour', 'detail': 'This transaction is happening between 21:00 and 08:00 local time — scammers often call late at night when the victim is tired or distracted.'}]"
txn_005676,2025-01-29T17:31:26,payer_01071,payee_01918,10.0,send,17,0.0,1.0,0.0,0,474.38,0.021,35399,-3.7662,A,1,0.9997,0.0097,0,972,none,0,-0.3532,0.8050596727738807,0,3.093086207456759e-08,pass,[]
txn_001110,2025-01-06T16:56:44,payer_01913,payee_02895,164.91,send,16,0.0,0.0,0.0,5,634.03,0.26,23474,-1.3423,A,1,0.9927,0.1483,0,2206,none,0,-0.2685,0.0115018731864639,0,8.748305434745271e-07,pass,[]
txn_010070,2025-02-20T11:07:46,payer_01297,payee_03314,107.08,send,11,0.0,1.0,0.0,0,318.26,0.336,17551,-1.0832,A,1,0.9627,0.4175,1,397,none,0,0.1834,-0.5134632362694245,0,3.519687867460817e-07,pass,[]
txn_001406,2025-01-08T13:49:12,payer_00324,payee_00951,1326.22,send,13,0.0,1.0,0.0,0,1071.6,1.238,5103,0.213,A,1,0.7143,0.8508,1,1467,none,0,0.4426,-1.123470921144457,0,5.225363602322561e-06,pass,[]
txn_008235,2025-02-11T10:28:56,payer_00143,payee_01018,282.96,collect,10,0.0,1.0,0.0,0,271.08,1.044,27420,0.0427,B,1,0.7726,0.8128,0,1845,none,0,0.4085,0.6669311896569404,0,0.11288592893700643,pass,"[{'id': 'collect_first_time', 'label': 'Collect request from a first-time payee', 'detail': ""This transaction is a UPI collect request (the payee is asking you to pay them, not the other way round) AND you've never paid this account before. Refund scammers use this exact pattern.""}]"
txn_003038,2025-01-16T01:25:37,payer_00188,payee_02306,6587.95,collect,1,1.0,1.0,1.0,0,540.96,12.178,3768,2.498,B,1,0.005,0.9983,0,2333,none,1,1.0,-1.279859525761905,1,0.9997575320016755,hard_block,"[{'id': 'collect_first_time', 'label': 'Collect request from a first-time payee', 'detail': ""This transaction is a UPI collect request (the payee is asking you to pay them, not the other way round) AND you've never paid this account before. Refund scammers use this exact pattern.""}, {'id': 'amount_spike', 'label': 'Amount is unusually high for this payer', 'detail': ""This transaction is more than 3x this payer's typical amount. Common in refund scams where the scammer asks for a 'verification' transfer.""}, {'id': 'fast_approval', 'label': 'Approval given suspiciously fast', 'detail': 'The user approved this in under 2 seconds — too fast to read the amount, the payee name, or the direction of the request.'}, {'id': 'odd_hour', 'label': 'Transaction at an unusual hour', 'detail': 'This transaction is happening between 21:00 and 08:00 local time — scammers often call late at night when the victim is tired or distracted.'}, {'id': 'high_amount_first_time', 'label': 'High amount + first-time payee combination', 'detail': 'First-time payee + unusually high amount + (collect or QR direction) is the strongest single signal in our historical scam data.'}, {'id': 'high_risk_merchant', 'label': 'Payee flagged as high-risk merchant', 'detail': 'This payee account has prior complaints or is on a high-risk watchlist.'}]"
txn_009407,2025-02-17T07:08:11,payer_00400,payee_04701,1641.71,send,7,1.0,0.0,1.0,4,633.97,2.59,10664,0.9505,A,0,0.2123,0.9489,1,29695,timeout,0,0.5901,-1.09617050433335,0,0.00013259730772349684,pass,"[{'id': 'odd_hour', 'label': 'Transaction at an unusual hour', 'detail': 'This transaction is happening between 21:00 and 08:00 local time — scammers often call late at night when the victim is tired or distracted.'}, {'id': 'high_risk_merchant', 'label': 'Payee flagged as high-risk merchant', 'detail': 'This payee account has prior complaints or is on a high-risk watchlist.'}]"
txn_011888,2025-03-01T05:43:00,payer_01030,payee_00070,2117.07,send,5,1.0,0.0,0.0,6,2708.54,0.782,31667,-0.2463,B,1,0.809,0.7868,0,875,none,0,0.3507,0.0637124688579211,0,0.00014834387276906473,pass,"[{'id': 'odd_hour', 'label': 'Transaction at an unusual hour', 'detail': 'This transaction is happening between 21:00 and 08:00 local time — scammers often call late at night when the victim is tired or distracted.'}]"
txn_003912,2025-01-20T13:03:52,payer_00481,payee_03348,2017.51,send,13,0.0,0.0,0.0,10,1371.0,1.472,28800,0.3861,B,1,0.8588,0.7345,1,1357,none,0,0.0772,1.6566615972640484,0,1.1554760278960207e-05,pass,[]
txn_008268,2025-02-11T20:30:19,payer_01441,payee_02080,248.69,send,20,0.0,0.0,0.0,9,194.84,1.276,7618,0.2429,A,1,0.8872,0.6875,1,595,none,0,0.0486,-0.9999999992864786,0,1.286960106325491e-06,pass,[]
txn_004560,2025-01-23T07:55:57,payer_00984,payee_04468,1956.74,send,7,1.0,1.0,0.0,0,1068.64,1.831,33436,0.6045,B,1,0.2162,0.9751,1,442,none,0,0.9209,0.9999999999151212,0,9.309733755814727e-05,pass,"[{'id': 'odd_hour', 'label': 'Transaction at an unusual hour', 'detail': 'This transaction is happening between 21:00 and 08:00 local time — scammers often call late at night when the victim is tired or distracted.'}]"
txn_006086,2025-01-31T09:43:46,payer_00241,payee_02839,181.56,send,9,0.0,1.0,0.0,0,145.49,1.248,43574,0.2201,A,1,0.7117,0.8522,0,1258,none,0,0.444,1.1837740006062785,0,6.420422061045156e-07,pass,[]
txn_010653,2025-02-23T10:06:10,payer_01225,payee_03604,517.06,collect,10,0.0,1.0,0.0,0,579.15,0.893,43652,-0.1132,B,1,0.8181,0.7719,1,829,none,0,0.3774,1.6829282888203043,0,0.1925157435452177,pass,"[{'id': 'collect_first_time', 'label': 'Collect request from a first-time payee', 'detail': ""This transaction is a UPI collect request (the payee is asking you to pay them, not the other way round) AND you've never paid this account before. Refund scammers use this exact pattern.""}]"
txn_010838,2025-02-24T14:52:14,payer_00092,payee_03763,902.64,send,14,0.0,0.0,1.0,8,658.66,1.37,29199,0.3147,A,1,0.7914,0.6465,1,1341,none,0,0.0629,0.9054306757197716,0,5.236346046657167e-06,pass,"[{'id': 'high_risk_merchant', 'label': 'Payee flagged as high-risk merchant', 'detail': 'This payee account has prior complaints or is on a high-risk watchlist.'}]"
txn_011579,2025-02-27T20:59:30,payer_01163,payee_04592,360.28,collect,20,0.0,0.0,0.0,4,385.59,0.934,41580,-0.0677,A,1,0.9323,0.5724,1,2272,none,0,-0.0135,1.548083834461632,0,0.20969979408700218,pass,[]
txn_011049,2025-02-25T13:02:00,payer_01949,payee_01878,5629.2,qr,13,0.0,1.0,0.0,0,1824.86,3.085,5195,1.1261,B,1,0.3259,0.9609,0,2421,none,0,0.6,-1.4361331251387033,1,0.0014961878642549226,pass,"[{'id': 'amount_spike', 'label': 'Amount is unusually high for this payer', 'detail': ""This transaction is more than 3x this payer's typical amount. Common in refund scams where the scammer asks for a 'verification' transfer.""}, {'id': 'fast_approval', 'label': 'Approval given suspiciously fast', 'detail': 'The user approved this in under 2 seconds — too fast to read the amount, the payee name, or the direction of the request.'}]"
txn_004898,2025-01-25T15:05:37,payer_00451,payee_03596,247.43,qr,15,0.0,0.0,0.0,11,301.71,0.82,20615,-0.1976,A,1,0.9456,0.5209,1,1417,none,0,-0.0395,-0.5247636637727915,0,1.19035285237334e-06,pass,[]
txn_011744,2025-02-28T14:02:20,payer_00177,payee_04693,1263.7,send,14,0.0,0.0,0.0,11,1041.71,1.213,40986,0.193,A,1,0.8959,0.6701,1,1306,none,0,0.0386,1.2854641314685202,0,6.7863823156748534e-06,pass,[]
txn_000633,2025-01-04T08:56:46,payer_00373,payee_02152,2486.78,send,8,0.0,0.0,0.0,7,2760.65,0.901,2703,-0.1044,A,1,0.9363,0.558,1,1516,none,0,-0.0209,-0.9494294897833536,0,1.5066911012048478e-05,pass,[]
txn_011135,2025-02-25T17:26:10,payer_01292,payee_02720,10.0,send,17,0.0,0.0,0.0,11,191.3,0.052,7924,-2.8612,A,1,0.9995,0.0151,0,2220,none,0,-0.5722,-1.029145949982163,0,4.2395470837176946e-08,pass,[]
txn_008933,2025-02-14T01:30:57,payer_01884,payee_01172,5364.66,send,1,1.0,1.0,0.0,0,1848.88,2.902,18557,1.0649,B,1,0.1075,0.9879,1,1048,none,0,1.0,0.5478176928924371,0,0.000285555062482861,pass,"[{'id': 'odd_hour', 'label': 'Transaction at an unusual hour', 'detail': 'This transaction is happening between 21:00 and 08:00 local time — scammers often call late at night when the victim is tired or distracted.'}]"
txn_004122,2025-01-21T06:38:19,payer_01606,payee_00001,9090.21,send,6,1.0,0.0,0.0,12,6929.2,1.312,29189,0.2714,A,1,0.6251,0.8942,1,534,none,0,0.4543,0.4609804777397724,0,0.0006132515553298741,pass,"[{'id': 'odd_hour', 'label': 'Transaction at an unusual hour', 'detail': 'This transaction is happening between 21:00 and 08:00 local time — scammers often call late at night when the victim is tired or distracted.'}]"
txn_004807,2025-01-25T07:28:58,payer_01046,payee_04200,552.95,send,7,1.0,1.0,0.0,0,625.26,0.884,24865,-0.1227,A,0,0.5052,0.9244,1,26140,timeout,0,0.7755,0.4013611548969155,0,2.3344047440045126e-05,pass,"[{'id': 'odd_hour', 'label': 'Transaction at an unusual hour', 'detail': 'This transaction is happening between 21:00 and 08:00 local time — scammers often call late at night when the victim is tired or distracted.'}]"
txn_006211,2025-02-01T07:28:46,payer_00783,payee_00319,474.28,send,7,1.0,1.0,0.0,0,470.29,1.009,38397,0.0084,B,1,0.4464,0.9378,0,601,none,0,0.8017,1.0504430928711854,0,1.9982457384499937e-05,pass,"[{'id': 'odd_hour', 'label': 'Transaction at an unusual hour', 'detail': 'This transaction is happening between 21:00 and 08:00 local time — scammers often call late at night when the victim is tired or distracted.'}]"
txn_007928,2025-02-09T13:45:45,payer_00097,payee_01858,1287.61,send,13,0.0,1.0,1.0,0,1333.06,0.966,36404,-0.0347,B,1,0.6819,0.7397,1,2059,none,0,0.3931,0.7944984252136816,0,5.065686067257762e-06,pass,"[{'id': 'high_risk_merchant', 'label': 'Payee flagged as high-risk merchant', 'detail': 'This payee account has prior complaints or is on a high-risk watchlist.'}]"
txn_000131,2025-01-01T12:57:13,payer_00893,payee_04286,1473.81,collect,12,0.0,1.0,0.0,0,1156.42,1.274,38300,0.2423,A,1,0.7035,0.8566,1,1374,none,0,0.4485,1.0080247014782888,0,0.4235674065423561,pass,"[{'id': 'collect_first_time', 'label': 'Collect request from a first-time payee', 'detail': ""This transaction is a UPI collect request (the payee is asking you to pay them, not the other way round) AND you've never paid this account before. Refund scammers use this exact pattern.""}]"
txn_010695,2025-02-23T16:39:56,payer_00213,payee_02014,307.53,send,16,0.0,1.0,0.0,0,523.29,0.588,36724,-0.5302,B,0,0.905,0.6345,1,14903,declined,0,0.294,0.4810855839028642,0,1.0807526972747562e-06,pass,[]
txn_000455,2025-01-03T17:46:56,payer_00522,payee_02483,199.23,send,17,0.0,1.0,0.0,0,365.8,0.545,39211,-0.6053,A,0,0.916,0.6062,1,24201,network_error,0,0.2789,1.1378007273212345,0,6.827553401875955e-07,pass,[]
txn_007525,2025-02-07T11:22:21,payer_00496,payee_01715,465.23,send,11,0.0,0.0,0.0,12,1653.82,0.281,7321,-1.2668,A,1,0.9917,0.1643,1,833,none,0,-0.2534,-1.080561467127949,0,2.197666552276123e-06,pass,[]
txn_009441,2025-02-17T14:30:21,payer_01851,payee_02805,1831.0,send,14,0.0,0.0,0.0,3,1364.77,1.342,2700,0.2937,A,1,0.8778,0.7047,1,334,none,0,0.0587,-1.3149696594718654,1,0.00017699838048028905,pass,"[{'id': 'fast_approval', 'label': 'Approval given suspiciously fast', 'detail': 'The user approved this in under 2 seconds — too fast to read the amount, the payee name, or the direction of the request.'}]"
txn_009388,2025-02-16T05:42:34,payer_00877,payee_01022,3159.67,qr,5,1.0,1.0,0.0,0,2022.28,1.562,2654,0.4461,B,1,0.2684,0.9681,0,1916,none,0,0.8892,-1.9794730732009596,1,0.0021868544746871366,pass,"[{'id': 'fast_approval', 'label': 'Approval given suspiciously fast', 'detail': 'The user approved this in under 2 seconds — too fast to read the amount, the payee name, or the direction of the request.'}, {'id': 'odd_hour', 'label': 'Transaction at an unusual hour', 'detail': 'This transaction is happening between 21:00 and 08:00 local time — scammers often call late at night when the victim is tired or distracted.'}]"
txn_010877,2025-02-24T16:32:55,payer_01110,payee_01210,1259.88,send,16,0.0,0.0,0.0,12,1520.04,0.829,18217,-0.1876,A,1,0.9447,0.5249,1,1780,none,0,-0.0375,-0.4902607335017798,0,6.471112344653174e-06,pass,[]
txn_000774,2025-01-04T18:24:38,payer_00555,payee_03356,991.26,collect,18,0.0,0.0,0.0,2,1088.29,0.911,30212,-0.0933,B,0,0.9351,0.5624,1,8819,declined,0,-0.0187,0.6272335073152714,0,0.4475365429728218,pass,[]
txn_005035,2025-01-26T20:15:40,payer_00862,payee_01212,1039.87,send,20,0.0,1.0,0.0,0,495.76,2.098,16837,0.7397,B,1,0.4921,0.9298,1,1224,none,0,0.5479,0.0077317828744962,0,4.224379376295041e-06,pass,[]
txn_000311,2025-01-02T14:59:10,payer_01820,payee_03712,273.06,qr,14,0.0,1.0,1.0,0,216.55,1.261,43724,0.2309,B,1,0.5706,0.813,0,1570,none,0,0.4462,1.653029217052041,0,1.0012322720519663e-06,pass,"[{'id': 'high_risk_merchant', 'label': 'Payee flagged as high-risk merchant', 'detail': 'This payee account has prior complaints or is on a high-risk watchlist.'}]"
txn_005165,2025-01-26T12:04:08,payer_00043,payee_02452,328.68,send,12,0.0,1.0,0.0,0,364.21,0.902,33312,-0.1024,A,1,0.8152,0.7749,1,2207,none,0,0.3795,0.086541388295793,0,1.1781120596207574e-06,pass,[]
txn_003595,2025-01-18T14:01:41,payer_01675,payee_00052,648.86,send,14,0.0,1.0,0.0,0,874.07,0.742,21943,-0.2975,A,1,0.8624,0.7158,0,2461,none,0,0.3405,-0.3209898538236954,0,2.3943172416759233e-06,pass,[]
txn_003838,2025-01-20T19:50:49,payer_00410,payee_02222,1880.51,send,19,0.0,1.0,0.0,0,1472.67,1.277,36658,0.2443,A,1,0.7027,0.857,0,2130,none,0,0.4489,1.5239381294792955,0,7.5720514898047105e-06,pass,[]
txn_003693,2025-01-19T15:32:06,payer_00302,payee_04320,115.13,qr,15,0.0,0.0,0.0,2,186.68,0.617,3192,-0.48,A,1,0.9666,0.409,1,1291,none,0,-0.096,-1.376135351180919,1,9.463894173563728e-06,pass,"[{'id': 'fast_approval', 'label': 'Approval given suspiciously fast', 'detail': 'The user approved this in under 2 seconds — too fast to read the amount, the payee name, or the direction of the request.'}]"
txn_002069,2025-01-11T15:00:29,payer_00190,payee_02720,1507.21,send,15,0.0,1.0,0.0,0,827.78,1.821,10686,0.5987,A,1,0.5553,0.9136,1,904,none,0,0.5197,-0.6325906895169116,0,6.163691346647628e-06,pass,[]
txn_000469,2025-01-03T23:02:18,payer_01433,payee_01954,34.57,send,23,1.0,0.0,0.0,8,282.4,0.122,8491,-2.0754,B,0,0.9913,0.1651,1,12532,timeout,0,-0.0151,-0.6290214431773682,0,1.8151302841032537e-06,pass,"[{'id': 'odd_hour', 'label': 'Transaction at an unusual hour', 'detail': 'This transaction is happening between 21:00 and 08:00 local time — scammers often call late at night when the victim is tired or distracted.'}]"
txn_003846,2025-01-20T11:37:41,payer_00073,payee_03477,1715.14,send,11,0.0,0.0,1.0,1,2101.89,0.816,26076,-0.2032,B,0,0.906,0.4439,1,10281,declined,0,-0.0406,0.6953418880487348,0,1.1910361532476764e-05,pass,"[{'id': 'high_risk_merchant', 'label': 'Payee flagged as high-risk merchant', 'detail': 'This payee account has prior complaints or is on a high-risk watchlist.'}]"
txn_001350,2025-01-07T08:04:35,payer_01979,payee_04191,227.08,send,8,0.0,1.0,0.0,0,258.97,0.877,5904,-0.1309,B,0,0.8228,0.7669,1,20120,network_error,0,0.3738,-0.9444226648697632,0,7.970350031323109e-07,pass,[]
txn_008655,2025-02-13T22:44:16,payer_01609,payee_00230,1646.51,collect,22,1.0,1.0,0.0,0,910.35,1.809,7050,0.5921,B,1,0.22,0.9746,1,2063,none,1,0.9184,-0.9905102020737826,0,0.9068040631916883,hard_block,"[{'id': 'collect_first_time', 'label': 'Collect request from a first-time payee', 'detail': ""This transaction is a UPI collect request (the payee is asking you to pay them, not the other way round) AND you've never paid this account before. Refund scammers use this exact pattern.""}, {'id': 'odd_hour', 'label': 'Transaction at an unusual hour', 'detail': 'This transaction is happening between 21:00 and 08:00 local time — scammers often call late at night when the victim is tired or distracted.'}]"
txn_004395,2025-01-22T09:19:00,payer_01947,payee_01341,1846.84,send,9,0.0,1.0,0.0,0,1386.71,1.332,42435,0.2864,A,1,0.6867,0.8651,1,1147,none,0,0.4573,1.474088261694736,0,7.449939135806628e-06,pass,[]
txn_006956,2025-02-04T07:15:12,payer_00364,payee_00094,508.21,send,7,1.0,1.0,0.0,0,393.93,1.29,33592,0.2542,A,0,0.3413,0.9572,1,12375,declined,0,0.8508,0.7459581625751158,0,2.1806640030324828e-05,pass,"[{'id': 'odd_hour', 'label': 'Transaction at an unusual hour', 'detail': 'This transaction is happening between 21:00 and 08:00 local time — scammers often call late at night when the victim is tired or distracted.'}]"
txn_010946,2025-02-24T18:34:41,payer_00464,payee_03718,1596.09,send,18,0.0,0.0,0.0,1,1187.95,1.344,41777,0.2951,A,0,0.8775,0.7052,0,25845,network_error,0,0.059,0.9475647449365636,0,1.118315157974868e-05,pass,[]
txn_000247,2025-01-02T16:56:26,payer_00226,payee_02415,142.8,collect,16,0.0,1.0,0.0,0,1148.56,0.124,9824,-2.0787,A,1,0.9936,0.1272,0,1393,none,0,-0.0157,-0.933292774632102,0,0.05581655920164949,pass,"[{'id': 'collect_first_time', 'label': 'Collect request from a first-time payee', 'detail': ""This transaction is a UPI collect request (the payee is asking you to pay them, not the other way round) AND you've never paid this account before. Refund scammers use this exact pattern.""}]"
txn_000993,2025-01-05T19:28:53,payer_00322,payee_03237,83.25,send,19,0.0,1.0,0.0,0,321.53,0.259,3782,-1.3424,A,1,0.9763,0.3213,0,977,none,0,0.1315,-1.0199807492777713,0,2.6941681188882726e-07,pass,[]
txn_000736,2025-01-04T17:58:57,payer_01453,payee_02342,644.68,collect,17,0.0,1.0,0.0,0,475.59,1.356,15377,0.3036,A,1,0.6799,0.8683,1,1342,none,0,0.4607,-0.8998841844182773,0,0.23557145119409606,pass,"[{'id': 'collect_first_time', 'label': 'Collect request from a first-time payee', 'detail': ""This transaction is a UPI collect request (the payee is asking you to pay them, not the other way round) AND you've never paid this account before. Refund scammers use this exact pattern.""}]"
txn_010527,2025-02-22T13:47:08,payer_01533,payee_02808,768.2,send,13,0.0,1.0,0.0,0,1102.42,0.697,39890,-0.3608,A,1,0.8754,0.6948,1,2002,none,0,0.3278,0.9573942972919668,0,2.8548274812982134e-06,pass,[]
txn_002952,2025-01-15T19:01:52,payer_01262,payee_02643,1274.12,send,19,0.0,0.0,0.0,12,748.7,1.702,10038,0.5311,A,0,0.824,0.7773,1,18282,declined,0,0.1062,-0.9629822777861384,0,6.849365558981229e-06,pass,[]
txn_003349,2025-01-17T16:16:20,payer_00325,payee_02387,857.68,collect,16,0.0,1.0,0.0,0,636.92,1.347,16659,0.2972,B,1,0.6825,0.8671,1,781,none,0,0.4594,-0.835635694550649,0,0.2939677620436413,pass,"[{'id': 'collect_first_time', 'label': 'Collect request from a first-time payee', 'detail': ""This transaction is a UPI collect request (the payee is asking you to pay them, not the other way round) AND you've never paid this account before. Refund scammers use this exact pattern.""}]"
txn_004989,2025-01-25T15:48:40,payer_00381,payee_02577,837.78,send,15,0.0,0.0,0.0,6,639.57,1.31,40288,0.2696,A,1,0.8823,0.6966,1,1534,none,0,0.0539,0.8113755489438382,0,4.996980846516722e-06,pass,[]
txn_003705,2025-01-19T13:35:21,payer_00690,payee_02044,567.99,send,13,0.0,1.0,0.0,0,397.65,1.428,25007,0.3558,A,0,0.6592,0.8775,1,22853,declined,0,0.4712,-0.48679940915675,0,2.1552771332461633e-06,pass,[]
txn_009582,2025-02-17T18:42:49,payer_01336,payee_01265,113.58,send,18,0.0,0.0,0.0,6,370.45,0.307,16579,-1.1761,A,1,0.9902,0.1852,0,1799,none,0,-0.2352,-1.6985962766014369,1,8.321952055618841e-06,pass,"[{'id': 'fast_approval', 'label': 'Approval given suspiciously fast', 'detail': 'The user approved this in under 2 seconds — too fast to read the amount, the payee name, or the direction of the request.'}]"
txn_000563,2025-01-03T20:21:24,payer_01965,payee_00919,967.87,send,20,0.0,1.0,0.0,0,607.04,1.594,21470,0.4659,B,1,0.6133,0.8952,0,465,none,0,0.4932,-0.011188566757201,0,3.815804643958648e-06,pass,[]
txn_001722,2025-01-09T11:50:50,payer_01531,payee_00217,268.17,send,11,0.0,1.0,0.0,0,766.85,0.35,11983,-1.0483,B,1,0.9603,0.4311,1,1096,none,0,0.1903,-1.5424107980802746,1,1.3293362656778205e-05,pass,"[{'id': 'fast_approval', 'label': 'Approval given suspiciously fast', 'detail': 'The user approved this in under 2 seconds — too fast to read the amount, the payee name, or the direction of the request.'}]"
txn_004779,2025-01-24T23:35:28,payer_01592,payee_01017,418.32,send,23,1.0,0.0,0.0,7,652.53,0.641,6283,-0.4437,A,1,0.858,0.7291,1,1488,none,0,0.3113,-1.6733277789938783,1,0.00037293129740553337,pass,"[{'id': 'fast_approval', 'label': 'Approval given suspiciously fast', 'detail': 'The user approved this in under 2 seconds — too fast to read the amount, the payee name, or the direction of the request.'}, {'id': 'odd_hour', 'label': 'Transaction at an unusual hour', 'detail': 'This transaction is happening between 21:00 and 08:00 local time — scammers often call late at night when the victim is tired or distracted.'}]"
txn_003000,2025-01-16T17:51:20,payer_00062,payee_00506,277.74,send,17,0.0,1.0,0.0,0,614.19,0.452,23073,-0.7917,A,1,0.9385,0.5333,1,467,none,0,0.2417,-0.0031893526177023,0,9.639791284966293e-07,pass,[]
txn_005253,2025-01-27T13:25:44,payer_00878,payee_00327,607.84,send,13,0.0,1.0,0.0,0,861.47,0.706,38190,-0.3482,A,1,0.8729,0.6991,1,1203,none,0,0.3304,1.1808386850232315,0,2.230703939968631e-06,pass,[]
txn_001576,2025-01-08T11:11:48,payer_01508,payee_01961,721.4,send,11,0.0,0.0,0.0,5,1945.31,0.371,26333,-0.9911,A,1,0.9864,0.234,0,592,none,0,-0.1982,0.5056505006568064,0,4.16702085513769e-06,pass,[]
txn_000073,2025-01-01T15:02:27,payer_00884,payee_02556,2268.87,send,15,0.0,1.0,0.0,0,1183.84,1.917,38569,0.6501,B,1,0.5324,0.9198,1,621,none,0,0.53,0.658555614616462,0,9.542713264690738e-06,pass,[]
txn_010907,2025-02-24T13:35:42,payer_01225,payee_00950,1016.01,send,13,0.0,1.0,0.0,0,579.15,1.754,19318,0.5613,A,1,0.5719,0.9087,0,1376,none,0,0.5123,-0.4262328697057818,0,4.049730648091418e-06,pass,[]
txn_002238,2025-01-12T15:29:59,payer_00802,payee_01255,136.52,send,15,0.0,1.0,0.0,0,198.36,0.688,11488,-0.3714,A,1,0.8774,0.6912,1,1576,none,0,0.3257,-1.596608405096058,1,6.650631727680859e-06,pass,"[{'id': 'fast_approval', 'label': 'Approval given suspiciously fast', 'detail': 'The user approved this in under 2 seconds — too fast to read the amount, the payee name, or the direction of the request.'}]"
txn_003523,2025-01-18T20:06:07,payer_00354,payee_04231,174.16,send,20,0.0,1.0,0.0,0,622.35,0.28,3243,-1.2694,A,1,0.973,0.3473,0,1073,none,0,0.1461,-1.6850399791107202,1,8.410383213589824e-06,pass,"[{'id': 'fast_approval', 'label': 'Approval given suspiciously fast', 'detail': 'The user approved this in under 2 seconds — too fast to read the amount, the payee name, or the direction of the request.'}]"
txn_005664,2025-01-29T13:57:25,payer_00185,payee_04914,36.19,send,13,0.0,0.0,0.0,1,150.95,0.24,4492,-1.4074,A,1,0.9935,0.1357,0,1904,none,0,-0.2815,-1.097845738413782,0,1.9845303612159678e-07,pass,[]
txn_002884,2025-01-15T12:53:49,payer_00176,payee_00464,1948.06,send,12,0.0,1.0,0.0,0,1434.92,1.358,20344,0.3055,B,1,0.6792,0.8686,0,374,none,0,0.4611,-0.5867164692088027,0,7.892568385492504e-06,pass,[]
txn_006851,2025-02-04T13:13:36,payer_00705,payee_00041,1423.72,send,13,0.0,0.0,1.0,10,1039.53,1.37,6249,0.3142,B,1,0.7916,0.6463,0,1783,none,0,0.0628,-1.2772966698528447,1,0.00011602065375979657,pass,"[{'id': 'fast_approval', 'label': 'Approval given suspiciously fast', 'detail': 'The user approved this in under 2 seconds — too fast to read the amount, the payee name, or the direction of the request.'}, {'id': 'high_risk_merchant', 'label': 'Payee flagged as high-risk merchant', 'detail': 'This payee account has prior complaints or is on a high-risk watchlist.'}]"
txn_006501,2025-02-02T14:43:15,payer_00437,payee_03059,408.06,send,14,0.0,0.0,0.0,8,879.44,0.464,23626,-0.7666,A,1,0.9798,0.3044,1,2230,none,0,-0.1533,-0.3997806713224394,0,2.1317607414762814e-06,pass,[]
txn_005890,2025-01-30T15:07:32,payer_00234,payee_03750,1435.31,qr,15,0.0,1.0,0.0,0,913.47,1.571,17622,0.4515,B,1,0.6195,0.8931,1,1544,none,0,0.4903,0.4571980575073422,0,5.778649050380776e-06,pass,[]
txn_008446,2025-02-12T10:21:12,payer_01399,payee_02068,10.0,send,10,0.0,0.0,1.0,6,1166.8,0.009,44322,-4.665,A,1,1.0,0.0006,0,1385,none,0,-0.933,1.010814482196227,0,4.852295115800819e-08,pass,"[{'id': 'high_risk_merchant', 'label': 'Payee flagged as high-risk merchant', 'detail': 'This payee account has prior complaints or is on a high-risk watchlist.'}]"
txn_000079,2025-01-01T13:19:03,payer_00480,payee_04481,1614.58,qr,13,0.0,1.0,0.0,0,1567.67,1.03,33879,0.0295,A,1,0.7768,0.8096,1,1324,none,0,0.4059,0.4914564649492434,0,6.3640274236034055e-06,pass,[]
txn_006427,2025-02-02T17:17:44,payer_01462,payee_00074,1608.28,send,17,0.0,0.0,0.0,5,898.65,1.79,18302,0.5815,B,1,0.8105,0.7909,1,2083,none,0,0.1163,-0.717775148296117,0,1.0453927819857739e-05,pass,[]
txn_010434,2025-02-22T19:03:12,payer_01391,payee_01791,933.08,send,19,0.0,0.0,0.0,3,733.86,1.271,34808,0.2399,A,1,0.8878,0.6865,1,713,none,0,0.048,1.2312074265654105,0,6.015922123854013e-06,pass,[]
txn_002154,2025-01-11T14:56:20,payer_01531,payee_04411,773.75,send,14,0.0,0.0,0.0,9,766.85,1.009,25575,0.0089,A,1,0.923,0.6021,1,1526,none,0,0.0018,0.1273712497968672,0,4.202059259855885e-06,pass,[]
txn_000796,2025-01-04T05:01:04,payer_01885,payee_03835,6392.69,collect,5,1.0,1.0,0.0,0,1112.68,5.745,2028,1.7476,B,1,0.034,0.9959,0,1419,none,1,1.0,-0.93408842849795,0,0.9949391526833326,hard_block,"[{'id': 'collect_first_time', 'label': 'Collect request from a first-time payee', 'detail': ""This transaction is a UPI collect request (the payee is asking you to pay them, not the other way round) AND you've never paid this account before. Refund scammers use this exact pattern.""}, {'id': 'amount_spike', 'label': 'Amount is unusually high for this payer', 'detail': ""This transaction is more than 3x this payer's typical amount. Common in refund scams where the scammer asks for a 'verification' transfer.""}, {'id': 'odd_hour', 'label': 'Transaction at an unusual hour', 'detail': 'This transaction is happening between 21:00 and 08:00 local time — scammers often call late at night when the victim is tired or distracted.'}, {'id': 'high_amount_first_time', 'label': 'High amount + first-time payee combination', 'detail': 'First-time payee + unusually high amount + (collect or QR direction) is the strongest single signal in our historical scam data.'}]"
txn_008552,2025-02-12T17:44:25,payer_00680,payee_01129,583.12,qr,17,0.0,0.0,0.0,4,387.37,1.505,25509,0.4081,A,1,0.8539,0.7414,1,1265,none,0,0.0816,-0.2513194281760877,0,3.6167026359881317e-06,pass,[]
txn_007080,2025-02-05T11:28:31,payer_00528,payee_02276,9241.47,collect,11,0.0,0.0,0.0,6,815.94,11.326,8861,2.426,A,0,0.1339,0.9864,1,14815,bank_down,1,0.2,-0.8535778546559666,0,0.9299657324659816,hard_block,"[{'id': 'amount_spike', 'label': 'Amount is unusually high for this payer', 'detail': ""This transaction is more than 3x this payer's typical amount. Common in refund scams where the scammer asks for a 'verification' transfer.""}]"
txn_003090,2025-01-16T09:55:34,payer_01758,payee_00679,443.33,qr,9,0.0,0.0,0.0,2,230.36,1.924,17782,0.6526,A,1,0.7901,0.8091,1,1443,none,0,0.1305,-0.7465339165960562,0,2.9071434623719122e-06,pass,[]
txn_010605,2025-02-23T21:35:34,payer_01841,payee_00873,177.04,send,21,1.0,0.0,0.0,3,363.73,0.487,38387,-0.7171,A,1,0.9081,0.6347,0,1754,none,0,0.2566,0.8069653661966252,0,1.1479038783589634e-05,pass,"[{'id': 'odd_hour', 'label': 'Transaction at an unusual hour', 'detail': 'This transaction is happening between 21:00 and 08:00 local time — scammers often call late at night when the victim is tired or distracted.'}]"
txn_002519,2025-01-13T04:22:33,payer_01334,payee_01039,4022.87,collect,4,1.0,1.0,0.0,0,588.85,6.832,2874,1.9201,B,1,0.0252,0.9969,0,2169,none,1,1.0,-1.4872595623869518,1,0.9994547447648268,hard_block,"[{'id': 'collect_first_time', 'label': 'Collect request from a first-time payee', 'detail': ""This transaction is a UPI collect request (the payee is asking you to pay them, not the other way round) AND you've never paid this account before. Refund scammers use this exact pattern.""}, {'id': 'amount_spike', 'label': 'Amount is unusually high for this payer', 'detail': ""This transaction is more than 3x this payer's typical amount. Common in refund scams where the scammer asks for a 'verification' transfer.""}, {'id': 'fast_approval', 'label': 'Approval given suspiciously fast', 'detail': 'The user approved this in under 2 seconds — too fast to read the amount, the payee name, or the direction of the request.'}, {'id': 'odd_hour', 'label': 'Transaction at an unusual hour', 'detail': 'This transaction is happening between 21:00 and 08:00 local time — scammers often call late at night when the victim is tired or distracted.'}, {'id': 'high_amount_first_time', 'label': 'High amount + first-time payee combination', 'detail': 'First-time payee + unusually high amount + (collect or QR direction) is the strongest single signal in our historical scam data.'}]"
txn_011603,2025-02-28T09:16:19,payer_01723,payee_03819,10.0,send,9,0.0,0.0,0.0,12,468.31,0.021,33238,-3.7534,A,1,0.9999,0.0037,0,1349,none,0,-0.7507,0.5548420775665901,0,4.129903882394252e-08,pass,[]
txn_005692,2025-01-29T19:56:39,payer_00949,payee_04947,679.53,send,19,0.0,0.0,0.0,5,599.82,1.133,30260,0.1246,A,1,0.9068,0.6455,1,861,none,0,0.0249,0.8139850714090094,0,4.068622081075112e-06,pass,[]
txn_007211,2025-02-06T07:36:52,payer_01325,payee_02975,111.62,qr,7,1.0,0.0,0.0,7,163.14,0.684,34871,-0.3767,B,1,0.8426,0.7498,1,2204,none,0,0.3247,1.1789026755084338,0,6.475825088726252e-06,pass,"[{'id': 'odd_hour', 'label': 'Transaction at an unusual hour', 'detail': 'This transaction is happening between 21:00 and 08:00 local time — scammers often call late at night when the victim is tired or distracted.'}]"
txn_009856,2025-02-19T01:55:50,payer_00469,payee_02629,1202.61,send,1,1.0,0.0,0.0,12,548.93,2.191,31833,0.7833,A,0,0.3989,0.9504,1,9457,network_error,0,0.5567,0.4512137309132734,0,7.57174607547366e-05,pass,"[{'id': 'odd_hour', 'label': 'Transaction at an unusual hour', 'detail': 'This transaction is happening between 21:00 and 08:00 local time — scammers often call late at night when the victim is tired or distracted.'}]"
txn_002715,2025-01-14T15:37:44,payer_00004,payee_00587,570.34,send,15,0.0,0.0,0.0,5,353.85,1.612,36657,0.4763,B,1,0.8379,0.7617,1,2290,none,0,0.0953,0.6380862812474798,0,3.4662646206721327e-06,pass,[]
txn_005227,2025-01-27T14:06:12,payer_00079,payee_02483,294.51,qr,14,0.0,1.0,0.0,0,160.39,1.836,20928,0.6049,B,1,0.5526,0.9143,0,1711,none,0,0.521,0.0119350377763795,0,1.1011064779909653e-06,pass,[]
txn_007785,2025-02-08T21:39:51,payer_00390,payee_01994,620.51,qr,21,1.0,0.0,0.0,6,755.58,0.821,18025,-0.1967,B,1,0.7948,0.7998,1,1869,none,0,0.3607,-0.0686446274930386,0,4.0668805395966625e-05,pass,"[{'id': 'odd_hour', 'label': 'Transaction at an unusual hour', 'detail': 'This transaction is happening between 21:00 and 08:00 local time — scammers often call late at night when the victim is tired or distracted.'}]"
txn_010480,2025-02-22T11:09:18,payer_01637,payee_04437,308.94,send,11,0.0,0.0,0.0,2,346.07,0.893,13087,-0.1131,A,1,0.9372,0.5545,1,601,none,0,-0.0226,-1.136667641872681,0,1.883869139021986e-06,pass,[]
txn_006067,2025-01-31T05:57:55,payer_00914,payee_01028,6873.49,collect,5,1.0,1.0,0.0,0,488.63,14.067,6725,2.6419,B,1,0.007,0.999,0,2106,none,1,1.0,-1.0153712118461005,0,0.9969396400845603,hard_block,"[{'id': 'collect_first_time', 'label': 'Collect request from a first-time payee', 'detail': ""This transaction is a UPI collect request (the payee is asking you to pay them, not the other way round) AND you've never paid this account before. Refund scammers use this exact pattern.""}, {'id': 'amount_spike', 'label': 'Amount is unusually high for this payer', 'detail': ""This transaction is more than 3x this payer's typical amount. Common in refund scams where the scammer asks for a 'verification' transfer.""}, {'id': 'odd_hour', 'label': 'Transaction at an unusual hour', 'detail': 'This transaction is happening between 21:00 and 08:00 local time — scammers often call late at night when the victim is tired or distracted.'}, {'id': 'high_amount_first_time', 'label': 'High amount + first-time payee combination', 'detail': 'First-time payee + unusually high amount + (collect or QR direction) is the strongest single signal in our historical scam data.'}]"
txn_000333,2025-01-02T09:43:25,payer_00308,payee_04117,252.02,send,9,0.0,1.0,0.0,0,244.75,1.03,35443,0.0292,A,1,0.7769,0.8095,0,663,none,0,0.4058,0.8229071972805685,0,8.964809890308835e-07,pass,[]
txn_004411,2025-01-23T11:18:00,payer_00291,payee_02687,246.83,collect,11,0.0,1.0,0.0,0,649.1,0.38,19711,-0.9644,B,0,0.9542,0.4643,1,24492,bank_down,0,0.2071,-0.3039369905054209,0,0.09624662825247704,pass,"[{'id': 'collect_first_time', 'label': 'Collect request from a first-time payee', 'detail': ""This transaction is a UPI collect request (the payee is asking you to pay them, not the other way round) AND you've never paid this account before. Refund scammers use this exact pattern.""}]"
txn_010202,2025-02-21T22:02:59,payer_01965,payee_00919,5926.34,qr,22,1.0,1.0,0.0,0,607.04,9.763,23766,2.2771,B,1,0.0134,0.9982,0,966,none,0,1.0,0.191405670423665,0,0.0017742340779246441,pass,"[{'id': 'amount_spike', 'label': 'Amount is unusually high for this payer', 'detail': ""This transaction is more than 3x this payer's typical amount. Common in refund scams where the scammer asks for a 'verification' transfer.""}, {'id': 'odd_hour', 'label': 'Transaction at an unusual hour', 'detail': 'This transaction is happening between 21:00 and 08:00 local time — scammers often call late at night when the victim is tired or distracted.'}]"
txn_008417,2025-02-12T20:38:10,payer_01116,payee_03576,919.96,send,20,0.0,0.0,0.0,1,1179.65,0.78,28223,-0.2484,B,0,0.9501,0.5006,1,12691,timeout,0,-0.0497,-0.1601151080053625,0,6.070224287165393e-06,pass,[]
txn_010110,2025-02-20T15:09:03,payer_01558,payee_03282,87.39,send,15,0.0,0.0,0.0,11,103.31,0.846,5972,-0.1656,A,1,0.9426,0.5337,1,1907,none,0,-0.0331,-1.085217933504604,0,3.997653485391724e-07,pass,[]
txn_001084,2025-01-06T13:04:22,payer_00949,payee_04947,1232.05,send,13,0.0,1.0,0.0,0,599.82,2.054,27504,0.719,A,0,0.5015,0.9276,1,10406,bank_down,0,0.5438,0.4675362305452235,0,5.041605525409583e-06,pass,[]
txn_005980,2025-01-30T13:20:17,payer_01024,payee_03291,1353.01,qr,13,0.0,1.0,0.0,0,741.42,1.825,18413,0.6009,A,1,0.5544,0.9138,1,1107,none,0,0.5202,-0.4318110054999231,0,5.500643597946947e-06,pass,[]
txn_001472,2025-01-08T20:18:59,payer_00483,payee_00036,1693.49,send,20,0.0,1.0,0.0,0,1474.31,1.149,19877,0.1385,B,0,0.7409,0.835,0,28745,timeout,0,0.4277,1.098019912147103,0,6.734204869278024e-06,pass,[]
txn_000450,2025-01-03T11:40:05,payer_01878,payee_03338,5127.73,qr,11,0.0,1.0,0.0,0,4407.37,1.163,21749,0.1514,B,1,0.7364,0.8378,0,344,none,0,0.4303,0.2974723305936441,0,2.172968845558807e-05,pass,[]
txn_001851,2025-01-10T11:13:56,payer_00366,payee_04005,68.08,qr,11,0.0,1.0,0.0,0,708.82,0.096,43113,-2.3298,A,1,0.9959,0.0889,0,2430,none,0,-0.066,1.0054084090852298,0,2.1658859223499424e-07,pass,[]
txn_010186,2025-02-20T06:24:28,payer_01063,payee_02278,224.36,send,6,1.0,1.0,1.0,0,276.78,0.811,40392,-0.2091,B,0,0.3957,0.8875,0,28810,timeout,0,0.7582,1.3050345690801584,0,9.115671744168824e-06,pass,"[{'id': 'odd_hour', 'label': 'Transaction at an unusual hour', 'detail': 'This transaction is happening between 21:00 and 08:00 local time — scammers often call late at night when the victim is tired or distracted.'}, {'id': 'high_risk_merchant', 'label': 'Payee flagged as high-risk merchant', 'detail': 'This payee account has prior complaints or is on a high-risk watchlist.'}]"
txn_003746,2025-01-19T15:55:54,payer_01351,payee_00126,68.52,send,15,0.0,0.0,0.0,7,201.2,0.341,34873,-1.0677,A,1,0.9881,0.2128,0,1061,none,0,-0.2135,0.2166906655611658,0,3.334325480801624e-07,pass,[]
txn_010419,2025-02-22T17:34:53,payer_01928,payee_03152,1085.83,send,17,0.0,1.0,0.0,0,1248.57,0.87,42425,-0.1395,A,1,0.8251,0.7644,0,1000,none,0,0.3721,1.0244747563574677,0,4.150966494860641e-06,pass,[]
txn_003323,2025-01-17T18:11:38,payer_01875,payee_03330,319.41,qr,18,0.0,0.0,0.0,9,475.72,0.671,30827,-0.3973,A,1,0.9614,0.4413,1,2053,none,0,-0.0795,0.8338583076354952,0,1.6238111861029246e-06,pass,[]
txn_000293,2025-01-02T10:16:41,payer_01983,payee_01661,1157.7,qr,10,0.0,1.0,0.0,0,582.51,1.987,32561,0.686,A,0,0.5163,0.924,1,17926,declined,0,0.5372,1.2567984864808517,0,4.704547253995341e-06,pass,[]
txn_001250,2025-01-07T15:16:10,payer_01051,payee_01559,948.51,send,15,0.0,0.0,0.0,7,1084.92,0.874,44902,-0.1342,B,0,0.9394,0.5462,1,11120,timeout,0,-0.0268,1.0913679619850858,0,5.435052565471256e-06,pass,[]
txn_001145,2025-01-06T18:37:03,payer_01202,payee_04012,288.51,qr,18,0.0,0.0,0.0,9,359.46,0.803,5688,-0.2192,A,1,0.9476,0.5123,1,1217,none,0,-0.0438,0.9999999995895752,0,1.4686782122184726e-06,pass,[]
txn_002455,2025-01-13T10:56:56,payer_01817,payee_01931,1865.6,qr,10,0.0,1.0,0.0,0,1445.51,1.291,29306,0.255,B,1,0.6987,0.8591,1,2135,none,0,0.451,0.6164173112885722,0,7.514045001948632e-06,pass,[]
txn_006178,2025-01-31T14:19:52,payer_00033,payee_01260,1042.38,send,14,0.0,0.0,0.0,8,1020.8,1.021,35378,0.0209,A,1,0.9215,0.6067,1,398,none,0,0.0042,0.7214132046615978,0,5.9031822815327525e-06,pass,[]
txn_003519,2025-01-18T23:00:27,payer_00805,payee_03684,994.74,send,23,1.0,0.0,1.0,5,693.02,1.435,16871,0.361,A,1,0.4379,0.8784,1,1604,none,0,0.4722,-0.6161414915971618,0,7.181477264209543e-05,pass,"[{'id': 'odd_hour', 'label': 'Transaction at an unusual hour', 'detail': 'This transaction is happening between 21:00 and 08:00 local time — scammers often call late at night when the victim is tired or distracted.'}, {'id': 'high_risk_merchant', 'label': 'Payee flagged as high-risk merchant', 'detail': 'This payee account has prior complaints or is on a high-risk watchlist.'}]"
txn_007017,2025-02-05T12:08:43,payer_01401,payee_03351,859.4,send,12,0.0,1.0,0.0,0,837.59,1.026,38154,0.0257,B,1,0.778,0.8086,1,2154,none,0,0.4051,1.0676773357362617,0,3.268712199362409e-06,pass,[]
txn_001953,2025-01-10T23:45:07,payer_01473,payee_02165,621.11,send,23,1.0,1.0,0.0,0,861.02,0.721,5088,-0.3262,B,1,0.5956,0.8983,0,504,none,0,0.7348,-1.0035296920605588,0,2.6170268375690115e-05,pass,"[{'id': 'odd_hour', 'label': 'Transaction at an unusual hour', 'detail': 'This transaction is happening between 21:00 and 08:00 local time — scammers often call late at night when the victim is tired or distracted.'}]"
txn_010400,2025-02-22T11:14:29,payer_01577,payee_01222,346.8,qr,11,0.0,0.0,0.0,6,1224.51,0.283,11482,-1.2595,A,1,0.9916,0.1659,1,2332,none,0,-0.2519,-0.704326852206698,0,1.8688783304151655e-06,pass,[]
txn_011508,2025-02-27T07:25:31,payer_00593,payee_02418,2033.75,send,7,1.0,1.0,0.0,0,1226.15,1.659,16700,0.5057,A,0,0.2478,0.9709,1,15178,network_error,0,0.9011,-0.5201016798157618,0,9.611799531811059e-05,pass,"[{'id': 'odd_hour', 'label': 'Transaction at an unusual hour', 'detail': 'This transaction is happening between 21:00 and 08:00 local time — scammers often call late at night when the victim is tired or distracted.'}]"
txn_008317,2025-02-11T15:02:04,payer_01222,payee_02316,601.93,qr,15,0.0,0.0,0.0,4,518.72,1.16,3325,0.1485,B,1,0.9031,0.6542,1,1624,none,0,0.0297,-1.2246407710031737,1,5.284735139072585e-05,pass,"[{'id': 'fast_approval', 'label': 'Approval given suspiciously fast', 'detail': 'The user approved this in under 2 seconds — too fast to read the amount, the payee name, or the direction of the request.'}]"
txn_006391,2025-02-01T12:31:44,payer_01320,payee_00310,101.16,collect,12,0.0,0.0,0.0,3,325.85,0.31,14896,-1.1629,A,1,0.99,0.1884,0,2281,none,0,-0.2326,0.6516593000898051,0,0.06479393498746525,pass,[]
txn_010556,2025-02-22T09:27:12,payer_00065,payee_04543,312.62,send,9,0.0,0.0,0.0,3,326.4,0.958,18030,-0.043,B,1,0.9294,0.5821,1,740,none,0,-0.0086,-1.3230825113900024,1,2.6860746505498117e-05,pass,"[{'id': 'fast_approval', 'label': 'Approval given suspiciously fast', 'detail': 'The user approved this in under 2 seconds — too fast to read the amount, the payee name, or the direction of the request.'}]"
txn_000852,2025-01-05T12:54:49,payer_00373,payee_02941,6394.25,collect,12,0.0,1.0,0.0,0,2760.65,2.316,1643,0.8397,B,1,0.4473,0.9395,1,1959,none,1,0.5679,-1.0125925609299422,0,0.7852223515082867,pass,"[{'id': 'collect_first_time', 'label': 'Collect request from a first-time payee', 'detail': ""This transaction is a UPI collect request (the payee is asking you to pay them, not the other way round) AND you've never paid this account before. Refund scammers use this exact pattern.""}]"
txn_001494,2025-01-08T17:35:55,payer_01893,payee_04273,675.06,send,17,0.0,1.0,0.0,0,517.39,1.305,30599,0.2655,B,1,0.6947,0.8612,0,469,none,0,0.4531,0.7914765741145103,0,2.5698853216676226e-06,pass,[]
txn_002859,2025-01-15T03:00:01,payer_01503,payee_02588,6334.11,collect,3,1.0,1.0,0.0,0,706.74,8.962,3303,2.1918,B,1,0.0156,0.998,0,516,none,1,1.0,-1.5917911284091228,1,0.9996975078500073,hard_block,"[{'id': 'collect_first_time', 'label': 'Collect request from a first-time payee', 'detail': ""This transaction is a UPI collect request (the payee is asking you to pay them, not the other way round) AND you've never paid this account before. Refund scammers use this exact pattern.""}, {'id': 'amount_spike', 'label': 'Amount is unusually high for this payer', 'detail': ""This transaction is more than 3x this payer's typical amount. Common in refund scams where the scammer asks for a 'verification' transfer.""}, {'id': 'fast_approval', 'label': 'Approval given suspiciously fast', 'detail': 'The user approved this in under 2 seconds — too fast to read the amount, the payee name, or the direction of the request.'}, {'id': 'odd_hour', 'label': 'Transaction at an unusual hour', 'detail': 'This transaction is happening between 21:00 and 08:00 local time — scammers often call late at night when the victim is tired or distracted.'}, {'id': 'high_amount_first_time', 'label': 'High amount + first-time payee combination', 'detail': 'First-time payee + unusually high amount + (collect or QR direction) is the strongest single signal in our historical scam data.'}]"
txn_004345,2025-01-22T01:14:23,payer_01556,payee_01147,3785.9,qr,1,1.0,1.0,0.0,0,815.97,4.64,11523,1.5337,B,1,0.0492,0.9943,0,963,none,0,1.0,-1.1959950496946128,0,0.0008495594194905284,pass,"[{'id': 'amount_spike', 'label': 'Amount is unusually high for this payer', 'detail': ""This transaction is more than 3x this payer's typical amount. Common in refund scams where the scammer asks for a 'verification' transfer.""}, {'id': 'odd_hour', 'label': 'Transaction at an unusual hour', 'detail': 'This transaction is happening between 21:00 and 08:00 local time — scammers often call late at night when the victim is tired or distracted.'}]"
txn_007414,2025-02-07T11:28:26,payer_01178,payee_02361,3268.13,qr,11,0.0,1.0,0.0,0,3370.34,0.97,33172,-0.0308,B,1,0.795,0.7943,1,1346,none,0,0.3938,0.6582465763240124,0,1.3365549468535e-05,pass,[]
txn_010519,2025-02-22T15:51:08,payer_00542,payee_03467,882.1,send,15,0.0,0.0,0.0,3,1417.54,0.622,23652,-0.4739,A,1,0.9662,0.4114,1,1480,none,0,-0.0948,0.4768487348872417,0,5.483111153786954e-06,pass,[]
txn_001805,2025-01-10T12:50:40,payer_01012,payee_03814,583.56,qr,12,0.0,1.0,1.0,0,754.07,0.774,18469,-0.2559,A,1,0.7615,0.6661,1,509,none,0,0.3488,-0.0552814988643468,0,2.1748743409322824e-06,pass,"[{'id': 'high_risk_merchant', 'label': 'Payee flagged as high-risk merchant', 'detail': 'This payee account has prior complaints or is on a high-risk watchlist.'}]"
txn_008530,2025-02-12T12:26:07,payer_00911,payee_01709,1555.34,collect,12,0.0,0.0,0.0,2,1564.66,0.994,37246,-0.006,A,1,0.9249,0.5964,0,2107,none,0,-0.0012,0.90644651118204,0,0.5669642783675042,pass,[]
txn_006739,2025-02-03T10:44:05,payer_00386,payee_04957,10.0,send,10,0.0,0.0,0.0,9,629.12,0.016,28259,-4.048,A,1,0.9999,0.0023,0,1646,none,0,-0.8096,0.7042165774020217,0,4.445163668012177e-08,pass,[]
txn_010379,2025-02-21T11:49:10,payer_01689,payee_02227,1007.04,collect,11,0.0,0.0,0.0,6,644.41,1.563,26987,0.4459,B,1,0.8452,0.7528,1,2186,none,0,0.0892,0.6223275745505489,0,0.4356549370737665,pass,[]
txn_007087,2025-02-05T10:54:28,payer_00398,payee_02852,339.0,send,10,0.0,1.0,0.0,0,2284.69,0.148,4875,-1.9055,A,1,0.9912,0.1613,0,953,none,0,0.0189,-1.4065792397911392,1,1.6841022867210282e-05,pass,"[{'id': 'fast_approval', 'label': 'Approval given suspiciously fast', 'detail': 'The user approved this in under 2 seconds — too fast to read the amount, the payee name, or the direction of the request.'}]"
txn_010834,2025-02-24T14:53:49,payer_00563,payee_03208,253.06,send,14,0.0,0.0,0.0,6,214.72,1.179,26839,0.1636,B,1,0.9007,0.6597,1,905,none,0,0.0327,0.6335452091778311,0,1.4041776164507585e-06,pass,[]
txn_000188,2025-01-01T16:48:36,payer_00976,payee_03159,417.65,send,16,0.0,1.0,0.0,0,311.42,1.341,23620,0.2927,A,1,0.6842,0.8663,1,1034,none,0,0.4585,-0.6174142106791833,0,1.5512753521461753e-06,pass,[]
txn_001123,2025-01-06T19:56:26,payer_00375,payee_04985,298.16,collect,19,0.0,0.0,0.0,1,256.77,1.161,34875,0.1489,A,1,0.9031,0.6544,0,1779,none,0,0.0298,1.0825636812132573,0,0.19143851723577943,pass,[]
txn_011362,2025-02-26T18:52:10,payer_01543,payee_02443,720.38,send,18,0.0,1.0,0.0,0,1116.9,0.645,10558,-0.438,B,0,0.8898,0.668,1,26134,timeout,0,0.3124,-0.2176468224917645,0,2.6604134391061706e-06,pass,[]
txn_011928,2025-03-01T10:08:03,payer_01529,payee_00775,595.94,send,10,0.0,0.0,0.0,10,439.28,1.357,5523,0.3044,A,0,0.8757,0.7083,1,17896,network_error,0,0.0609,-0.954300359305375,0,3.1684937273056443e-06,pass,[]
txn_006586,2025-02-02T15:07:12,payer_00345,payee_03426,376.72,send,15,0.0,0.0,0.0,2,414.96,0.908,14246,-0.0965,A,1,0.9355,0.5611,1,1056,none,0,-0.0193,-0.5784466532985736,0,2.323739231738219e-06,pass,[]
txn_011991,2025-03-01T11:23:34,payer_00143,payee_03361,274.44,send,11,0.0,1.0,0.0,0,271.08,1.012,33823,0.0123,A,1,0.7821,0.8053,1,1260,none,0,0.4025,1.2212812903344163,0,9.797567265761068e-07,pass,[]
txn_009405,2025-02-17T05:07:28,payer_00776,payee_01624,1961.63,collect,5,1.0,1.0,0.0,0,802.28,2.445,1449,0.8933,B,1,0.1409,0.9842,1,1811,none,1,0.9787,-1.1798691921153353,0,0.9236484275996526,hard_block,"[{'id': 'collect_first_time', 'label': 'Collect request from a first-time payee', 'detail': ""This transaction is a UPI collect request (the payee is asking you to pay them, not the other way round) AND you've never paid this account before. Refund scammers use this exact pattern.""}, {'id': 'odd_hour', 'label': 'Transaction at an unusual hour', 'detail': 'This transaction is happening between 21:00 and 08:00 local time — scammers often call late at night when the victim is tired or distracted.'}]"
txn_006757,2025-02-03T17:09:26,payer_00183,payee_03271,2368.88,send,17,0.0,0.0,0.0,2,1764.2,1.343,42066,0.2946,B,0,0.8776,0.705,1,16242,network_error,0,0.0589,0.5560542242696571,0,1.6559459457564753e-05,pass,[]
txn_003706,2025-01-19T23:25:35,payer_00340,payee_03335,3320.45,collect,23,1.0,1.0,0.0,0,2768.62,1.199,20402,0.1817,B,1,0.3712,0.9522,0,1975,none,0,0.8363,0.0627052372602809,0,0.9518933902224594,hard_block,"[{'id': 'collect_first_time', 'label': 'Collect request from a first-time payee', 'detail': ""This transaction is a UPI collect request (the payee is asking you to pay them, not the other way round) AND you've never paid this account before. Refund scammers use this exact pattern.""}, {'id': 'odd_hour', 'label': 'Transaction at an unusual hour', 'detail': 'This transaction is happening between 21:00 and 08:00 local time — scammers often call late at night when the victim is tired or distracted.'}]"
txn_006769,2025-02-03T23:15:11,payer_01889,payee_00409,5101.25,collect,23,1.0,1.0,0.0,0,1234.6,4.132,2710,1.4181,A,0,0.0599,0.9931,1,8557,declined,1,1.0,-0.8665008324264679,0,0.9930331131551688,hard_block,"[{'id': 'collect_first_time', 'label': 'Collect request from a first-time payee', 'detail': ""This transaction is a UPI collect request (the payee is asking you to pay them, not the other way round) AND you've never paid this account before. Refund scammers use this exact pattern.""}, {'id': 'amount_spike', 'label': 'Amount is unusually high for this payer', 'detail': ""This transaction is more than 3x this payer's typical amount. Common in refund scams where the scammer asks for a 'verification' transfer.""}, {'id': 'odd_hour', 'label': 'Transaction at an unusual hour', 'detail': 'This transaction is happening between 21:00 and 08:00 local time — scammers often call late at night when the victim is tired or distracted.'}, {'id': 'high_amount_first_time', 'label': 'High amount + first-time payee combination', 'detail': 'First-time payee + unusually high amount + (collect or QR direction) is the strongest single signal in our historical scam data.'}]"
txn_005292,2025-01-27T15:13:54,payer_00402,payee_01769,131.13,send,15,0.0,1.0,0.0,0,211.59,0.62,16006,-0.4756,B,0,0.8962,0.6546,0,17933,timeout,0,0.3049,-0.7335455525968082,0,4.416680893633252e-07,pass,[]
txn_001594,2025-01-08T08:55:08,payer_00009,payee_01532,439.83,send,8,0.0,1.0,0.0,0,1075.35,0.409,3124,-0.8927,B,0,0.9482,0.4929,1,9925,declined,0,0.2215,-1.2112330865579093,1,2.2461534603868712e-05,pass,"[{'id': 'fast_approval', 'label': 'Approval given suspiciously fast', 'detail': 'The user approved this in under 2 seconds — too fast to read the amount, the payee name, or the direction of the request.'}]"
txn_011731,2025-02-28T08:50:46,payer_01826,payee_02452,135.86,send,8,0.0,0.0,0.0,11,120.27,1.13,44513,0.1209,A,1,0.9074,0.6442,1,1972,none,0,0.0242,1.6903243707603912,0,6.439903330986556e-07,pass,[]
txn_002589,2025-01-13T11:29:53,payer_01520,payee_01931,233.48,send,11,0.0,1.0,0.0,0,280.74,0.832,29209,-0.1836,B,1,0.8362,0.7514,1,891,none,0,0.3633,0.7127858648243235,0,8.187983441863699e-07,pass,[]
txn_000500,2025-01-03T07:45:26,payer_01369,payee_04207,986.75,send,7,1.0,1.0,0.0,0,514.07,1.919,34755,0.6511,B,1,0.2023,0.9768,0,1262,none,0,0.9302,0.9610604139259415,0,4.5377022667594035e-05,pass,"[{'id': 'odd_hour', 'label': 'Transaction at an unusual hour', 'detail': 'This transaction is happening between 21:00 and 08:00 local time — scammers often call late at night when the victim is tired or distracted.'}]"
txn_003599,2025-01-18T06:48:00,payer_01807,payee_03727,256.88,send,6,1.0,1.0,0.0,0,520.65,0.493,16996,-0.7045,A,0,0.7442,0.8282,1,21348,declined,0,0.6591,-0.5785781373575433,0,1.019553099452642e-05,pass,"[{'id': 'odd_hour', 'label': 'Transaction at an unusual hour', 'detail': 'This transaction is happening between 21:00 and 08:00 local time — scammers often call late at night when the victim is tired or distracted.'}]"
txn_000290,2025-01-02T07:36:36,payer_01661,payee_00491,408.77,send,7,1.0,1.0,0.0,0,676.81,0.604,28221,-0.5033,B,1,0.6695,0.8693,1,376,none,0,0.6993,0.741351106505111,0,1.67303883966797e-05,pass,"[{'id': 'odd_hour', 'label': 'Transaction at an unusual hour', 'detail': 'This transaction is happening between 21:00 and 08:00 local time — scammers often call late at night when the victim is tired or distracted.'}]"
txn_005376,2025-01-27T01:31:33,payer_01515,payee_03177,4773.45,send,1,1.0,1.0,0.0,0,707.9,6.743,15535,1.9073,B,1,0.0258,0.9968,0,2221,none,0,1.0,-0.30281606072524,0,0.001209039877099113,pass,"[{'id': 'amount_spike', 'label': 'Amount is unusually high for this payer', 'detail': ""This transaction is more than 3x this payer's typical amount. Common in refund scams where the scammer asks for a 'verification' transfer.""}, {'id': 'odd_hour', 'label': 'Transaction at an unusual hour', 'detail': 'This transaction is happening between 21:00 and 08:00 local time — scammers often call late at night when the victim is tired or distracted.'}]"
txn_011710,2025-02-28T14:37:03,payer_01577,payee_01026,2052.0,send,14,0.0,1.0,0.0,0,1224.51,1.676,11243,0.5159,A,1,0.5918,0.9025,1,1859,none,0,0.5032,-0.7243672787838749,0,8.475790494021946e-06,pass,[]
txn_010791,2025-02-23T17:09:44,payer_00888,payee_04623,108.86,send,17,0.0,1.0,0.0,0,165.26,0.659,14807,-0.4143,A,0,0.8855,0.6763,1,8030,declined,0,0.3171,-1.000692946352971,0,3.641031119943188e-07,pass,[]
txn_002932,2025-01-15T17:35:49,payer_01571,payee_04003,3158.32,send,17,0.0,1.0,0.0,0,2528.71,1.249,6257,0.2223,B,1,0.7109,0.8527,0,1349,none,0,0.4445,-1.1011307409335367,0,1.3077875051321969e-05,pass,[]
txn_003562,2025-01-18T17:28:02,payer_01414,payee_04210,454.18,send,17,0.0,0.0,0.0,8,631.44,0.719,37665,-0.3289,A,1,0.9566,0.4685,1,2339,none,0,-0.0658,1.6923041853076977,0,2.418169126614965e-06,pass,[]
txn_004972,2025-01-25T16:50:29,payer_00808,payee_02908,646.31,send,16,0.0,1.0,0.0,0,554.82,1.165,7244,0.1524,B,1,0.7361,0.8381,0,680,none,0,0.4305,-0.779889798064095,0,2.43687111365051e-06,pass,[]
txn_005272,2025-01-27T17:42:55,payer_00707,payee_03566,1388.79,send,17,0.0,1.0,0.0,0,2045.1,0.679,22000,-0.3868,A,1,0.8804,0.6859,1,1444,none,0,0.3226,0.0046198223508637,0,5.3305253162672634e-06,pass,[]
txn_008526,2025-02-12T18:52:12,payer_00869,payee_01407,1369.5,send,18,0.0,1.0,0.0,0,1081.03,1.267,11737,0.2363,B,1,0.7057,0.8555,1,340,none,0,0.4473,-0.7077183887748628,0,5.413739534891088e-06,pass,[]
txn_003468,2025-01-18T15:36:27,payer_00405,payee_00512,107.35,send,15,0.0,0.0,0.0,8,182.25,0.589,20801,-0.5255,B,0,0.9691,0.3916,1,28838,timeout,0,-0.1051,0.1670449211059728,0,5.267436663345037e-07,pass,[]
txn_000590,2025-01-03T14:59:55,payer_00243,payee_03652,181.9,send,14,0.0,1.0,0.0,0,675.52,0.269,41251,-1.3081,A,1,0.9748,0.3334,1,2151,none,0,0.1384,1.6329365844052712,0,6.116919552820763e-07,pass,[]
txn_003688,2025-01-19T07:54:48,payer_01837,payee_01072,411.64,send,7,1.0,1.0,0.0,0,714.74,0.576,10024,-0.5507,A,0,0.6881,0.8604,1,11534,timeout,0,0.6899,-1.5443583041860809,1,0.00024203558312848607,pass,"[{'id': 'fast_approval', 'label': 'Approval given suspiciously fast', 'detail': 'The user approved this in under 2 seconds — too fast to read the amount, the payee name, or the direction of the request.'}, {'id': 'odd_hour', 'label': 'Transaction at an unusual hour', 'detail': 'This transaction is happening between 21:00 and 08:00 local time — scammers often call late at night when the victim is tired or distracted.'}]"
txn_008600,2025-02-13T13:53:11,payer_01764,payee_03815,455.33,send,13,0.0,1.0,0.0,0,605.46,0.752,18927,-0.2844,B,0,0.8596,0.7201,1,23738,declined,0,0.3431,-0.5820765867756633,0,1.6485007536024107e-06,pass,[]
txn_002271,2025-01-12T14:38:01,payer_01898,payee_02307,142.93,send,14,0.0,1.0,0.0,0,306.1,0.467,8262,-0.7579,B,0,0.9349,0.5467,1,8434,network_error,0,0.2484,-0.85911884710119,0,4.79677067160603e-07,pass,[]
txn_007442,2025-02-07T19:41:08,payer_00301,payee_04519,106.16,collect,19,0.0,1.0,0.0,0,578.79,0.183,34915,-1.6883,A,1,0.9871,0.2139,1,2337,none,0,0.0623,0.2380678913323241,0,0.04164157893820878,pass,"[{'id': 'collect_first_time', 'label': 'Collect request from a first-time payee', 'detail': ""This transaction is a UPI collect request (the payee is asking you to pay them, not the other way round) AND you've never paid this account before. Refund scammers use this exact pattern.""}]"
txn_005822,2025-01-30T13:42:58,payer_00605,payee_03148,40.54,collect,13,0.0,1.0,0.0,0,259.48,0.156,28569,-1.8358,A,1,0.9901,0.1769,0,1673,none,0,0.0328,0.606465945730265,0,0.015683433917792505,pass,"[{'id': 'collect_first_time', 'label': 'Collect request from a first-time payee', 'detail': ""This transaction is a UPI collect request (the payee is asking you to pay them, not the other way round) AND you've never paid this account before. Refund scammers use this exact pattern.""}]"
txn_002769,2025-01-14T01:48:43,payer_00933,payee_04006,8486.37,collect,1,1.0,1.0,0.0,0,367.28,23.106,1600,3.1375,A,0,0.0029,0.9996,1,19969,timeout,1,1.0,-1.3023986578633695,1,0.9998927647230987,hard_block,"[{'id': 'collect_first_time', 'label': 'Collect request from a first-time payee', 'detail': ""This transaction is a UPI collect request (the payee is asking you to pay them, not the other way round) AND you've never paid this account before. Refund scammers use this exact pattern.""}, {'id': 'amount_spike', 'label': 'Amount is unusually high for this payer', 'detail': ""This transaction is more than 3x this payer's typical amount. Common in refund scams where the scammer asks for a 'verification' transfer.""}, {'id': 'fast_approval', 'label': 'Approval given suspiciously fast', 'detail': 'The user approved this in under 2 seconds — too fast to read the amount, the payee name, or the direction of the request.'}, {'id': 'odd_hour', 'label': 'Transaction at an unusual hour', 'detail': 'This transaction is happening between 21:00 and 08:00 local time — scammers often call late at night when the victim is tired or distracted.'}, {'id': 'high_amount_first_time', 'label': 'High amount + first-time payee combination', 'detail': 'First-time payee + unusually high amount + (collect or QR direction) is the strongest single signal in our historical scam data.'}]"
txn_001091,2025-01-06T12:02:08,payer_00928,payee_04193,1246.55,collect,12,0.0,1.0,0.0,0,931.59,1.338,10244,0.291,B,0,0.6849,0.8659,0,20212,timeout,0,0.4582,-0.2206668403876477,0,0.3818357281676712,pass,"[{'id': 'collect_first_time', 'label': 'Collect request from a first-time payee', 'detail': ""This transaction is a UPI collect request (the payee is asking you to pay them, not the other way round) AND you've never paid this account before. Refund scammers use this exact pattern.""}]"
txn_002771,2025-01-14T10:28:15,payer_01617,payee_02056,636.77,collect,10,0.0,0.0,0.0,3,1161.41,0.548,3485,-0.6003,A,1,0.9729,0.3634,1,939,none,0,-0.1201,-1.660261968014654,1,0.8748955222218983,hard_block,"[{'id': 'fast_approval', 'label': 'Approval given suspiciously fast', 'detail': 'The user approved this in under 2 seconds — too fast to read the amount, the payee name, or the direction of the request.'}]"
txn_003254,2025-01-17T00:14:01,payer_01374,payee_04009,6008.58,collect,0,1.0,1.0,0.0,0,724.03,8.299,1905,2.1149,B,1,0.0179,0.9977,0,2295,none,1,1.0,-1.3270517456475397,1,0.9996690653283181,hard_block,"[{'id': 'collect_first_time', 'label': 'Collect request from a first-time payee', 'detail': ""This transaction is a UPI collect request (the payee is asking you to pay them, not the other way round) AND you've never paid this account before. Refund scammers use this exact pattern.""}, {'id': 'amount_spike', 'label': 'Amount is unusually high for this payer', 'detail': ""This transaction is more than 3x this payer's typical amount. Common in refund scams where the scammer asks for a 'verification' transfer.""}, {'id': 'fast_approval', 'label': 'Approval given suspiciously fast', 'detail': 'The user approved this in under 2 seconds — too fast to read the amount, the payee name, or the direction of the request.'}, {'id': 'odd_hour', 'label': 'Transaction at an unusual hour', 'detail': 'This transaction is happening between 21:00 and 08:00 local time — scammers often call late at night when the victim is tired or distracted.'}, {'id': 'high_amount_first_time', 'label': 'High amount + first-time payee combination', 'detail': 'First-time payee + unusually high amount + (collect or QR direction) is the strongest single signal in our historical scam data.'}]"
txn_005053,2025-01-26T14:28:31,payer_00419,payee_02926,24.8,send,14,0.0,1.0,0.0,0,73.02,0.34,15511,-1.054,A,1,0.9607,0.4289,0,368,none,0,0.1892,-0.4176615623233747,0,7.743021305869127e-08,pass,[]
txn_008005,2025-02-10T11:11:08,payer_01691,payee_02089,85.78,send,11,0.0,0.0,1.0,10,562.93,0.152,32796,-1.8716,B,0,0.9949,0.0524,1,22056,declined,0,-0.3743,0.4285248665111331,0,3.9327305965537e-07,pass,"[{'id': 'high_risk_merchant', 'label': 'Payee flagged as high-risk merchant', 'detail': 'This payee account has prior complaints or is on a high-risk watchlist.'}]"
txn_000777,2025-01-04T18:45:24,payer_00540,payee_04592,821.64,send,18,0.0,1.0,0.0,0,443.26,1.854,22160,0.6161,B,1,0.5476,0.9157,0,2073,none,0,0.5232,0.1097466108658791,0,3.252982147028192e-06,pass,[]
txn_009431,2025-02-17T15:50:39,payer_00430,payee_00642,681.69,send,15,0.0,0.0,0.0,5,374.76,1.819,12433,0.5971,A,1,0.8062,0.795,1,708,none,0,0.1194,-0.3311306767596061,0,4.228997397153071e-06,pass,[]
txn_000299,2025-01-02T19:47:33,payer_00699,payee_00095,441.68,send,19,0.0,1.0,0.0,0,447.06,0.988,28848,-0.0121,B,1,0.7895,0.7991,1,370,none,0,0.3976,0.4705067805825182,0,1.6159275655471854e-06,pass,[]
txn_009883,2025-02-19T14:22:17,payer_01636,payee_02717,375.54,qr,14,0.0,0.0,0.0,1,357.93,1.049,12004,0.0479,A,0,0.9179,0.6169,1,12792,network_error,0,0.0096,-0.8903063732259237,0,2.3910538109628086e-06,pass,[]
txn_001090,2025-01-06T13:41:52,payer_01466,payee_02187,403.33,qr,13,0.0,1.0,0.0,0,406.68,0.992,34408,-0.0083,B,1,0.7883,0.8001,1,367,none,0,0.3983,0.840065268430626,0,1.4686156811087023e-06,pass,[]
txn_001194,2025-01-06T10:24:06,payer_01429,payee_04968,956.14,send,10,0.0,1.0,0.0,0,584.74,1.635,39378,0.4911,A,1,0.6025,0.899,1,911,none,0,0.4982,0.7110810779165534,0,3.7749420660729706e-06,pass,[]
txn_008180,2025-02-10T06:49:48,payer_00469,payee_03036,52.46,send,6,1.0,1.0,1.0,0,548.93,0.096,38910,-2.3309,B,1,0.9676,0.2093,1,1392,none,0,0.3338,1.0578129850541445,0,1.919761326923017e-06,pass,"[{'id': 'odd_hour', 'label': 'Transaction at an unusual hour', 'detail': 'This transaction is happening between 21:00 and 08:00 local time — scammers often call late at night when the victim is tired or distracted.'}, {'id': 'high_risk_merchant', 'label': 'Payee flagged as high-risk merchant', 'detail': 'This payee account has prior complaints or is on a high-risk watchlist.'}]"
txn_005465,2025-01-28T16:58:30,payer_01433,payee_02276,293.41,send,16,0.0,1.0,0.0,0,282.4,1.039,9166,0.0381,B,1,0.7741,0.8117,1,1044,none,0,0.4076,-0.5725450566191448,0,1.0526902060737378e-06,pass,[]
txn_008741,2025-02-13T18:27:04,payer_01314,payee_04782,752.36,send,18,0.0,0.0,0.0,2,544.61,1.381,25407,0.3226,A,1,0.8721,0.7143,1,699,none,0,0.0645,0.2977446169554603,0,4.940028580841846e-06,pass,[]
txn_000532,2025-01-03T21:06:22,payer_01024,payee_02146,493.47,send,21,1.0,0.0,0.0,12,741.42,0.666,40744,-0.4064,A,1,0.8496,0.7407,1,595,none,0,0.3187,1.3548800383797848,0,2.7333733073810928e-05,pass,"[{'id': 'odd_hour', 'label': 'Transaction at an unusual hour', 'detail': 'This transaction is happening between 21:00 and 08:00 local time — scammers often call late at night when the victim is tired or distracted.'}]"
txn_003263,2025-01-17T12:55:02,payer_00462,payee_00711,472.6,collect,12,0.0,1.0,0.0,0,225.25,2.098,26536,0.7387,B,1,0.4926,0.9297,1,516,none,0,0.5477,-1.2193064714262627,1,0.7684481710960003,pass,"[{'id': 'collect_first_time', 'label': 'Collect request from a first-time payee', 'detail': ""This transaction is a UPI collect request (the payee is asking you to pay them, not the other way round) AND you've never paid this account before. Refund scammers use this exact pattern.""}, {'id': 'fast_approval', 'label': 'Approval given suspiciously fast', 'detail': 'The user approved this in under 2 seconds — too fast to read the amount, the payee name, or the direction of the request.'}]"
txn_000971,2025-01-05T00:21:01,payer_00283,payee_02183,701.52,send,0,1.0,1.0,0.0,0,556.48,1.261,21102,0.2312,B,1,0.3506,0.9556,0,334,none,0,0.8462,-0.4899777197737874,0,3.05975399864076e-05,pass,"[{'id': 'odd_hour', 'label': 'Transaction at an unusual hour', 'detail': 'This transaction is happening between 21:00 and 08:00 local time — scammers often call late at night when the victim is tired or distracted.'}]"
txn_011380,2025-02-26T12:42:39,payer_00931,payee_04187,471.12,qr,12,0.0,0.0,0.0,6,754.88,0.624,33238,-0.4706,A,1,0.966,0.4126,1,1363,none,0,-0.0941,0.726020340792866,0,2.6273152762255917e-06,pass,[]
txn_004084,2025-01-21T08:00:35,payer_01550,payee_00934,714.38,send,8,0.0,1.0,0.0,0,513.65,1.391,27819,0.3293,B,0,0.6698,0.8729,0,26828,timeout,0,0.4659,0.3683762494504525,0,2.7402548648248267e-06,pass,[]
txn_001113,2025-01-06T13:17:26,payer_01426,payee_03745,151.03,send,13,0.0,1.0,0.0,0,138.52,1.09,32518,0.0859,A,0,0.7587,0.8231,1,17062,timeout,0,0.4172,1.6677413830258851,0,5.248229404269254e-07,pass,[]
txn_003708,2025-01-19T01:29:11,payer_01934,payee_04375,4418.88,collect,1,1.0,1.0,1.0,0,258.59,17.088,5697,2.8348,B,1,0.0027,0.999,0,2288,none,0,1.0,-0.9884934658830892,0,0.9958845502780902,hard_block,"[{'id': 'collect_first_time', 'label': 'Collect request from a first-time payee', 'detail': ""This transaction is a UPI collect request (the payee is asking you to pay them, not the other way round) AND you've never paid this account before. Refund scammers use this exact pattern.""}, {'id': 'amount_spike', 'label': 'Amount is unusually high for this payer', 'detail': ""This transaction is more than 3x this payer's typical amount. Common in refund scams where the scammer asks for a 'verification' transfer.""}, {'id': 'odd_hour', 'label': 'Transaction at an unusual hour', 'detail': 'This transaction is happening between 21:00 and 08:00 local time — scammers often call late at night when the victim is tired or distracted.'}, {'id': 'high_amount_first_time', 'label': 'High amount + first-time payee combination', 'detail': 'First-time payee + unusually high amount + (collect or QR direction) is the strongest single signal in our historical scam data.'}, {'id': 'high_risk_merchant', 'label': 'Payee flagged as high-risk merchant', 'detail': 'This payee account has prior complaints or is on a high-risk watchlist.'}]"
txn_006712,2025-02-03T02:00:42,payer_00665,payee_00405,15232.59,collect,2,1.0,1.0,0.0,0,238.55,63.854,3534,4.1525,B,1,0.0005,0.9999,0,2469,none,1,1.0,-1.1793367145918312,0,0.9998979573168825,hard_block,"[{'id': 'collect_first_time', 'label': 'Collect request from a first-time payee', 'detail': ""This transaction is a UPI collect request (the payee is asking you to pay them, not the other way round) AND you've never paid this account before. Refund scammers use this exact pattern.""}, {'id': 'amount_spike', 'label': 'Amount is unusually high for this payer', 'detail': ""This transaction is more than 3x this payer's typical amount. Common in refund scams where the scammer asks for a 'verification' transfer.""}, {'id': 'odd_hour', 'label': 'Transaction at an unusual hour', 'detail': 'This transaction is happening between 21:00 and 08:00 local time — scammers often call late at night when the victim is tired or distracted.'}, {'id': 'high_amount_first_time', 'label': 'High amount + first-time payee combination', 'detail': 'First-time payee + unusually high amount + (collect or QR direction) is the strongest single signal in our historical scam data.'}]"
txn_001592,2025-01-08T17:29:28,payer_00374,payee_00773,1099.69,qr,17,0.0,1.0,0.0,0,656.25,1.676,11907,0.5156,A,1,0.5919,0.9025,1,1967,none,0,0.5031,-0.40286232331904,0,4.385153791591792e-06,pass,[]
txn_002391,2025-01-12T20:24:17,payer_00354,payee_04052,149.75,send,20,0.0,0.0,0.0,9,622.35,0.241,14208,-1.4195,A,1,0.9937,0.1334,0,1490,none,0,-0.2839,-0.8358548739040286,0,7.157467641387536e-07,pass,[]
txn_007924,2025-02-09T10:53:17,payer_01642,payee_02393,419.89,send,10,0.0,1.0,0.0,0,899.88,0.467,30857,-0.761,A,1,0.9352,0.5455,1,2201,none,0,0.2478,-1.411958140685056,1,2.1452846731138445e-05,pass,"[{'id': 'fast_approval', 'label': 'Approval given suspiciously fast', 'detail': 'The user approved this in under 2 seconds — too fast to read the amount, the payee name, or the direction of the request.'}]"
txn_005885,2025-01-30T07:33:53,payer_00645,payee_03965,1960.67,send,7,1.0,1.0,0.0,0,1051.59,1.864,25563,0.6225,B,1,0.2107,0.9758,1,2335,none,0,0.9245,-1.1406119562289576,0,9.345348907850818e-05,pass,"[{'id': 'odd_hour', 'label': 'Transaction at an unusual hour', 'detail': 'This transaction is happening between 21:00 and 08:00 local time — scammers often call late at night when the victim is tired or distracted.'}]"
txn_007307,2025-02-06T02:18:19,payer_00719,payee_00931,5522.02,collect,2,1.0,1.0,0.0,0,2208.91,2.5,1301,0.916,A,0,0.136,0.9847,1,10622,bank_down,1,0.9832,-1.4928947450135257,1,0.9980842611402145,hard_block,"[{'id': 'collect_first_time', 'label': 'Collect request from a first-time payee', 'detail': ""This transaction is a UPI collect request (the payee is asking you to pay them, not the other way round) AND you've never paid this account before. Refund scammers use this exact pattern.""}, {'id': 'fast_approval', 'label': 'Approval given suspiciously fast', 'detail': 'The user approved this in under 2 seconds — too fast to read the amount, the payee name, or the direction of the request.'}, {'id': 'odd_hour', 'label': 'Transaction at an unusual hour', 'detail': 'This transaction is happening between 21:00 and 08:00 local time — scammers often call late at night when the victim is tired or distracted.'}]"
txn_005727,2025-01-29T22:44:01,payer_01661,payee_00491,2452.05,collect,22,1.0,1.0,0.0,0,676.81,3.623,18707,1.2862,B,1,0.0748,0.9915,0,1739,none,0,1.0,-0.2887233962389875,0,0.984620014145528,hard_block,"[{'id': 'collect_first_time', 'label': 'Collect request from a first-time payee', 'detail': ""This transaction is a UPI collect request (the payee is asking you to pay them, not the other way round) AND you've never paid this account before. Refund scammers use this exact pattern.""}, {'id': 'amount_spike', 'label': 'Amount is unusually high for this payer', 'detail': ""This transaction is more than 3x this payer's typical amount. Common in refund scams where the scammer asks for a 'verification' transfer.""}, {'id': 'odd_hour', 'label': 'Transaction at an unusual hour', 'detail': 'This transaction is happening between 21:00 and 08:00 local time — scammers often call late at night when the victim is tired or distracted.'}, {'id': 'high_amount_first_time', 'label': 'High amount + first-time payee combination', 'detail': 'First-time payee + unusually high amount + (collect or QR direction) is the strongest single signal in our historical scam data.'}]"
txn_001082,2025-01-06T14:27:05,payer_01439,payee_00936,778.71,send,14,0.0,0.0,0.0,5,338.54,2.3,9395,0.8313,B,1,0.7318,0.8494,1,1023,none,0,0.1663,-0.7648055849642429,0,4.988816982530599e-06,pass,[]
txn_005641,2025-01-29T14:02:22,payer_01127,payee_00917,903.77,send,14,0.0,0.0,0.0,6,469.89,1.923,11384,0.6531,B,1,0.7899,0.8092,1,2094,none,0,0.1306,-0.8236149084927541,0,5.587026328360768e-06,pass,[]
txn_003445,2025-01-18T14:51:24,payer_01919,payee_00015,372.64,send,14,0.0,0.0,0.0,6,390.49,0.954,40650,-0.0467,A,1,0.9298,0.5806,1,2231,none,0,-0.0093,1.4082084358147489,0,2.0868127962182244e-06,pass,[]
txn_011688,2025-02-28T13:22:57,payer_01664,payee_02876,757.02,send,13,0.0,1.0,0.0,0,512.78,1.476,25744,0.3889,B,1,0.6456,0.8831,1,1631,none,0,0.4778,-0.0964345387733507,0,2.9259842262003883e-06,pass,[]
txn_008177,2025-02-10T20:37:33,payer_00902,payee_03656,110.17,qr,20,0.0,1.0,0.0,0,371.69,0.296,9509,-1.2097,B,0,0.97,0.3692,1,20796,network_error,0,0.1581,-0.7861774556521183,0,3.6186946837924616e-07,pass,[]
txn_008863,2025-02-14T19:14:51,payer_01224,payee_00599,1160.29,send,19,0.0,0.0,0.0,9,913.71,1.27,32929,0.2387,A,1,0.888,0.6861,0,2276,none,0,0.0477,0.5278170425987734,0,6.533132300777585e-06,pass,[]
txn_002020,2025-01-11T06:37:46,payer_01451,payee_04687,1297.43,send,6,1.0,1.0,0.0,0,712.27,1.822,23737,0.599,A,1,0.2178,0.9749,1,2324,none,0,0.9198,-0.2746949665764733,0,6.028663208692205e-05,pass,"[{'id': 'odd_hour', 'label': 'Transaction at an unusual hour', 'detail': 'This transaction is happening between 21:00 and 08:00 local time — scammers often call late at night when the victim is tired or distracted.'}]"
txn_009736,2025-02-18T11:00:41,payer_00889,payee_00475,1538.65,send,11,0.0,1.0,0.0,0,988.22,1.557,6491,0.4424,A,1,0.6233,0.8917,1,805,none,0,0.4885,-1.1946202138906536,0,6.214577015912445e-06,pass,[]
txn_001803,2025-01-10T12:18:46,payer_00563,payee_03208,164.43,send,12,0.0,0.0,0.0,9,214.72,0.766,7872,-0.2654,A,1,0.9516,0.4938,1,950,none,0,-0.0531,-0.8283102631428407,0,8.112580743586435e-07,pass,[]
txn_011633,2025-02-28T06:32:49,payer_01119,payee_04320,349.49,collect,6,1.0,0.0,0.0,1,1193.41,0.293,4952,-1.2261,A,1,0.9611,0.4349,0,2194,none,0,0.1548,-1.0020701016928122,0,0.7541371539811271,pass,"[{'id': 'odd_hour', 'label': 'Transaction at an unusual hour', 'detail': 'This transaction is happening between 21:00 and 08:00 local time — scammers often call late at night when the victim is tired or distracted.'}]"
txn_004098,2025-01-21T18:29:52,payer_01234,payee_03305,854.44,collect,18,0.0,0.0,0.0,9,711.91,1.2,4265,0.1823,B,1,0.8977,0.6663,1,900,none,0,0.0365,-1.5208551301673845,1,0.8948527179795499,hard_block,"[{'id': 'fast_approval', 'label': 'Approval given suspiciously fast', 'detail': 'The user approved this in under 2 seconds — too fast to read the amount, the payee name, or the direction of the request.'}]"
txn_004889,2025-01-25T20:52:56,payer_01214,payee_00953,1059.4,send,20,0.0,1.0,0.0,0,1577.3,0.672,6484,-0.3977,A,1,0.8825,0.6822,1,2068,none,0,0.3205,-1.4558837070621296,1,5.758235241439417e-05,pass,"[{'id': 'fast_approval', 'label': 'Approval given suspiciously fast', 'detail': 'The user approved this in under 2 seconds — too fast to read the amount, the payee name, or the direction of the request.'}]"
txn_008563,2025-02-12T16:32:28,payer_00721,payee_01121,564.54,send,16,0.0,0.0,0.0,2,447.53,1.261,22218,0.2318,A,1,0.8892,0.6837,1,1062,none,0,0.0464,-0.0537659161131923,0,3.625686221867271e-06,pass,[]
txn_002759,2025-01-14T14:24:26,payer_01719,payee_04401,357.46,collect,14,0.0,1.0,0.0,0,299.13,1.195,41479,0.1776,B,1,0.7272,0.8435,0,2272,none,0,0.4355,1.0616557775567848,0,0.14093771063093932,pass,"[{'id': 'collect_first_time', 'label': 'Collect request from a first-time payee', 'detail': ""This transaction is a UPI collect request (the payee is asking you to pay them, not the other way round) AND you've never paid this account before. Refund scammers use this exact pattern.""}]"
txn_001642,2025-01-09T18:36:34,payer_01897,payee_02885,3006.75,send,18,0.0,1.0,0.0,0,1928.02,1.559,34517,0.4442,B,1,0.6226,0.8919,1,1795,none,0,0.4888,1.7024979814344583,0,1.2615226166338946e-05,pass,[]
txn_010363,2025-02-21T04:24:46,payer_01702,payee_00022,14422.46,collect,4,1.0,0.0,0.0,11,1029.23,14.013,38727,2.6391,B,1,0.023,0.9973,0,1148,none,1,0.6,1.297499870958556,0,0.9959729531542613,hard_block,"[{'id': 'amount_spike', 'label': 'Amount is unusually high for this payer', 'detail': ""This transaction is more than 3x this payer's typical amount. Common in refund scams where the scammer asks for a 'verification' transfer.""}, {'id': 'odd_hour', 'label': 'Transaction at an unusual hour', 'detail': 'This transaction is happening between 21:00 and 08:00 local time — scammers often call late at night when the victim is tired or distracted.'}]"
txn_008757,2025-02-13T09:08:05,payer_01125,payee_04968,1550.52,qr,9,0.0,0.0,0.0,9,860.79,1.801,11422,0.588,A,1,0.8087,0.7926,1,2102,none,0,0.1176,-0.7884122902528597,0,9.120073404113168e-06,pass,[]
txn_008661,2025-02-13T15:22:04,payer_01150,payee_02933,1757.51,collect,15,0.0,0.0,0.0,5,821.17,2.14,21460,0.7603,A,1,0.7561,0.8343,0,1724,none,0,0.1521,-0.0636367670682567,0,0.5947783811767849,pass,[]
txn_007481,2025-02-07T10:55:06,payer_00064,payee_01599,1005.7,send,10,0.0,0.0,0.0,8,489.44,2.055,30275,0.7191,A,1,0.7695,0.825,1,2303,none,0,0.1438,0.3855976630464446,0,5.994734763530943e-06,pass,[]
txn_004643,2025-01-24T17:41:12,payer_01825,payee_03682,1634.78,send,17,0.0,1.0,0.0,0,852.47,1.918,29529,0.6506,B,1,0.5322,0.9199,1,1391,none,0,0.5301,0.819474857071821,0,6.749747984445944e-06,pass,[]
txn_008261,2025-02-11T16:51:43,payer_00651,payee_00357,3023.24,qr,16,0.0,1.0,0.0,0,1889.12,1.6,40009,0.47,B,1,0.6116,0.8959,0,495,none,0,0.494,0.8857924661322625,0,1.271515816617934e-05,pass,[]
txn_005386,2025-01-27T05:47:33,payer_01842,payee_03400,607.51,qr,5,1.0,0.0,0.0,2,1148.51,0.529,37444,-0.6361,B,1,0.8952,0.6642,1,1748,none,0,0.2728,1.2747456171447769,0,4.322886049810259e-05,pass,"[{'id': 'odd_hour', 'label': 'Transaction at an unusual hour', 'detail': 'This transaction is happening between 21:00 and 08:00 local time — scammers often call late at night when the victim is tired or distracted.'}]"
txn_009360,2025-02-16T07:50:17,payer_01919,payee_00795,301.05,collect,7,1.0,0.0,0.0,7,390.49,0.771,36005,-0.2594,A,1,0.8126,0.7833,1,2103,none,0,0.3481,1.0271614839931746,0,0.6985755504967289,pass,"[{'id': 'odd_hour', 'label': 'Transaction at an unusual hour', 'detail': 'This transaction is happening between 21:00 and 08:00 local time — scammers often call late at night when the victim is tired or distracted.'}]"
txn_002088,2025-01-11T21:38:49,payer_00413,payee_00780,10.0,send,21,1.0,1.0,0.0,0,195.52,0.051,4242,-2.8829,A,1,0.9932,0.1287,0,442,none,0,0.2234,-1.0658281164708638,0,3.549806134511416e-07,pass,"[{'id': 'odd_hour', 'label': 'Transaction at an unusual hour', 'detail': 'This transaction is happening between 21:00 and 08:00 local time — scammers often call late at night when the victim is tired or distracted.'}]"
txn_004007,2025-01-21T10:11:50,payer_00720,payee_04928,15.73,send,10,0.0,1.0,1.0,0,150.15,0.105,12539,-2.201,A,1,0.9906,0.0815,0,1989,none,0,-0.0402,-0.8350464247840766,0,4.9083725303430025e-08,pass,"[{'id': 'high_risk_merchant', 'label': 'Payee flagged as high-risk merchant', 'detail': 'This payee account has prior complaints or is on a high-risk watchlist.'}]"
txn_000046,2025-01-01T16:24:55,payer_01280,payee_02093,2118.2,send,16,0.0,1.0,0.0,0,1732.77,1.222,39267,0.2007,B,0,0.7188,0.8483,1,27812,declined,0,0.4401,1.2200663040879265,0,8.562527540854764e-06,pass,[]
txn_010781,2025-02-23T13:06:55,payer_01010,payee_02548,10.0,send,13,0.0,1.0,0.0,0,370.92,0.027,7193,-3.5208,A,1,0.9995,0.0143,0,2181,none,0,-0.3042,-0.7982078758183891,0,3.094041621447838e-08,pass,[]
txn_001149,2025-01-06T12:50:45,payer_00259,payee_02773,1078.11,collect,12,0.0,0.0,1.0,4,1099.59,0.98,27107,-0.0197,B,1,0.8739,0.5171,1,667,none,0,-0.0039,0.8258628039080891,0,0.4617218493733634,pass,"[{'id': 'high_risk_merchant', 'label': 'Payee flagged as high-risk merchant', 'detail': 'This payee account has prior complaints or is on a high-risk watchlist.'}]"
txn_009186,2025-02-15T12:18:31,payer_00342,payee_03799,3218.51,qr,12,0.0,1.0,0.0,0,214.44,15.009,24324,2.7043,B,1,0.0274,0.9968,0,2045,none,0,0.6,0.0988713561942462,0,0.00010657257684771888,pass,"[{'id': 'amount_spike', 'label': 'Amount is unusually high for this payer', 'detail': ""This transaction is more than 3x this payer's typical amount. Common in refund scams where the scammer asks for a 'verification' transfer.""}]"
